insert into device(id, creation_date, hostname, uuid, device_type, dsnet_id, site_id, approved_through_date, hardware_profile_id, public_key_fingerprint) values (1,"11/11/2015","HP ProLiant DL360p Gen8","7cdbefe8-dc22-42f8-8303-9b33217c26b0","slicestor",1,null,"2015-11-11 11:23:52",null,"b5:a0:d8:4f:f0:bd:1c:bb:d1:09:26:7a:c1:7f:31:19:2b:d2:fa:b1");
insert into hardware_profile (id, creation_date, version, model, model_code, device_id, serial, storage_size, bios_date, bios_version, bmc_firmware, os_drive_name) values (1, 1447187574944,"3.7.0.58","HP ProLiant DL360p Gen8","HP-DL360p",1,"258113122061",104193095770112,"11/11/2015","1.0b-1","3.21 [0x6, 0x0, 0x0, 0x0]","sda");
insert into hardware_profile_disk (id, name, size, hardware_profile_id) values (1,"sdb",3000592982016,1);
insert into hardware_profile_physical_disk (id, uuid, hardware_profile_disk_id, seq, model, firmware, serial, bay)  values (1,"9449fec1-cb2a-45ad-900a-29041b9962cc",1,0,"ST1000NM0011","SN02","SN02",0);
insert into hardware_profile_disk (id, name, size, hardware_profile_id) values (2,"sdc",3000592982016,1);
insert into hardware_profile_physical_disk (id, uuid, hardware_profile_disk_id, seq, model, firmware, serial, bay)  values (2,"2346ac94-7ca2-440b-abcb-1241462e5fbf",2,0,"ST1000NM0011","SN02","SN02",1);
insert into hardware_profile_disk (id, name, size, hardware_profile_id) values (3,"sdd",3000592982016,1);
insert into hardware_profile_physical_disk (id, uuid, hardware_profile_disk_id, seq, model, firmware, serial, bay)  values (3,"b13045b9-9b5b-468c-9ef8-3b07c0aebfe4",3,0,"ST1000NM0011","SN02","SN02",2);
insert into hardware_profile_disk (id, name, size, hardware_profile_id) values (4,"sde",3000592982016,1);
insert into hardware_profile_physical_disk (id, uuid, hardware_profile_disk_id, seq, model, firmware, serial, bay)  values (4,"86c1567e-e0c6-4fe5-88c2-a5b63222f3c3",4,0,"ST1000NM0011","SN02","SN02",3);
insert into hardware_profile_disk (id, name, size, hardware_profile_id) values (5,"sdf",3000592982016,1);
insert into hardware_profile_physical_disk (id, uuid, hardware_profile_disk_id, seq, model, firmware, serial, bay)  values (5,"591de7a7-010f-47b3-89ff-62ac38fd7ac1",5,0,"ST1000NM0011","SN02","SN02",4);
insert into hardware_profile_disk (id, name, size, hardware_profile_id) values (6,"sdg",3000592982016,1);
insert into hardware_profile_physical_disk (id, uuid, hardware_profile_disk_id, seq, model, firmware, serial, bay)  values (6,"ba3e58f9-a305-4c2b-806b-e70bd32af48e",6,0,"ST1000NM0011","SN02","SN02",5);
insert into hardware_profile_disk (id, name, size, hardware_profile_id) values (7,"sdh",3000592982016,1);
insert into hardware_profile_physical_disk (id, uuid, hardware_profile_disk_id, seq, model, firmware, serial, bay)  values (7,"301c7ea8-adba-47ee-b78d-ab86eeee8897",7,0,"ST1000NM0011","SN02","SN02",6);
insert into hardware_profile_disk (id, name, size, hardware_profile_id) values (8,"sdi",3000592982016,1);
insert into hardware_profile_physical_disk (id, uuid, hardware_profile_disk_id, seq, model, firmware, serial, bay)  values (8,"384ec0e9-6d67-4f11-aeff-0ff84c4c75e4",8,0,"ST1000NM0011","SN02","SN02",7);
insert into hardware_profile_disk (id, name, size, hardware_profile_id) values (9,"sdj",3000592982016,1);
insert into hardware_profile_physical_disk (id, uuid, hardware_profile_disk_id, seq, model, firmware, serial, bay)  values (9,"c22dfdb7-d958-4799-8813-bc1814c9bd53",9,0,"ST1000NM0011","SN02","SN02",8);
insert into hardware_profile_disk (id, name, size, hardware_profile_id) values (10,"sdk",3000592982016,1);
insert into hardware_profile_physical_disk (id, uuid, hardware_profile_disk_id, seq, model, firmware, serial, bay)  values (10,"abc29616-4ad1-4b7d-bcaa-e53b280dc6f8",10,0,"ST1000NM0011","SN02","SN02",9);
insert into hardware_profile_disk (id, name, size, hardware_profile_id) values (11,"sdl",3000592982016,1);
insert into hardware_profile_physical_disk (id, uuid, hardware_profile_disk_id, seq, model, firmware, serial, bay)  values (11,"464f90d2-d754-45c1-adc4-2cfd0a5484c2",11,0,"ST1000NM0011","SN02","SN02",10);
insert into hardware_profile_disk (id, name, size, hardware_profile_id) values (12,"sdm",3000592982016,1);
insert into hardware_profile_physical_disk (id, uuid, hardware_profile_disk_id, seq, model, firmware, serial, bay)  values (12,"4a538e66-6dc5-4d0b-965f-53dedcbf50c9",12,0,"ST1000NM0011","SN02","SN02",11);
insert into hardware_profile_disk (id, name, size, hardware_profile_id) values (13,"sdn",3000592982016,1);
insert into hardware_profile_physical_disk (id, uuid, hardware_profile_disk_id, seq, model, firmware, serial, bay)  values (13,"ebd9d374-8026-4924-90ec-9fc86a637921",13,0,"ST1000NM0011","SN02","SN02",12);
insert into hardware_profile_disk (id, name, size, hardware_profile_id) values (14,"sdo",3000592982016,1);
insert into hardware_profile_physical_disk (id, uuid, hardware_profile_disk_id, seq, model, firmware, serial, bay)  values (14,"fa88f83a-fa53-4a1d-a4d2-80eb7646c380",14,0,"ST1000NM0011","SN02","SN02",13);
insert into hardware_profile_disk (id, name, size, hardware_profile_id) values (15,"sdp",3000592982016,1);
insert into hardware_profile_physical_disk (id, uuid, hardware_profile_disk_id, seq, model, firmware, serial, bay)  values (15,"c54e6b5f-1788-4d38-a966-fc9e1af23c05",15,0,"ST1000NM0011","SN02","SN02",14);
insert into hardware_profile_disk (id, name, size, hardware_profile_id) values (16,"sdq",3000592982016,1);
insert into hardware_profile_physical_disk (id, uuid, hardware_profile_disk_id, seq, model, firmware, serial, bay)  values (16,"46bf38bf-39c5-466c-a309-ca801a74ef1f",16,0,"ST1000NM0011","SN02","SN02",15);
insert into hardware_profile_disk (id, name, size, hardware_profile_id) values (17,"sdr",3000592982016,1);
insert into hardware_profile_physical_disk (id, uuid, hardware_profile_disk_id, seq, model, firmware, serial, bay)  values (17,"4a585393-5949-4df0-9961-d138b6a1e1d3",17,0,"ST1000NM0011","SN02","SN02",16);
insert into hardware_profile_disk (id, name, size, hardware_profile_id) values (18,"sds",3000592982016,1);
insert into hardware_profile_physical_disk (id, uuid, hardware_profile_disk_id, seq, model, firmware, serial, bay)  values (18,"4b20d662-71d8-4751-95f0-0adb82f6e9d1",18,0,"ST1000NM0011","SN02","SN02",17);
insert into hardware_profile_disk (id, name, size, hardware_profile_id) values (19,"sdt",3000592982016,1);
insert into hardware_profile_physical_disk (id, uuid, hardware_profile_disk_id, seq, model, firmware, serial, bay)  values (19,"d3ab6130-01fa-4582-805e-63b6cff9ee8e",19,0,"ST1000NM0011","SN02","SN02",18);
insert into hardware_profile_disk (id, name, size, hardware_profile_id) values (20,"sdu",3000592982016,1);
insert into hardware_profile_physical_disk (id, uuid, hardware_profile_disk_id, seq, model, firmware, serial, bay)  values (20,"961881cb-4eaf-47cc-8f24-85aea99b4d60",20,0,"ST1000NM0011","SN02","SN02",19);
insert into hardware_profile_disk (id, name, size, hardware_profile_id) values (21,"sdv",3000592982016,1);
insert into hardware_profile_physical_disk (id, uuid, hardware_profile_disk_id, seq, model, firmware, serial, bay)  values (21,"2c5a4d0b-3399-4c4b-9fb7-24911be4c6db",21,0,"ST1000NM0011","SN02","SN02",20);
insert into hardware_profile_disk (id, name, size, hardware_profile_id) values (22,"sdw",3000592982016,1);
insert into hardware_profile_physical_disk (id, uuid, hardware_profile_disk_id, seq, model, firmware, serial, bay)  values (22,"7e784cbe-c7c0-433e-8ade-8b10632ee09d",22,0,"ST1000NM0011","SN02","SN02",21);
insert into hardware_profile_disk (id, name, size, hardware_profile_id) values (23,"sdx",3000592982016,1);
insert into hardware_profile_physical_disk (id, uuid, hardware_profile_disk_id, seq, model, firmware, serial, bay)  values (23,"a02dafaa-2992-43a9-aec2-a578305d7649",23,0,"ST1000NM0011","SN02","SN02",22);
insert into hardware_profile_disk (id, name, size, hardware_profile_id) values (24,"sdy",3000592982016,1);
insert into hardware_profile_physical_disk (id, uuid, hardware_profile_disk_id, seq, model, firmware, serial, bay)  values (24,"b22cd357-2c98-4fdd-8cd8-0b99027045e9",24,0,"ST1000NM0011","SN02","SN02",23);
insert into hardware_profile_disk (id, name, size, hardware_profile_id) values (25,"sdz",3000592982016,1);
insert into hardware_profile_physical_disk (id, uuid, hardware_profile_disk_id, seq, model, firmware, serial, bay)  values (25,"bdee248e-c667-4712-be27-28cd0e66f389",25,0,"ST1000NM0011","SN02","SN02",24);
insert into hardware_profile_disk (id, name, size, hardware_profile_id) values (26,"sdaa",3000592982016,1);
insert into hardware_profile_physical_disk (id, uuid, hardware_profile_disk_id, seq, model, firmware, serial, bay)  values (26,"4998a7ee-8a19-412d-8647-86fa68e93144",26,0,"ST1000NM0011","SN02","SN02",25);
insert into hardware_profile_disk (id, name, size, hardware_profile_id) values (27,"sdab",3000592982016,1);
insert into hardware_profile_physical_disk (id, uuid, hardware_profile_disk_id, seq, model, firmware, serial, bay)  values (27,"0147ee65-e88f-4c96-8e3f-3ea167fbcce1",27,0,"ST1000NM0011","SN02","SN02",26);
insert into hardware_profile_disk (id, name, size, hardware_profile_id) values (28,"sdac",3000592982016,1);
insert into hardware_profile_physical_disk (id, uuid, hardware_profile_disk_id, seq, model, firmware, serial, bay)  values (28,"9a8ea302-e3e0-4155-a5c8-bb1784e27251",28,0,"ST1000NM0011","SN02","SN02",27);
insert into hardware_profile_disk (id, name, size, hardware_profile_id) values (29,"sdad",3000592982016,1);
insert into hardware_profile_physical_disk (id, uuid, hardware_profile_disk_id, seq, model, firmware, serial, bay)  values (29,"930aa605-106b-497c-b719-3195a6ae6a76",29,0,"ST1000NM0011","SN02","SN02",28);
insert into hardware_profile_disk (id, name, size, hardware_profile_id) values (30,"sdae",3000592982016,1);
insert into hardware_profile_physical_disk (id, uuid, hardware_profile_disk_id, seq, model, firmware, serial, bay)  values (30,"51541668-2789-4391-96c0-cba17bf4081d",30,0,"ST1000NM0011","SN02","SN02",29);
insert into hardware_profile_disk (id, name, size, hardware_profile_id) values (31,"sdaf",3000592982016,1);
insert into hardware_profile_physical_disk (id, uuid, hardware_profile_disk_id, seq, model, firmware, serial, bay)  values (31,"b5895dd1-6f22-4e86-a742-6da7f15ffa60",31,0,"ST1000NM0011","SN02","SN02",30);
insert into hardware_profile_disk (id, name, size, hardware_profile_id) values (32,"sdag",3000592982016,1);
insert into hardware_profile_physical_disk (id, uuid, hardware_profile_disk_id, seq, model, firmware, serial, bay)  values (32,"61d6e3e2-e4f0-4b1d-8762-8c77f94425c9",32,0,"ST1000NM0011","SN02","SN02",31);
insert into hardware_profile_disk (id, name, size, hardware_profile_id) values (33,"sdah",3000592982016,1);
insert into hardware_profile_physical_disk (id, uuid, hardware_profile_disk_id, seq, model, firmware, serial, bay)  values (33,"5b480e60-d465-45b1-90f6-dd485b9dddad",33,0,"ST1000NM0011","SN02","SN02",32);
insert into hardware_profile_disk (id, name, size, hardware_profile_id) values (34,"sdai",3000592982016,1);
insert into hardware_profile_physical_disk (id, uuid, hardware_profile_disk_id, seq, model, firmware, serial, bay)  values (34,"671c375f-0c18-4c70-848a-15bc476e63db",34,0,"ST1000NM0011","SN02","SN02",33);
insert into hardware_profile_disk (id, name, size, hardware_profile_id) values (35,"sdaj",3000592982016,1);
insert into hardware_profile_physical_disk (id, uuid, hardware_profile_disk_id, seq, model, firmware, serial, bay)  values (35,"438b4682-8e51-4739-8615-9cc621035e22",35,0,"ST1000NM0011","SN02","SN02",34);
insert into hardware_profile_disk (id, name, size, hardware_profile_id) values (36,"sdak",3000592982016,1);
insert into hardware_profile_physical_disk (id, uuid, hardware_profile_disk_id, seq, model, firmware, serial, bay)  values (36,"7072783b-9e18-4336-bbcf-39ff4e6e377e",36,0,"ST1000NM0011","SN02","SN02",35);
insert into hardware_profile_disk (id, name, size, hardware_profile_id) values (37,"sdal",3000592982016,1);
insert into hardware_profile_physical_disk (id, uuid, hardware_profile_disk_id, seq, model, firmware, serial, bay)  values (37,"4bd91d5a-c86e-4ae3-9552-416be4f353c7",37,0,"ST1000NM0011","SN02","SN02",36);
insert into hardware_profile_disk (id, name, size, hardware_profile_id) values (38,"sdam",3000592982016,1);
insert into hardware_profile_physical_disk (id, uuid, hardware_profile_disk_id, seq, model, firmware, serial, bay)  values (38,"220b3db5-4794-4882-963c-1dfa043c57a4",38,0,"ST1000NM0011","SN02","SN02",37);
insert into hardware_profile_disk (id, name, size, hardware_profile_id) values (39,"sdan",3000592982016,1);
insert into hardware_profile_physical_disk (id, uuid, hardware_profile_disk_id, seq, model, firmware, serial, bay)  values (39,"53d4e748-6586-4361-829c-432eaa79375a",39,0,"ST1000NM0011","SN02","SN02",38);
insert into hardware_profile_disk (id, name, size, hardware_profile_id) values (40,"sdao",3000592982016,1);
insert into hardware_profile_physical_disk (id, uuid, hardware_profile_disk_id, seq, model, firmware, serial, bay)  values (40,"584ebe16-7186-4542-8fc6-9a73f6af235d",40,0,"ST1000NM0011","SN02","SN02",39);
insert into hardware_profile_disk (id, name, size, hardware_profile_id) values (41,"sdap",3000592982016,1);
insert into hardware_profile_physical_disk (id, uuid, hardware_profile_disk_id, seq, model, firmware, serial, bay)  values (41,"832bee76-797e-4ff5-a1f7-4e200924b24c",41,0,"ST1000NM0011","SN02","SN02",40);
insert into hardware_profile_disk (id, name, size, hardware_profile_id) values (42,"sdaq",3000592982016,1);
insert into hardware_profile_physical_disk (id, uuid, hardware_profile_disk_id, seq, model, firmware, serial, bay)  values (42,"dcdb49e4-6833-442e-ac1f-bff0163184ec",42,0,"ST1000NM0011","SN02","SN02",41);
insert into hardware_profile_disk (id, name, size, hardware_profile_id) values (43,"sdar",3000592982016,1);
insert into hardware_profile_physical_disk (id, uuid, hardware_profile_disk_id, seq, model, firmware, serial, bay)  values (43,"c6b9111c-b8d0-4fb1-bd50-e0e10d871d0e",43,0,"ST1000NM0011","SN02","SN02",42);
insert into hardware_profile_disk (id, name, size, hardware_profile_id) values (44,"sdas",3000592982016,1);
insert into hardware_profile_physical_disk (id, uuid, hardware_profile_disk_id, seq, model, firmware, serial, bay)  values (44,"e55234ce-1880-44fd-a8e7-177db54f1455",44,0,"ST1000NM0011","SN02","SN02",43);
insert into hardware_profile_disk (id, name, size, hardware_profile_id) values (45,"sdat",3000592982016,1);
insert into hardware_profile_physical_disk (id, uuid, hardware_profile_disk_id, seq, model, firmware, serial, bay)  values (45,"3c433879-3b08-4f67-85dd-bd4bd29f2733",45,0,"ST1000NM0011","SN02","SN02",44);
insert into hardware_profile_disk (id, name, size, hardware_profile_id) values (46,"sdau",3000592982016,1);
insert into hardware_profile_physical_disk (id, uuid, hardware_profile_disk_id, seq, model, firmware, serial, bay)  values (46,"b6d5d9cb-5312-4ec5-84f0-541fcac86731",46,0,"ST1000NM0011","SN02","SN02",45);
insert into hardware_profile_disk (id, name, size, hardware_profile_id) values (47,"sdav",3000592982016,1);
insert into hardware_profile_physical_disk (id, uuid, hardware_profile_disk_id, seq, model, firmware, serial, bay)  values (47,"46051c35-363c-4416-90fc-d2212324a328",47,0,"ST1000NM0011","SN02","SN02",46);
insert into hardware_profile_disk (id, name, size, hardware_profile_id) values (48,"sdaw",3000592982016,1);
insert into hardware_profile_physical_disk (id, uuid, hardware_profile_disk_id, seq, model, firmware, serial, bay)  values (48,"b5af5813-28d5-4d35-a6e2-44ab00feb906",48,0,"ST1000NM0011","SN02","SN02",47);
insert into hardware_profile_disk (id, name, size, hardware_profile_id) values (49,"sdax",3000592982016,1);
insert into hardware_profile_physical_disk (id, uuid, hardware_profile_disk_id, seq, model, firmware, serial, bay)  values (49,"97700f87-27a7-4620-88a1-4ed03b90e2ef",49,0,"ST1000NM0011","SN02","SN02",48);
insert into hardware_profile_disk (id, name, size, hardware_profile_id) values (50,"sday",3000592982016,1);
insert into hardware_profile_physical_disk (id, uuid, hardware_profile_disk_id, seq, model, firmware, serial, bay)  values (50,"5b75bc96-4b48-43cf-b524-f565bfb6581b",50,0,"ST1000NM0011","SN02","SN02",49);
insert into hardware_profile_disk (id, name, size, hardware_profile_id) values (51,"sdaz",3000592982016,1);
insert into hardware_profile_physical_disk (id, uuid, hardware_profile_disk_id, seq, model, firmware, serial, bay)  values (51,"4885234d-75a4-4b80-ac4b-11df5490e6d6",51,0,"ST1000NM0011","SN02","SN02",50);
insert into hardware_profile_disk (id, name, size, hardware_profile_id) values (52,"sdba",3000592982016,1);
insert into hardware_profile_physical_disk (id, uuid, hardware_profile_disk_id, seq, model, firmware, serial, bay)  values (52,"e1814d18-29af-42e9-a76a-83b5619db362",52,0,"ST1000NM0011","SN02","SN02",51);
insert into hardware_profile_disk (id, name, size, hardware_profile_id) values (53,"sdbb",3000592982016,1);
insert into hardware_profile_physical_disk (id, uuid, hardware_profile_disk_id, seq, model, firmware, serial, bay)  values (53,"86f35d8a-63fc-48ba-b902-a8e5cbe50c63",53,0,"ST1000NM0011","SN02","SN02",52);
insert into hardware_profile_disk (id, name, size, hardware_profile_id) values (54,"sdbc",3000592982016,1);
insert into hardware_profile_physical_disk (id, uuid, hardware_profile_disk_id, seq, model, firmware, serial, bay)  values (54,"4aee2ba0-83e2-42d6-8833-a31b52e91f0d",54,0,"ST1000NM0011","SN02","SN02",53);
insert into hardware_profile_disk (id, name, size, hardware_profile_id) values (55,"sdbd",3000592982016,1);
insert into hardware_profile_physical_disk (id, uuid, hardware_profile_disk_id, seq, model, firmware, serial, bay)  values (55,"3cbee57f-4170-4060-adeb-cb4f2e598e11",55,0,"ST1000NM0011","SN02","SN02",54);
insert into hardware_profile_disk (id, name, size, hardware_profile_id) values (56,"sdbe",3000592982016,1);
insert into hardware_profile_physical_disk (id, uuid, hardware_profile_disk_id, seq, model, firmware, serial, bay)  values (56,"7194cba2-6cac-491b-b79c-ba06509796fd",56,0,"ST1000NM0011","SN02","SN02",55);
insert into hardware_profile_disk (id, name, size, hardware_profile_id) values (57,"sdbf",3000592982016,1);
insert into hardware_profile_physical_disk (id, uuid, hardware_profile_disk_id, seq, model, firmware, serial, bay)  values (57,"2df74793-e17c-44cd-98ec-f4cc11478ca3",57,0,"ST1000NM0011","SN02","SN02",56);
insert into hardware_profile_disk (id, name, size, hardware_profile_id) values (58,"sdbg",3000592982016,1);
insert into hardware_profile_physical_disk (id, uuid, hardware_profile_disk_id, seq, model, firmware, serial, bay)  values (58,"74e06d21-b1a6-42fd-9744-9a07aa02a6be",58,0,"ST1000NM0011","SN02","SN02",57);
insert into hardware_profile_disk (id, name, size, hardware_profile_id) values (59,"sdbh",3000592982016,1);
insert into hardware_profile_physical_disk (id, uuid, hardware_profile_disk_id, seq, model, firmware, serial, bay)  values (59,"9984dfca-5b1d-4363-97e2-888bc7b319e7",59,0,"ST1000NM0011","SN02","SN02",58);
insert into hardware_profile_disk (id, name, size, hardware_profile_id) values (60,"sdbi",3000592982016,1);
insert into hardware_profile_physical_disk (id, uuid, hardware_profile_disk_id, seq, model, firmware, serial, bay)  values (60,"9bc7a819-c247-458c-b6e3-59189f063750",60,0,"ST1000NM0011","SN02","SN02",59);
insert into hardware_profile_disk (id, name, size, hardware_profile_id) values (61,"sdbj",3000592982016,1);
insert into hardware_profile_physical_disk (id, uuid, hardware_profile_disk_id, seq, model, firmware, serial, bay)  values (61,"e18a7d05-03e5-4604-8188-429ba735cb42",61,0,"ST1000NM0011","SN02","SN02",60);
insert into hardware_profile_disk (id, name, size, hardware_profile_id) values (62,"sdbk",3000592982016,1);
insert into hardware_profile_physical_disk (id, uuid, hardware_profile_disk_id, seq, model, firmware, serial, bay)  values (62,"983a25c7-e0e6-42de-b273-b707680e914c",62,0,"ST1000NM0011","SN02","SN02",61);
insert into hardware_profile_disk (id, name, size, hardware_profile_id) values (63,"sdbl",3000592982016,1);
insert into hardware_profile_physical_disk (id, uuid, hardware_profile_disk_id, seq, model, firmware, serial, bay)  values (63,"884d7b28-8d05-42f0-8349-24912b93975d",63,0,"ST1000NM0011","SN02","SN02",62);
insert into hardware_profile_disk (id, name, size, hardware_profile_id) values (64,"sdbm",3000592982016,1);
insert into hardware_profile_physical_disk (id, uuid, hardware_profile_disk_id, seq, model, firmware, serial, bay)  values (64,"c130264f-bce3-4653-972f-69d13cce02cd",64,0,"ST1000NM0011","SN02","SN02",63);
insert into hardware_profile_disk (id, name, size, hardware_profile_id) values (65,"sdbn",3000592982016,1);
insert into hardware_profile_physical_disk (id, uuid, hardware_profile_disk_id, seq, model, firmware, serial, bay)  values (65,"400efa69-902d-43de-ac75-b45c6aafd376",65,0,"ST1000NM0011","SN02","SN02",64);
insert into hardware_profile_disk (id, name, size, hardware_profile_id) values (66,"sdbo",3000592982016,1);
insert into hardware_profile_physical_disk (id, uuid, hardware_profile_disk_id, seq, model, firmware, serial, bay)  values (66,"5821194f-318b-4009-a4a4-9afb4d7134c5",66,0,"ST1000NM0011","SN02","SN02",65);
insert into hardware_profile_disk (id, name, size, hardware_profile_id) values (67,"sdbp",3000592982016,1);
insert into hardware_profile_physical_disk (id, uuid, hardware_profile_disk_id, seq, model, firmware, serial, bay)  values (67,"ec0cb854-ec59-4566-b0c5-2a450033ae82",67,0,"ST1000NM0011","SN02","SN02",66);
insert into hardware_profile_disk (id, name, size, hardware_profile_id) values (68,"sdbq",3000592982016,1);
insert into hardware_profile_physical_disk (id, uuid, hardware_profile_disk_id, seq, model, firmware, serial, bay)  values (68,"ad084303-1a90-43d8-ae8a-3a557ba41302",68,0,"ST1000NM0011","SN02","SN02",67);
insert into hardware_profile_disk (id, name, size, hardware_profile_id) values (69,"sdbr",3000592982016,1);
insert into hardware_profile_physical_disk (id, uuid, hardware_profile_disk_id, seq, model, firmware, serial, bay)  values (69,"bbd6eefa-3850-405d-bac7-1ecacd71ffed",69,0,"ST1000NM0011","SN02","SN02",68);
insert into hardware_profile_disk (id, name, size, hardware_profile_id) values (70,"sdbs",3000592982016,1);
insert into hardware_profile_physical_disk (id, uuid, hardware_profile_disk_id, seq, model, firmware, serial, bay)  values (70,"3f7fe017-6f2a-41f5-8c50-da3c9350445a",70,0,"ST1000NM0011","SN02","SN02",69);
insert into hardware_profile_disk (id, name, size, hardware_profile_id) values (71,"sdbt",3000592982016,1);
insert into hardware_profile_physical_disk (id, uuid, hardware_profile_disk_id, seq, model, firmware, serial, bay)  values (71,"3a4f4bb5-cb23-4a0b-b4ab-7929f12939d9",71,0,"ST1000NM0011","SN02","SN02",70);
insert into hardware_profile_disk (id, name, size, hardware_profile_id) values (72,"sdbu",3000592982016,1);
insert into hardware_profile_physical_disk (id, uuid, hardware_profile_disk_id, seq, model, firmware, serial, bay)  values (72,"d09314c1-dc03-4c4f-b3d8-4b0d9ee7a9ee",72,0,"ST1000NM0011","SN02","SN02",71);
update device set hardware_profile_id=1 where id=1;
insert into device(id, creation_date, hostname, uuid, device_type, dsnet_id, site_id, approved_through_date, hardware_profile_id, public_key_fingerprint) values (2,"11/11/2015","Slicestor 2000","34d93454-4cbe-45ef-a4bd-b4332a69517b","slicestor",1,null,"2015-11-11 11:23:52",null,"b5:a0:d8:4f:f0:bd:1c:bb:d1:09:26:7a:c1:7f:31:19:2b:d2:fa:b2");
insert into hardware_profile (id, creation_date, version, model, model_code, device_id, serial, storage_size, bios_date, bios_version, bmc_firmware, os_drive_name) values (2, 1447187574944,"3.7.0.58","Slicestor 2000","ss2k",2,"258113122061",104193095770112,"11/11/2015","1.0b-1","3.21 [0x6, 0x0, 0x0, 0x0]","sda");
insert into hardware_profile_disk (id, name, size, hardware_profile_id) values (73,"sdb",3000592982016,2);
insert into hardware_profile_physical_disk (id, uuid, hardware_profile_disk_id, seq, model, firmware, serial, bay)  values (73,"493a3044-66e3-40cd-9900-9d7e98880bc8",73,0,"ST1000NM0011","SN02","SN02",0);
insert into hardware_profile_disk (id, name, size, hardware_profile_id) values (74,"sdc",3000592982016,2);
insert into hardware_profile_physical_disk (id, uuid, hardware_profile_disk_id, seq, model, firmware, serial, bay)  values (74,"8678cfbf-ae08-411e-926e-6993fe182625",74,0,"ST1000NM0011","SN02","SN02",1);
insert into hardware_profile_disk (id, name, size, hardware_profile_id) values (75,"sdd",3000592982016,2);
insert into hardware_profile_physical_disk (id, uuid, hardware_profile_disk_id, seq, model, firmware, serial, bay)  values (75,"9122c7c8-1431-48ab-9dc6-7172c9cb6d59",75,0,"ST1000NM0011","SN02","SN02",2);
update device set hardware_profile_id=2 where id=2;
insert into device(id, creation_date, hostname, uuid, device_type, dsnet_id, site_id, approved_through_date, hardware_profile_id, public_key_fingerprint) values (3,"11/11/2015","Slicestor 2100","f1b11fb5-2641-4899-9224-b4aaff55de61","slicestor",1,null,"2015-11-11 11:23:52",null,"b5:a0:d8:4f:f0:bd:1c:bb:d1:09:26:7a:c1:7f:31:19:2b:d2:fa:b3");
insert into hardware_profile (id, creation_date, version, model, model_code, device_id, serial, storage_size, bios_date, bios_version, bmc_firmware, os_drive_name) values (3, 1447187574944,"3.7.0.58","Slicestor 2100","ss2k1",3,"258113122061",104193095770112,"11/11/2015","1.0b-1","3.21 [0x6, 0x0, 0x0, 0x0]","sda");
insert into hardware_profile_disk (id, name, size, hardware_profile_id) values (76,"sdb",3000592982016,3);
insert into hardware_profile_physical_disk (id, uuid, hardware_profile_disk_id, seq, model, firmware, serial, bay)  values (76,"86ef2442-3e81-4236-a105-e2feb45c3263",76,0,"ST1000NM0011","SN02","SN02",0);
insert into hardware_profile_disk (id, name, size, hardware_profile_id) values (77,"sdc",3000592982016,3);
insert into hardware_profile_physical_disk (id, uuid, hardware_profile_disk_id, seq, model, firmware, serial, bay)  values (77,"e1b9c335-15bc-4582-a76a-50d20b3428da",77,0,"ST1000NM0011","SN02","SN02",1);
insert into hardware_profile_disk (id, name, size, hardware_profile_id) values (78,"sdd",3000592982016,3);
insert into hardware_profile_physical_disk (id, uuid, hardware_profile_disk_id, seq, model, firmware, serial, bay)  values (78,"5f1d9643-2b9d-4eab-8c66-6b122b496d3e",78,0,"ST1000NM0011","SN02","SN02",2);
update device set hardware_profile_id=3 where id=3;
insert into device(id, creation_date, hostname, uuid, device_type, dsnet_id, site_id, approved_through_date, hardware_profile_id, public_key_fingerprint) values (4,"11/11/2015","Slicestor 2104","71090228-1a3f-4b19-855c-7ada43a1a8c4","slicestor",1,null,"2015-11-11 11:23:52",null,"b5:a0:d8:4f:f0:bd:1c:bb:d1:09:26:7a:c1:7f:31:19:2b:d2:fa:b4");
insert into hardware_profile (id, creation_date, version, model, model_code, device_id, serial, storage_size, bios_date, bios_version, bmc_firmware, os_drive_name) values (4, 1447187574944,"3.7.0.58","Slicestor 2104","S2104",4,"258113122061",104193095770112,"11/11/2015","1.0b-1","3.21 [0x6, 0x0, 0x0, 0x0]","sda");
insert into hardware_profile_disk (id, name, size, hardware_profile_id) values (79,"sdb",3000592982016,4);
insert into hardware_profile_physical_disk (id, uuid, hardware_profile_disk_id, seq, model, firmware, serial, bay)  values (79,"4d1e64c3-5e06-4d13-a140-0a3838667831",79,0,"ST1000NM0011","SN02","SN02",0);
insert into hardware_profile_disk (id, name, size, hardware_profile_id) values (80,"sdc",3000592982016,4);
insert into hardware_profile_physical_disk (id, uuid, hardware_profile_disk_id, seq, model, firmware, serial, bay)  values (80,"386c0f1e-07f9-4607-b9bf-e4c1592b2681",80,0,"ST1000NM0011","SN02","SN02",1);
insert into hardware_profile_disk (id, name, size, hardware_profile_id) values (81,"sdd",3000592982016,4);
insert into hardware_profile_physical_disk (id, uuid, hardware_profile_disk_id, seq, model, firmware, serial, bay)  values (81,"2efd1037-1924-4aea-8dc2-987c6968526d",81,0,"ST1000NM0011","SN02","SN02",2);
insert into hardware_profile_disk (id, name, size, hardware_profile_id) values (82,"sde",3000592982016,4);
insert into hardware_profile_physical_disk (id, uuid, hardware_profile_disk_id, seq, model, firmware, serial, bay)  values (82,"2262f1af-a6b9-4450-8b08-c470f5c61d43",82,0,"ST1000NM0011","SN02","SN02",3);
update device set hardware_profile_id=4 where id=4;
insert into device(id, creation_date, hostname, uuid, device_type, dsnet_id, site_id, approved_through_date, hardware_profile_id, public_key_fingerprint) values (5,"11/11/2015","Slicestor 4100","ce09ce37-2431-4c35-84a3-5123fe617413","slicestor",1,null,"2015-11-11 11:23:52",null,"b5:a0:d8:4f:f0:bd:1c:bb:d1:09:26:7a:c1:7f:31:19:2b:d2:fa:b5");
insert into hardware_profile (id, creation_date, version, model, model_code, device_id, serial, storage_size, bios_date, bios_version, bmc_firmware, os_drive_name) values (5, 1447187574944,"3.7.0.58","Slicestor 4100","S4100",5,"258113122061",104193095770112,"11/11/2015","1.0b-1","3.21 [0x6, 0x0, 0x0, 0x0]","sda");
insert into hardware_profile_disk (id, name, size, hardware_profile_id) values (83,"sdb",3000592982016,5);
insert into hardware_profile_physical_disk (id, uuid, hardware_profile_disk_id, seq, model, firmware, serial, bay)  values (83,"e2b9f285-9d31-4466-be23-be7251ef63cc",83,0,"ST1000NM0011","SN02","SN02",0);
insert into hardware_profile_disk (id, name, size, hardware_profile_id) values (84,"sdc",3000592982016,5);
insert into hardware_profile_physical_disk (id, uuid, hardware_profile_disk_id, seq, model, firmware, serial, bay)  values (84,"de165cba-b3e4-4cb1-a34a-a71575c613d8",84,0,"ST1000NM0011","SN02","SN02",1);
insert into hardware_profile_disk (id, name, size, hardware_profile_id) values (85,"sdd",3000592982016,5);
insert into hardware_profile_physical_disk (id, uuid, hardware_profile_disk_id, seq, model, firmware, serial, bay)  values (85,"e61ae11e-0190-49fa-9a9a-d398095d8ddc",85,0,"ST1000NM0011","SN02","SN02",2);
insert into hardware_profile_disk (id, name, size, hardware_profile_id) values (86,"sde",3000592982016,5);
insert into hardware_profile_physical_disk (id, uuid, hardware_profile_disk_id, seq, model, firmware, serial, bay)  values (86,"1a55084b-29a6-45b5-9bce-5aee0d932f85",86,0,"ST1000NM0011","SN02","SN02",3);
insert into hardware_profile_disk (id, name, size, hardware_profile_id) values (87,"sdf",3000592982016,5);
insert into hardware_profile_physical_disk (id, uuid, hardware_profile_disk_id, seq, model, firmware, serial, bay)  values (87,"b803a556-a830-4e06-b760-49c8bef5f6e7",87,0,"ST1000NM0011","SN02","SN02",4);
insert into hardware_profile_disk (id, name, size, hardware_profile_id) values (88,"sdg",3000592982016,5);
insert into hardware_profile_physical_disk (id, uuid, hardware_profile_disk_id, seq, model, firmware, serial, bay)  values (88,"b765c42c-ef12-448f-a11f-450ee5bf8823",88,0,"ST1000NM0011","SN02","SN02",5);
insert into hardware_profile_disk (id, name, size, hardware_profile_id) values (89,"sdh",3000592982016,5);
insert into hardware_profile_physical_disk (id, uuid, hardware_profile_disk_id, seq, model, firmware, serial, bay)  values (89,"1e83c5f1-b5aa-40b8-87a7-dbd3c66798f6",89,0,"ST1000NM0011","SN02","SN02",6);
insert into hardware_profile_disk (id, name, size, hardware_profile_id) values (90,"sdi",3000592982016,5);
insert into hardware_profile_physical_disk (id, uuid, hardware_profile_disk_id, seq, model, firmware, serial, bay)  values (90,"9ed7802a-8bd1-4708-8828-b8d9f0b4e80b",90,0,"ST1000NM0011","SN02","SN02",7);
update device set hardware_profile_id=5 where id=5;
insert into device(id, creation_date, hostname, uuid, device_type, dsnet_id, site_id, approved_through_date, hardware_profile_id, public_key_fingerprint) values (6,"11/11/2015","Slicestor 2200","8d8d294b-1450-4d93-b7f6-c6cc63f0d2da","slicestor",1,null,"2015-11-11 11:23:52",null,"b5:a0:d8:4f:f0:bd:1c:bb:d1:09:26:7a:c1:7f:31:19:2b:d2:fa:b6");
insert into hardware_profile (id, creation_date, version, model, model_code, device_id, serial, storage_size, bios_date, bios_version, bmc_firmware, os_drive_name) values (6, 1447187574944,"3.7.0.58","Slicestor 2200","ss2k2",6,"258113122061",104193095770112,"11/11/2015","1.0b-1","3.21 [0x6, 0x0, 0x0, 0x0]","sda");
insert into hardware_profile_disk (id, name, size, hardware_profile_id) values (91,"sdb",3000592982016,6);
insert into hardware_profile_physical_disk (id, uuid, hardware_profile_disk_id, seq, model, firmware, serial, bay)  values (91,"601f284c-6e05-4027-aac4-f178df22319a",91,0,"ST1000NM0011","SN02","SN02",0);
insert into hardware_profile_disk (id, name, size, hardware_profile_id) values (92,"sdc",3000592982016,6);
insert into hardware_profile_physical_disk (id, uuid, hardware_profile_disk_id, seq, model, firmware, serial, bay)  values (92,"d4507d74-af03-45b2-a20f-22aae0e2004f",92,0,"ST1000NM0011","SN02","SN02",1);
insert into hardware_profile_disk (id, name, size, hardware_profile_id) values (93,"sdd",3000592982016,6);
insert into hardware_profile_physical_disk (id, uuid, hardware_profile_disk_id, seq, model, firmware, serial, bay)  values (93,"9d993208-2360-4eb9-8ae0-6022eadb4a98",93,0,"ST1000NM0011","SN02","SN02",2);
insert into hardware_profile_disk (id, name, size, hardware_profile_id) values (94,"sde",3000592982016,6);
insert into hardware_profile_physical_disk (id, uuid, hardware_profile_disk_id, seq, model, firmware, serial, bay)  values (94,"c92bbc77-cede-402e-bb05-bd8e15a67c53",94,0,"ST1000NM0011","SN02","SN02",3);
insert into hardware_profile_disk (id, name, size, hardware_profile_id) values (95,"sdf",3000592982016,6);
insert into hardware_profile_physical_disk (id, uuid, hardware_profile_disk_id, seq, model, firmware, serial, bay)  values (95,"d817fbaf-5469-4257-bbd9-88685bb74347",95,0,"ST1000NM0011","SN02","SN02",4);
insert into hardware_profile_disk (id, name, size, hardware_profile_id) values (96,"sdg",3000592982016,6);
insert into hardware_profile_physical_disk (id, uuid, hardware_profile_disk_id, seq, model, firmware, serial, bay)  values (96,"d682e3d9-a1a4-4a88-8d25-18c5d9e7a4b8",96,0,"ST1000NM0011","SN02","SN02",5);
insert into hardware_profile_disk (id, name, size, hardware_profile_id) values (97,"sdh",3000592982016,6);
insert into hardware_profile_physical_disk (id, uuid, hardware_profile_disk_id, seq, model, firmware, serial, bay)  values (97,"3fa2ddd0-0277-4303-a864-ebd4fa175bd6",97,0,"ST1000NM0011","SN02","SN02",6);
insert into hardware_profile_disk (id, name, size, hardware_profile_id) values (98,"sdi",3000592982016,6);
insert into hardware_profile_physical_disk (id, uuid, hardware_profile_disk_id, seq, model, firmware, serial, bay)  values (98,"817c9ff5-d008-4df5-ae4d-2cbf42aea846",98,0,"ST1000NM0011","SN02","SN02",7);
insert into hardware_profile_disk (id, name, size, hardware_profile_id) values (99,"sdj",3000592982016,6);
insert into hardware_profile_physical_disk (id, uuid, hardware_profile_disk_id, seq, model, firmware, serial, bay)  values (99,"9f953bc2-bf15-4fee-a8e1-d49134aeb0d4",99,0,"ST1000NM0011","SN02","SN02",8);
insert into hardware_profile_disk (id, name, size, hardware_profile_id) values (100,"sdk",3000592982016,6);
insert into hardware_profile_physical_disk (id, uuid, hardware_profile_disk_id, seq, model, firmware, serial, bay)  values (100,"27272dd6-0913-4d76-86ef-09bc4362a918",100,0,"ST1000NM0011","SN02","SN02",9);
insert into hardware_profile_disk (id, name, size, hardware_profile_id) values (101,"sdl",3000592982016,6);
insert into hardware_profile_physical_disk (id, uuid, hardware_profile_disk_id, seq, model, firmware, serial, bay)  values (101,"e4c048af-5dfe-4b07-a1a6-e3618b9da870",101,0,"ST1000NM0011","SN02","SN02",10);
update device set hardware_profile_id=6 where id=6;
insert into device(id, creation_date, hostname, uuid, device_type, dsnet_id, site_id, approved_through_date, hardware_profile_id, public_key_fingerprint) values (7,"11/11/2015","Slicestor Shutterfly","bd083339-f21b-4077-bb31-6a8fd467e7f8","slicestor",1,null,"2015-11-11 11:23:52",null,"b5:a0:d8:4f:f0:bd:1c:bb:d1:09:26:7a:c1:7f:31:19:2b:d2:fa:b7");
insert into hardware_profile (id, creation_date, version, model, model_code, device_id, serial, storage_size, bios_date, bios_version, bmc_firmware, os_drive_name) values (7, 1447187574944,"3.7.0.58","Slicestor Shutterfly","M17-1",7,"258113122061",104193095770112,"11/11/2015","1.0b-1","3.21 [0x6, 0x0, 0x0, 0x0]","sda");
insert into hardware_profile_disk (id, name, size, hardware_profile_id) values (102,"sdb",3000592982016,7);
insert into hardware_profile_physical_disk (id, uuid, hardware_profile_disk_id, seq, model, firmware, serial, bay)  values (102,"04519a38-b3d1-4264-b404-11805a4e3f50",102,0,"ST1000NM0011","SN02","SN02",0);
insert into hardware_profile_disk (id, name, size, hardware_profile_id) values (103,"sdc",3000592982016,7);
insert into hardware_profile_physical_disk (id, uuid, hardware_profile_disk_id, seq, model, firmware, serial, bay)  values (103,"5b442a72-bc8f-47c2-96ad-5826af96ff2a",103,0,"ST1000NM0011","SN02","SN02",1);
insert into hardware_profile_disk (id, name, size, hardware_profile_id) values (104,"sdd",3000592982016,7);
insert into hardware_profile_physical_disk (id, uuid, hardware_profile_disk_id, seq, model, firmware, serial, bay)  values (104,"e95eca1b-dae2-4252-bb26-7fe62f18f2a5",104,0,"ST1000NM0011","SN02","SN02",2);
insert into hardware_profile_disk (id, name, size, hardware_profile_id) values (105,"sde",3000592982016,7);
insert into hardware_profile_physical_disk (id, uuid, hardware_profile_disk_id, seq, model, firmware, serial, bay)  values (105,"4dfaf9a6-770b-43ea-bad1-0df192f40037",105,0,"ST1000NM0011","SN02","SN02",3);
insert into hardware_profile_disk (id, name, size, hardware_profile_id) values (106,"sdf",3000592982016,7);
insert into hardware_profile_physical_disk (id, uuid, hardware_profile_disk_id, seq, model, firmware, serial, bay)  values (106,"b424227d-a36f-4ecf-b3f2-fcac64304f2d",106,0,"ST1000NM0011","SN02","SN02",4);
insert into hardware_profile_disk (id, name, size, hardware_profile_id) values (107,"sdg",3000592982016,7);
insert into hardware_profile_physical_disk (id, uuid, hardware_profile_disk_id, seq, model, firmware, serial, bay)  values (107,"3d7120d2-fd05-412e-b03a-8c0dae4f4103",107,0,"ST1000NM0011","SN02","SN02",5);
insert into hardware_profile_disk (id, name, size, hardware_profile_id) values (108,"sdh",3000592982016,7);
insert into hardware_profile_physical_disk (id, uuid, hardware_profile_disk_id, seq, model, firmware, serial, bay)  values (108,"c53d90f5-54ed-4575-a3cc-5bb95e342327",108,0,"ST1000NM0011","SN02","SN02",6);
insert into hardware_profile_disk (id, name, size, hardware_profile_id) values (109,"sdi",3000592982016,7);
insert into hardware_profile_physical_disk (id, uuid, hardware_profile_disk_id, seq, model, firmware, serial, bay)  values (109,"f2a14db3-94e3-439a-ab5b-898c1d4d3508",109,0,"ST1000NM0011","SN02","SN02",7);
insert into hardware_profile_disk (id, name, size, hardware_profile_id) values (110,"sdj",3000592982016,7);
insert into hardware_profile_physical_disk (id, uuid, hardware_profile_disk_id, seq, model, firmware, serial, bay)  values (110,"127d95aa-d84e-4227-a6d1-1250d073c9ed",110,0,"ST1000NM0011","SN02","SN02",8);
insert into hardware_profile_disk (id, name, size, hardware_profile_id) values (111,"sdk",3000592982016,7);
insert into hardware_profile_physical_disk (id, uuid, hardware_profile_disk_id, seq, model, firmware, serial, bay)  values (111,"51f42720-0f9c-452c-8aa0-35c8fa3db28b",111,0,"ST1000NM0011","SN02","SN02",9);
insert into hardware_profile_disk (id, name, size, hardware_profile_id) values (112,"sdl",3000592982016,7);
insert into hardware_profile_physical_disk (id, uuid, hardware_profile_disk_id, seq, model, firmware, serial, bay)  values (112,"71b0a263-12bb-4b21-9582-2d4e54128231",112,0,"ST1000NM0011","SN02","SN02",10);
insert into hardware_profile_disk (id, name, size, hardware_profile_id) values (113,"sdm",3000592982016,7);
insert into hardware_profile_physical_disk (id, uuid, hardware_profile_disk_id, seq, model, firmware, serial, bay)  values (113,"ec739c0a-4357-4008-b3fa-e5ea8f336680",113,0,"ST1000NM0011","SN02","SN02",11);
insert into hardware_profile_disk (id, name, size, hardware_profile_id) values (114,"sdn",3000592982016,7);
insert into hardware_profile_physical_disk (id, uuid, hardware_profile_disk_id, seq, model, firmware, serial, bay)  values (114,"85417092-9857-42fb-9c3c-9fe1dc84a0d1",114,0,"ST1000NM0011","SN02","SN02",12);
insert into hardware_profile_disk (id, name, size, hardware_profile_id) values (115,"sdo",3000592982016,7);
insert into hardware_profile_physical_disk (id, uuid, hardware_profile_disk_id, seq, model, firmware, serial, bay)  values (115,"1ab8a2a7-c191-4725-a2ae-6bea22bb2272",115,0,"ST1000NM0011","SN02","SN02",13);
insert into hardware_profile_disk (id, name, size, hardware_profile_id) values (116,"sdp",3000592982016,7);
insert into hardware_profile_physical_disk (id, uuid, hardware_profile_disk_id, seq, model, firmware, serial, bay)  values (116,"c8dc72b2-41bf-47b6-93e1-9500048d6782",116,0,"ST1000NM0011","SN02","SN02",14);
insert into hardware_profile_disk (id, name, size, hardware_profile_id) values (117,"sdq",3000592982016,7);
insert into hardware_profile_physical_disk (id, uuid, hardware_profile_disk_id, seq, model, firmware, serial, bay)  values (117,"1cb3d9d6-fe40-46f4-98dc-095c1408809e",117,0,"ST1000NM0011","SN02","SN02",15);
insert into hardware_profile_disk (id, name, size, hardware_profile_id) values (118,"sdr",3000592982016,7);
insert into hardware_profile_physical_disk (id, uuid, hardware_profile_disk_id, seq, model, firmware, serial, bay)  values (118,"d3bd4e07-15d4-4cb5-81eb-a543201b91f0",118,0,"ST1000NM0011","SN02","SN02",16);
insert into hardware_profile_disk (id, name, size, hardware_profile_id) values (119,"sds",3000592982016,7);
insert into hardware_profile_physical_disk (id, uuid, hardware_profile_disk_id, seq, model, firmware, serial, bay)  values (119,"3842ff66-f610-49d9-9ff2-5c10ffb62c83",119,0,"ST1000NM0011","SN02","SN02",17);
insert into hardware_profile_disk (id, name, size, hardware_profile_id) values (120,"sdt",3000592982016,7);
insert into hardware_profile_physical_disk (id, uuid, hardware_profile_disk_id, seq, model, firmware, serial, bay)  values (120,"5dbe189e-7ec3-45e6-b816-76474856c0fc",120,0,"ST1000NM0011","SN02","SN02",18);
insert into hardware_profile_disk (id, name, size, hardware_profile_id) values (121,"sdu",3000592982016,7);
insert into hardware_profile_physical_disk (id, uuid, hardware_profile_disk_id, seq, model, firmware, serial, bay)  values (121,"247807ba-e85d-4d16-aa14-6b12670ee3ff",121,0,"ST1000NM0011","SN02","SN02",19);
insert into hardware_profile_disk (id, name, size, hardware_profile_id) values (122,"sdv",3000592982016,7);
insert into hardware_profile_physical_disk (id, uuid, hardware_profile_disk_id, seq, model, firmware, serial, bay)  values (122,"4aee1a33-7c7d-406c-98f9-c89ce3e04e8c",122,0,"ST1000NM0011","SN02","SN02",20);
insert into hardware_profile_disk (id, name, size, hardware_profile_id) values (123,"sdw",3000592982016,7);
insert into hardware_profile_physical_disk (id, uuid, hardware_profile_disk_id, seq, model, firmware, serial, bay)  values (123,"e5db3a31-b3b6-40a5-a9b4-2f36e1831078",123,0,"ST1000NM0011","SN02","SN02",21);
insert into hardware_profile_disk (id, name, size, hardware_profile_id) values (124,"sdx",3000592982016,7);
insert into hardware_profile_physical_disk (id, uuid, hardware_profile_disk_id, seq, model, firmware, serial, bay)  values (124,"b8d530de-de13-45ce-a7fe-2e41c191730e",124,0,"ST1000NM0011","SN02","SN02",22);
insert into hardware_profile_disk (id, name, size, hardware_profile_id) values (125,"sdy",3000592982016,7);
insert into hardware_profile_physical_disk (id, uuid, hardware_profile_disk_id, seq, model, firmware, serial, bay)  values (125,"8e9c8b33-f477-4ffd-91b1-d7b4f27dda92",125,0,"ST1000NM0011","SN02","SN02",23);
insert into hardware_profile_disk (id, name, size, hardware_profile_id) values (126,"sdz",3000592982016,7);
insert into hardware_profile_physical_disk (id, uuid, hardware_profile_disk_id, seq, model, firmware, serial, bay)  values (126,"2abe83e3-6a64-455c-b71b-293cd005d112",126,0,"ST1000NM0011","SN02","SN02",24);
insert into hardware_profile_disk (id, name, size, hardware_profile_id) values (127,"sdaa",3000592982016,7);
insert into hardware_profile_physical_disk (id, uuid, hardware_profile_disk_id, seq, model, firmware, serial, bay)  values (127,"4da66ad5-a291-46af-904d-366c93be2e03",127,0,"ST1000NM0011","SN02","SN02",25);
insert into hardware_profile_disk (id, name, size, hardware_profile_id) values (128,"sdab",3000592982016,7);
insert into hardware_profile_physical_disk (id, uuid, hardware_profile_disk_id, seq, model, firmware, serial, bay)  values (128,"ba7b8bd8-c388-40c9-867f-be32280e5207",128,0,"ST1000NM0011","SN02","SN02",26);
insert into hardware_profile_disk (id, name, size, hardware_profile_id) values (129,"sdac",3000592982016,7);
insert into hardware_profile_physical_disk (id, uuid, hardware_profile_disk_id, seq, model, firmware, serial, bay)  values (129,"45db1fd2-4259-47f2-9140-ed1fe5f81b65",129,0,"ST1000NM0011","SN02","SN02",27);
insert into hardware_profile_disk (id, name, size, hardware_profile_id) values (130,"sdad",3000592982016,7);
insert into hardware_profile_physical_disk (id, uuid, hardware_profile_disk_id, seq, model, firmware, serial, bay)  values (130,"31e75d40-d436-4e78-aa6b-c98e50aaa03b",130,0,"ST1000NM0011","SN02","SN02",28);
insert into hardware_profile_disk (id, name, size, hardware_profile_id) values (131,"sdae",3000592982016,7);
insert into hardware_profile_physical_disk (id, uuid, hardware_profile_disk_id, seq, model, firmware, serial, bay)  values (131,"02db6933-6c15-41ce-bd2b-24bc9d95651d",131,0,"ST1000NM0011","SN02","SN02",29);
insert into hardware_profile_disk (id, name, size, hardware_profile_id) values (132,"sdaf",3000592982016,7);
insert into hardware_profile_physical_disk (id, uuid, hardware_profile_disk_id, seq, model, firmware, serial, bay)  values (132,"4a41cd8e-0630-4ed9-8b05-e257c1e07e21",132,0,"ST1000NM0011","SN02","SN02",30);
insert into hardware_profile_disk (id, name, size, hardware_profile_id) values (133,"sdag",3000592982016,7);
insert into hardware_profile_physical_disk (id, uuid, hardware_profile_disk_id, seq, model, firmware, serial, bay)  values (133,"9cf6d4d4-63d4-4743-b340-18f7a8b1439e",133,0,"ST1000NM0011","SN02","SN02",31);
insert into hardware_profile_disk (id, name, size, hardware_profile_id) values (134,"sdah",3000592982016,7);
insert into hardware_profile_physical_disk (id, uuid, hardware_profile_disk_id, seq, model, firmware, serial, bay)  values (134,"2eb6424a-5f86-40ce-8c0e-2ed36a05d842",134,0,"ST1000NM0011","SN02","SN02",32);
insert into hardware_profile_disk (id, name, size, hardware_profile_id) values (135,"sdai",3000592982016,7);
insert into hardware_profile_physical_disk (id, uuid, hardware_profile_disk_id, seq, model, firmware, serial, bay)  values (135,"41f8b023-6a3e-47c0-aabb-3dfbffc17471",135,0,"ST1000NM0011","SN02","SN02",33);
insert into hardware_profile_disk (id, name, size, hardware_profile_id) values (136,"sdaj",3000592982016,7);
insert into hardware_profile_physical_disk (id, uuid, hardware_profile_disk_id, seq, model, firmware, serial, bay)  values (136,"9f59f382-a0bd-4336-8bfc-b1aa4f18da04",136,0,"ST1000NM0011","SN02","SN02",34);
insert into hardware_profile_disk (id, name, size, hardware_profile_id) values (137,"sdak",3000592982016,7);
insert into hardware_profile_physical_disk (id, uuid, hardware_profile_disk_id, seq, model, firmware, serial, bay)  values (137,"f3bdff8f-51a8-44f6-be82-34d198dd452b",137,0,"ST1000NM0011","SN02","SN02",35);
insert into hardware_profile_disk (id, name, size, hardware_profile_id) values (138,"sdal",3000592982016,7);
insert into hardware_profile_physical_disk (id, uuid, hardware_profile_disk_id, seq, model, firmware, serial, bay)  values (138,"3a8a38c2-48ec-4656-9c85-8933d6673ffa",138,0,"ST1000NM0011","SN02","SN02",36);
insert into hardware_profile_disk (id, name, size, hardware_profile_id) values (139,"sdam",3000592982016,7);
insert into hardware_profile_physical_disk (id, uuid, hardware_profile_disk_id, seq, model, firmware, serial, bay)  values (139,"b7b451b5-3d49-4bf9-a97d-8b81ab7d346b",139,0,"ST1000NM0011","SN02","SN02",37);
insert into hardware_profile_disk (id, name, size, hardware_profile_id) values (140,"sdan",3000592982016,7);
insert into hardware_profile_physical_disk (id, uuid, hardware_profile_disk_id, seq, model, firmware, serial, bay)  values (140,"bd3453c8-c641-4876-8985-fdfd9d411267",140,0,"ST1000NM0011","SN02","SN02",38);
insert into hardware_profile_disk (id, name, size, hardware_profile_id) values (141,"sdao",3000592982016,7);
insert into hardware_profile_physical_disk (id, uuid, hardware_profile_disk_id, seq, model, firmware, serial, bay)  values (141,"fcf6e838-4ccf-4969-8b95-ec3f776b4904",141,0,"ST1000NM0011","SN02","SN02",39);
insert into hardware_profile_disk (id, name, size, hardware_profile_id) values (142,"sdap",3000592982016,7);
insert into hardware_profile_physical_disk (id, uuid, hardware_profile_disk_id, seq, model, firmware, serial, bay)  values (142,"7644aca2-863b-40a2-9966-316ecc0b53aa",142,0,"ST1000NM0011","SN02","SN02",40);
insert into hardware_profile_disk (id, name, size, hardware_profile_id) values (143,"sdaq",3000592982016,7);
insert into hardware_profile_physical_disk (id, uuid, hardware_profile_disk_id, seq, model, firmware, serial, bay)  values (143,"5d0c9277-2ed3-46fd-8185-83980d03a062",143,0,"ST1000NM0011","SN02","SN02",41);
insert into hardware_profile_disk (id, name, size, hardware_profile_id) values (144,"sdar",3000592982016,7);
insert into hardware_profile_physical_disk (id, uuid, hardware_profile_disk_id, seq, model, firmware, serial, bay)  values (144,"9b5c34ad-ccff-4ec0-ac93-a6106a99965b",144,0,"ST1000NM0011","SN02","SN02",42);
insert into hardware_profile_disk (id, name, size, hardware_profile_id) values (145,"sdas",3000592982016,7);
insert into hardware_profile_physical_disk (id, uuid, hardware_profile_disk_id, seq, model, firmware, serial, bay)  values (145,"c4283d60-8d5a-4a83-be02-c418763ae880",145,0,"ST1000NM0011","SN02","SN02",43);
insert into hardware_profile_disk (id, name, size, hardware_profile_id) values (146,"sdat",3000592982016,7);
insert into hardware_profile_physical_disk (id, uuid, hardware_profile_disk_id, seq, model, firmware, serial, bay)  values (146,"efff762f-3ce3-435b-a1cf-ff2ce298faef",146,0,"ST1000NM0011","SN02","SN02",44);
update device set hardware_profile_id=7 where id=7;
insert into device(id, creation_date, hostname, uuid, device_type, dsnet_id, site_id, approved_through_date, hardware_profile_id, public_key_fingerprint) values (8,"11/11/2015","Slicestor NDS-4450","7ea1ced4-c591-4d31-9499-6e3a345e3bd9","slicestor",1,null,"2015-11-11 11:23:52",null,"b5:a0:d8:4f:f0:bd:1c:bb:d1:09:26:7a:c1:7f:31:19:2b:d2:fa:b8");
insert into hardware_profile (id, creation_date, version, model, model_code, device_id, serial, storage_size, bios_date, bios_version, bmc_firmware, os_drive_name) values (8, 1447187574944,"3.7.0.58","Slicestor NDS-4450","M17-2",8,"258113122061",104193095770112,"11/11/2015","1.0b-1","3.21 [0x6, 0x0, 0x0, 0x0]","sda");
insert into hardware_profile_disk (id, name, size, hardware_profile_id) values (147,"sdb",3000592982016,8);
insert into hardware_profile_physical_disk (id, uuid, hardware_profile_disk_id, seq, model, firmware, serial, bay)  values (147,"238f2cc2-23a3-422a-96a1-0413d5c3dbfc",147,0,"ST1000NM0011","SN02","SN02",0);
insert into hardware_profile_disk (id, name, size, hardware_profile_id) values (148,"sdc",3000592982016,8);
insert into hardware_profile_physical_disk (id, uuid, hardware_profile_disk_id, seq, model, firmware, serial, bay)  values (148,"3cbcb70b-2a26-45fb-812c-58231dddd18a",148,0,"ST1000NM0011","SN02","SN02",1);
insert into hardware_profile_disk (id, name, size, hardware_profile_id) values (149,"sdd",3000592982016,8);
insert into hardware_profile_physical_disk (id, uuid, hardware_profile_disk_id, seq, model, firmware, serial, bay)  values (149,"bf2edceb-15a6-4db3-94f2-de9387bfd685",149,0,"ST1000NM0011","SN02","SN02",2);
insert into hardware_profile_disk (id, name, size, hardware_profile_id) values (150,"sde",3000592982016,8);
insert into hardware_profile_physical_disk (id, uuid, hardware_profile_disk_id, seq, model, firmware, serial, bay)  values (150,"24765217-53e0-4d29-92e2-840ff50c5c98",150,0,"ST1000NM0011","SN02","SN02",3);
insert into hardware_profile_disk (id, name, size, hardware_profile_id) values (151,"sdf",3000592982016,8);
insert into hardware_profile_physical_disk (id, uuid, hardware_profile_disk_id, seq, model, firmware, serial, bay)  values (151,"372bcfd7-053e-48f6-bfef-a3853872488f",151,0,"ST1000NM0011","SN02","SN02",4);
insert into hardware_profile_disk (id, name, size, hardware_profile_id) values (152,"sdg",3000592982016,8);
insert into hardware_profile_physical_disk (id, uuid, hardware_profile_disk_id, seq, model, firmware, serial, bay)  values (152,"1cf41320-afb9-42f3-afd6-5dbd208ae69d",152,0,"ST1000NM0011","SN02","SN02",5);
insert into hardware_profile_disk (id, name, size, hardware_profile_id) values (153,"sdh",3000592982016,8);
insert into hardware_profile_physical_disk (id, uuid, hardware_profile_disk_id, seq, model, firmware, serial, bay)  values (153,"f1b5c54d-6e26-49fb-8a8d-fa8fc7b99607",153,0,"ST1000NM0011","SN02","SN02",6);
insert into hardware_profile_disk (id, name, size, hardware_profile_id) values (154,"sdi",3000592982016,8);
insert into hardware_profile_physical_disk (id, uuid, hardware_profile_disk_id, seq, model, firmware, serial, bay)  values (154,"cc52f5f3-6a38-4d8b-8519-51d386f85261",154,0,"ST1000NM0011","SN02","SN02",7);
insert into hardware_profile_disk (id, name, size, hardware_profile_id) values (155,"sdj",3000592982016,8);
insert into hardware_profile_physical_disk (id, uuid, hardware_profile_disk_id, seq, model, firmware, serial, bay)  values (155,"bce5780d-74cd-49db-aef3-3e4297b0b8dd",155,0,"ST1000NM0011","SN02","SN02",8);
insert into hardware_profile_disk (id, name, size, hardware_profile_id) values (156,"sdk",3000592982016,8);
insert into hardware_profile_physical_disk (id, uuid, hardware_profile_disk_id, seq, model, firmware, serial, bay)  values (156,"e30bfc26-1bc9-4285-844d-a4ee02affa80",156,0,"ST1000NM0011","SN02","SN02",9);
insert into hardware_profile_disk (id, name, size, hardware_profile_id) values (157,"sdl",3000592982016,8);
insert into hardware_profile_physical_disk (id, uuid, hardware_profile_disk_id, seq, model, firmware, serial, bay)  values (157,"53e1a375-1ab0-483e-9e84-717a5a1220ff",157,0,"ST1000NM0011","SN02","SN02",10);
insert into hardware_profile_disk (id, name, size, hardware_profile_id) values (158,"sdm",3000592982016,8);
insert into hardware_profile_physical_disk (id, uuid, hardware_profile_disk_id, seq, model, firmware, serial, bay)  values (158,"0fdd7c71-ed7d-4df3-bf70-a5594bda61e1",158,0,"ST1000NM0011","SN02","SN02",11);
insert into hardware_profile_disk (id, name, size, hardware_profile_id) values (159,"sdn",3000592982016,8);
insert into hardware_profile_physical_disk (id, uuid, hardware_profile_disk_id, seq, model, firmware, serial, bay)  values (159,"3db8ab94-bf19-401c-af63-71bf7583748c",159,0,"ST1000NM0011","SN02","SN02",12);
insert into hardware_profile_disk (id, name, size, hardware_profile_id) values (160,"sdo",3000592982016,8);
insert into hardware_profile_physical_disk (id, uuid, hardware_profile_disk_id, seq, model, firmware, serial, bay)  values (160,"1c7d7855-702a-4fe6-9b74-8f87470ed178",160,0,"ST1000NM0011","SN02","SN02",13);
insert into hardware_profile_disk (id, name, size, hardware_profile_id) values (161,"sdp",3000592982016,8);
insert into hardware_profile_physical_disk (id, uuid, hardware_profile_disk_id, seq, model, firmware, serial, bay)  values (161,"28311736-a544-4a26-87a4-e41c17fd7981",161,0,"ST1000NM0011","SN02","SN02",14);
insert into hardware_profile_disk (id, name, size, hardware_profile_id) values (162,"sdq",3000592982016,8);
insert into hardware_profile_physical_disk (id, uuid, hardware_profile_disk_id, seq, model, firmware, serial, bay)  values (162,"d5ca5509-c31e-4359-88d7-c974356e8a2b",162,0,"ST1000NM0011","SN02","SN02",15);
insert into hardware_profile_disk (id, name, size, hardware_profile_id) values (163,"sdr",3000592982016,8);
insert into hardware_profile_physical_disk (id, uuid, hardware_profile_disk_id, seq, model, firmware, serial, bay)  values (163,"160a95e4-2a17-4fde-85d1-953fd0e4f14a",163,0,"ST1000NM0011","SN02","SN02",16);
insert into hardware_profile_disk (id, name, size, hardware_profile_id) values (164,"sds",3000592982016,8);
insert into hardware_profile_physical_disk (id, uuid, hardware_profile_disk_id, seq, model, firmware, serial, bay)  values (164,"775e412a-f9ae-49c3-96a6-93695b7bb57b",164,0,"ST1000NM0011","SN02","SN02",17);
insert into hardware_profile_disk (id, name, size, hardware_profile_id) values (165,"sdt",3000592982016,8);
insert into hardware_profile_physical_disk (id, uuid, hardware_profile_disk_id, seq, model, firmware, serial, bay)  values (165,"9eb0afc5-c5c3-485e-a7c6-8a35e9f56750",165,0,"ST1000NM0011","SN02","SN02",18);
insert into hardware_profile_disk (id, name, size, hardware_profile_id) values (166,"sdu",3000592982016,8);
insert into hardware_profile_physical_disk (id, uuid, hardware_profile_disk_id, seq, model, firmware, serial, bay)  values (166,"8c5c7817-9c98-4a75-8d12-c1b35955bada",166,0,"ST1000NM0011","SN02","SN02",19);
insert into hardware_profile_disk (id, name, size, hardware_profile_id) values (167,"sdv",3000592982016,8);
insert into hardware_profile_physical_disk (id, uuid, hardware_profile_disk_id, seq, model, firmware, serial, bay)  values (167,"4c97c041-1497-45ef-97ae-9d490547db4d",167,0,"ST1000NM0011","SN02","SN02",20);
insert into hardware_profile_disk (id, name, size, hardware_profile_id) values (168,"sdw",3000592982016,8);
insert into hardware_profile_physical_disk (id, uuid, hardware_profile_disk_id, seq, model, firmware, serial, bay)  values (168,"002d1d72-0f1c-4bf7-893a-58e4ae7eacb0",168,0,"ST1000NM0011","SN02","SN02",21);
insert into hardware_profile_disk (id, name, size, hardware_profile_id) values (169,"sdx",3000592982016,8);
insert into hardware_profile_physical_disk (id, uuid, hardware_profile_disk_id, seq, model, firmware, serial, bay)  values (169,"7f1e8252-ea40-46bc-885d-8b25cdb3802c",169,0,"ST1000NM0011","SN02","SN02",22);
insert into hardware_profile_disk (id, name, size, hardware_profile_id) values (170,"sdy",3000592982016,8);
insert into hardware_profile_physical_disk (id, uuid, hardware_profile_disk_id, seq, model, firmware, serial, bay)  values (170,"8a60d4fc-1ffe-441c-9623-aad43119e833",170,0,"ST1000NM0011","SN02","SN02",23);
insert into hardware_profile_disk (id, name, size, hardware_profile_id) values (171,"sdz",3000592982016,8);
insert into hardware_profile_physical_disk (id, uuid, hardware_profile_disk_id, seq, model, firmware, serial, bay)  values (171,"d0b8153f-e1cc-4831-b6fe-b64d77967a30",171,0,"ST1000NM0011","SN02","SN02",24);
insert into hardware_profile_disk (id, name, size, hardware_profile_id) values (172,"sdaa",3000592982016,8);
insert into hardware_profile_physical_disk (id, uuid, hardware_profile_disk_id, seq, model, firmware, serial, bay)  values (172,"ac8894de-788f-4ba9-b90a-a4d3616f59cd",172,0,"ST1000NM0011","SN02","SN02",25);
insert into hardware_profile_disk (id, name, size, hardware_profile_id) values (173,"sdab",3000592982016,8);
insert into hardware_profile_physical_disk (id, uuid, hardware_profile_disk_id, seq, model, firmware, serial, bay)  values (173,"99a1b35f-e816-455d-9e5f-250113c09ce8",173,0,"ST1000NM0011","SN02","SN02",26);
insert into hardware_profile_disk (id, name, size, hardware_profile_id) values (174,"sdac",3000592982016,8);
insert into hardware_profile_physical_disk (id, uuid, hardware_profile_disk_id, seq, model, firmware, serial, bay)  values (174,"e60eac4d-d758-4228-a43c-4366f3106d00",174,0,"ST1000NM0011","SN02","SN02",27);
insert into hardware_profile_disk (id, name, size, hardware_profile_id) values (175,"sdad",3000592982016,8);
insert into hardware_profile_physical_disk (id, uuid, hardware_profile_disk_id, seq, model, firmware, serial, bay)  values (175,"1d7c8afc-2770-4efb-8beb-e21a684d9ba7",175,0,"ST1000NM0011","SN02","SN02",28);
insert into hardware_profile_disk (id, name, size, hardware_profile_id) values (176,"sdae",3000592982016,8);
insert into hardware_profile_physical_disk (id, uuid, hardware_profile_disk_id, seq, model, firmware, serial, bay)  values (176,"6cd78786-2cc8-4293-a68d-503e9ac6d032",176,0,"ST1000NM0011","SN02","SN02",29);
insert into hardware_profile_disk (id, name, size, hardware_profile_id) values (177,"sdaf",3000592982016,8);
insert into hardware_profile_physical_disk (id, uuid, hardware_profile_disk_id, seq, model, firmware, serial, bay)  values (177,"52512c89-af08-4bc3-90a3-d2081429b03c",177,0,"ST1000NM0011","SN02","SN02",30);
insert into hardware_profile_disk (id, name, size, hardware_profile_id) values (178,"sdag",3000592982016,8);
insert into hardware_profile_physical_disk (id, uuid, hardware_profile_disk_id, seq, model, firmware, serial, bay)  values (178,"4ef4f13c-435e-49ac-bd11-2b4f7bac6467",178,0,"ST1000NM0011","SN02","SN02",31);
insert into hardware_profile_disk (id, name, size, hardware_profile_id) values (179,"sdah",3000592982016,8);
insert into hardware_profile_physical_disk (id, uuid, hardware_profile_disk_id, seq, model, firmware, serial, bay)  values (179,"51199f5c-e93e-4046-988e-38cce31042de",179,0,"ST1000NM0011","SN02","SN02",32);
insert into hardware_profile_disk (id, name, size, hardware_profile_id) values (180,"sdai",3000592982016,8);
insert into hardware_profile_physical_disk (id, uuid, hardware_profile_disk_id, seq, model, firmware, serial, bay)  values (180,"ad5918f2-e775-4d38-b383-8cbb2ac0ac75",180,0,"ST1000NM0011","SN02","SN02",33);
insert into hardware_profile_disk (id, name, size, hardware_profile_id) values (181,"sdaj",3000592982016,8);
insert into hardware_profile_physical_disk (id, uuid, hardware_profile_disk_id, seq, model, firmware, serial, bay)  values (181,"a25e360f-6288-49b5-b2f6-bd8f0fa90ab6",181,0,"ST1000NM0011","SN02","SN02",34);
insert into hardware_profile_disk (id, name, size, hardware_profile_id) values (182,"sdak",3000592982016,8);
insert into hardware_profile_physical_disk (id, uuid, hardware_profile_disk_id, seq, model, firmware, serial, bay)  values (182,"9768c504-d078-4650-bc77-b13760d26ac8",182,0,"ST1000NM0011","SN02","SN02",35);
insert into hardware_profile_disk (id, name, size, hardware_profile_id) values (183,"sdal",3000592982016,8);
insert into hardware_profile_physical_disk (id, uuid, hardware_profile_disk_id, seq, model, firmware, serial, bay)  values (183,"e9995ee0-94a1-4f90-b36b-aa7730a51fb9",183,0,"ST1000NM0011","SN02","SN02",36);
insert into hardware_profile_disk (id, name, size, hardware_profile_id) values (184,"sdam",3000592982016,8);
insert into hardware_profile_physical_disk (id, uuid, hardware_profile_disk_id, seq, model, firmware, serial, bay)  values (184,"a8105329-07a8-48b8-bfa9-f5c2442a378b",184,0,"ST1000NM0011","SN02","SN02",37);
insert into hardware_profile_disk (id, name, size, hardware_profile_id) values (185,"sdan",3000592982016,8);
insert into hardware_profile_physical_disk (id, uuid, hardware_profile_disk_id, seq, model, firmware, serial, bay)  values (185,"f087fea4-129d-41cc-bed6-d72593431ef9",185,0,"ST1000NM0011","SN02","SN02",38);
insert into hardware_profile_disk (id, name, size, hardware_profile_id) values (186,"sdao",3000592982016,8);
insert into hardware_profile_physical_disk (id, uuid, hardware_profile_disk_id, seq, model, firmware, serial, bay)  values (186,"988e36b6-62b4-436b-b5d8-325fd6999fd2",186,0,"ST1000NM0011","SN02","SN02",39);
insert into hardware_profile_disk (id, name, size, hardware_profile_id) values (187,"sdap",3000592982016,8);
insert into hardware_profile_physical_disk (id, uuid, hardware_profile_disk_id, seq, model, firmware, serial, bay)  values (187,"d2b648a1-0819-4d3d-97b6-a97e8b382b54",187,0,"ST1000NM0011","SN02","SN02",40);
insert into hardware_profile_disk (id, name, size, hardware_profile_id) values (188,"sdaq",3000592982016,8);
insert into hardware_profile_physical_disk (id, uuid, hardware_profile_disk_id, seq, model, firmware, serial, bay)  values (188,"d2a017d5-f348-4184-8488-b6298e2709df",188,0,"ST1000NM0011","SN02","SN02",41);
insert into hardware_profile_disk (id, name, size, hardware_profile_id) values (189,"sdar",3000592982016,8);
insert into hardware_profile_physical_disk (id, uuid, hardware_profile_disk_id, seq, model, firmware, serial, bay)  values (189,"d014f3c4-0b93-4830-8a18-79bf008586f3",189,0,"ST1000NM0011","SN02","SN02",42);
insert into hardware_profile_disk (id, name, size, hardware_profile_id) values (190,"sdas",3000592982016,8);
insert into hardware_profile_physical_disk (id, uuid, hardware_profile_disk_id, seq, model, firmware, serial, bay)  values (190,"70596822-4d6a-4fc1-850e-7b6e55b525f3",190,0,"ST1000NM0011","SN02","SN02",43);
insert into hardware_profile_disk (id, name, size, hardware_profile_id) values (191,"sdat",3000592982016,8);
insert into hardware_profile_physical_disk (id, uuid, hardware_profile_disk_id, seq, model, firmware, serial, bay)  values (191,"3222b049-ab0d-409a-8e4c-187397ed860f",191,0,"ST1000NM0011","SN02","SN02",44);
update device set hardware_profile_id=8 where id=8;
insert into device(id, creation_date, hostname, uuid, device_type, dsnet_id, site_id, approved_through_date, hardware_profile_id, public_key_fingerprint) values (9,"11/11/2015","Slicestor 2210","21def4e1-271b-4f43-ae06-b007d66fa30f","slicestor",1,null,"2015-11-11 11:23:52",null,"b5:a0:d8:4f:f0:bd:1c:bb:d1:09:26:7a:c1:7f:31:19:2b:d2:fa:b9");
insert into hardware_profile (id, creation_date, version, model, model_code, device_id, serial, storage_size, bios_date, bios_version, bmc_firmware, os_drive_name) values (9, 1447187574944,"3.7.0.58","Slicestor 2210","M18-1",9,"258113122061",104193095770112,"11/11/2015","1.0b-1","3.21 [0x6, 0x0, 0x0, 0x0]","sda");
insert into hardware_profile_disk (id, name, size, hardware_profile_id) values (192,"sdb",3000592982016,9);
insert into hardware_profile_physical_disk (id, uuid, hardware_profile_disk_id, seq, model, firmware, serial, bay)  values (192,"3bfe0a53-f5a1-472c-911c-b74356477091",192,0,"ST1000NM0011","SN02","SN02",0);
insert into hardware_profile_disk (id, name, size, hardware_profile_id) values (193,"sdc",3000592982016,9);
insert into hardware_profile_physical_disk (id, uuid, hardware_profile_disk_id, seq, model, firmware, serial, bay)  values (193,"18231aa5-c32a-497b-bfe5-ff29c97484af",193,0,"ST1000NM0011","SN02","SN02",1);
insert into hardware_profile_disk (id, name, size, hardware_profile_id) values (194,"sdd",3000592982016,9);
insert into hardware_profile_physical_disk (id, uuid, hardware_profile_disk_id, seq, model, firmware, serial, bay)  values (194,"9d467b75-1ed3-4bc5-b39c-6f589da6daf6",194,0,"ST1000NM0011","SN02","SN02",2);
insert into hardware_profile_disk (id, name, size, hardware_profile_id) values (195,"sde",3000592982016,9);
insert into hardware_profile_physical_disk (id, uuid, hardware_profile_disk_id, seq, model, firmware, serial, bay)  values (195,"e4e91898-dd4a-4ee6-88d9-8d080331f70c",195,0,"ST1000NM0011","SN02","SN02",3);
insert into hardware_profile_disk (id, name, size, hardware_profile_id) values (196,"sdf",3000592982016,9);
insert into hardware_profile_physical_disk (id, uuid, hardware_profile_disk_id, seq, model, firmware, serial, bay)  values (196,"b8794a98-170c-43ea-acc5-b31f3ff66025",196,0,"ST1000NM0011","SN02","SN02",4);
insert into hardware_profile_disk (id, name, size, hardware_profile_id) values (197,"sdg",3000592982016,9);
insert into hardware_profile_physical_disk (id, uuid, hardware_profile_disk_id, seq, model, firmware, serial, bay)  values (197,"e50d735c-d247-4fa0-af14-a9485101b890",197,0,"ST1000NM0011","SN02","SN02",5);
insert into hardware_profile_disk (id, name, size, hardware_profile_id) values (198,"sdh",3000592982016,9);
insert into hardware_profile_physical_disk (id, uuid, hardware_profile_disk_id, seq, model, firmware, serial, bay)  values (198,"4b9db54c-e474-493b-92c9-aae99ec61ac4",198,0,"ST1000NM0011","SN02","SN02",6);
insert into hardware_profile_disk (id, name, size, hardware_profile_id) values (199,"sdi",3000592982016,9);
insert into hardware_profile_physical_disk (id, uuid, hardware_profile_disk_id, seq, model, firmware, serial, bay)  values (199,"cc43eff1-3fbb-434c-93d6-52ae580bebd7",199,0,"ST1000NM0011","SN02","SN02",7);
insert into hardware_profile_disk (id, name, size, hardware_profile_id) values (200,"sdj",3000592982016,9);
insert into hardware_profile_physical_disk (id, uuid, hardware_profile_disk_id, seq, model, firmware, serial, bay)  values (200,"7c09af68-6c20-4b05-b008-82e02ba5b516",200,0,"ST1000NM0011","SN02","SN02",8);
insert into hardware_profile_disk (id, name, size, hardware_profile_id) values (201,"sdk",3000592982016,9);
insert into hardware_profile_physical_disk (id, uuid, hardware_profile_disk_id, seq, model, firmware, serial, bay)  values (201,"d2dfbf9e-9c7e-4c34-b3ba-0a1bdf801d8f",201,0,"ST1000NM0011","SN02","SN02",9);
insert into hardware_profile_disk (id, name, size, hardware_profile_id) values (202,"sdl",3000592982016,9);
insert into hardware_profile_physical_disk (id, uuid, hardware_profile_disk_id, seq, model, firmware, serial, bay)  values (202,"4f8654fa-f587-4c40-a94f-893b7d86b6b6",202,0,"ST1000NM0011","SN02","SN02",10);
insert into hardware_profile_disk (id, name, size, hardware_profile_id) values (203,"sdm",3000592982016,9);
insert into hardware_profile_physical_disk (id, uuid, hardware_profile_disk_id, seq, model, firmware, serial, bay)  values (203,"f528abb3-a300-4050-ac0b-5ef1b9854b6f",203,0,"ST1000NM0011","SN02","SN02",11);
update device set hardware_profile_id=9 where id=9;
insert into device(id, creation_date, hostname, uuid, device_type, dsnet_id, site_id, approved_through_date, hardware_profile_id, public_key_fingerprint) values (10,"11/11/2015","Slicestor 2212","8791d09f-fe02-4a0c-b6ab-d3a533a7de58","slicestor",1,null,"2015-11-11 11:23:52",null,"b5:a0:d8:4f:f0:bd:1c:bb:d1:09:26:7a:c1:7f:31:19:2b:d2:fa:b10");
insert into hardware_profile (id, creation_date, version, model, model_code, device_id, serial, storage_size, bios_date, bios_version, bmc_firmware, os_drive_name) values (10, 1447187574944,"3.7.0.58","Slicestor 2212","S2212",10,"258113122061",104193095770112,"11/11/2015","1.0b-1","3.21 [0x6, 0x0, 0x0, 0x0]","sda");
insert into hardware_profile_disk (id, name, size, hardware_profile_id) values (204,"sdb",3000592982016,10);
insert into hardware_profile_physical_disk (id, uuid, hardware_profile_disk_id, seq, model, firmware, serial, bay)  values (204,"948207d7-2818-4806-b1e8-3ef2b6251b17",204,0,"ST1000NM0011","SN02","SN02",0);
insert into hardware_profile_disk (id, name, size, hardware_profile_id) values (205,"sdc",3000592982016,10);
insert into hardware_profile_physical_disk (id, uuid, hardware_profile_disk_id, seq, model, firmware, serial, bay)  values (205,"e6fe0208-f700-4249-8a03-6cf8cf8185bb",205,0,"ST1000NM0011","SN02","SN02",1);
insert into hardware_profile_disk (id, name, size, hardware_profile_id) values (206,"sdd",3000592982016,10);
insert into hardware_profile_physical_disk (id, uuid, hardware_profile_disk_id, seq, model, firmware, serial, bay)  values (206,"d0b3fd35-1139-4f7c-be5d-ee662d8eb44c",206,0,"ST1000NM0011","SN02","SN02",2);
insert into hardware_profile_disk (id, name, size, hardware_profile_id) values (207,"sde",3000592982016,10);
insert into hardware_profile_physical_disk (id, uuid, hardware_profile_disk_id, seq, model, firmware, serial, bay)  values (207,"2107cc82-841a-4009-9bde-24ea6ad2d554",207,0,"ST1000NM0011","SN02","SN02",3);
insert into hardware_profile_disk (id, name, size, hardware_profile_id) values (208,"sdf",3000592982016,10);
insert into hardware_profile_physical_disk (id, uuid, hardware_profile_disk_id, seq, model, firmware, serial, bay)  values (208,"da420a53-7246-41b2-9e0f-23e878ee2442",208,0,"ST1000NM0011","SN02","SN02",4);
insert into hardware_profile_disk (id, name, size, hardware_profile_id) values (209,"sdg",3000592982016,10);
insert into hardware_profile_physical_disk (id, uuid, hardware_profile_disk_id, seq, model, firmware, serial, bay)  values (209,"94e3034a-5188-407d-b24e-d35ca57ecfa4",209,0,"ST1000NM0011","SN02","SN02",5);
insert into hardware_profile_disk (id, name, size, hardware_profile_id) values (210,"sdh",3000592982016,10);
insert into hardware_profile_physical_disk (id, uuid, hardware_profile_disk_id, seq, model, firmware, serial, bay)  values (210,"92109f31-0110-480d-8a80-b194b52f06f2",210,0,"ST1000NM0011","SN02","SN02",6);
insert into hardware_profile_disk (id, name, size, hardware_profile_id) values (211,"sdi",3000592982016,10);
insert into hardware_profile_physical_disk (id, uuid, hardware_profile_disk_id, seq, model, firmware, serial, bay)  values (211,"44b19c71-3d87-42d0-86c1-977e9eee2994",211,0,"ST1000NM0011","SN02","SN02",7);
insert into hardware_profile_disk (id, name, size, hardware_profile_id) values (212,"sdj",3000592982016,10);
insert into hardware_profile_physical_disk (id, uuid, hardware_profile_disk_id, seq, model, firmware, serial, bay)  values (212,"f2f3e05b-5431-4f03-be32-deb9a733038e",212,0,"ST1000NM0011","SN02","SN02",8);
insert into hardware_profile_disk (id, name, size, hardware_profile_id) values (213,"sdk",3000592982016,10);
insert into hardware_profile_physical_disk (id, uuid, hardware_profile_disk_id, seq, model, firmware, serial, bay)  values (213,"5279ba3d-b503-4349-bc33-7bc4a52f3a6c",213,0,"ST1000NM0011","SN02","SN02",9);
insert into hardware_profile_disk (id, name, size, hardware_profile_id) values (214,"sdl",3000592982016,10);
insert into hardware_profile_physical_disk (id, uuid, hardware_profile_disk_id, seq, model, firmware, serial, bay)  values (214,"6cc5d586-40d7-4f17-86f2-6baae8ecbb4e",214,0,"ST1000NM0011","SN02","SN02",10);
insert into hardware_profile_disk (id, name, size, hardware_profile_id) values (215,"sdm",3000592982016,10);
insert into hardware_profile_physical_disk (id, uuid, hardware_profile_disk_id, seq, model, firmware, serial, bay)  values (215,"8c709b1f-a628-4f92-9a27-46243b66a4a8",215,0,"ST1000NM0011","SN02","SN02",11);
update device set hardware_profile_id=10 where id=10;
insert into device(id, creation_date, hostname, uuid, device_type, dsnet_id, site_id, approved_through_date, hardware_profile_id, public_key_fingerprint) values (11,"11/11/2015","ZTBV","42b1244c-9d40-4bac-af27-63e51c23f7b5","slicestor",1,null,"2015-11-11 11:23:52",null,"b5:a0:d8:4f:f0:bd:1c:bb:d1:09:26:7a:c1:7f:31:19:2b:d2:fa:b11");
insert into hardware_profile (id, creation_date, version, model, model_code, device_id, serial, storage_size, bios_date, bios_version, bmc_firmware, os_drive_name) values (11, 1447187574944,"3.7.0.58","ZTBV","ZTBV",11,"258113122061",104193095770112,"11/11/2015","1.0b-1","3.21 [0x6, 0x0, 0x0, 0x0]","sda");
insert into hardware_profile_disk (id, name, size, hardware_profile_id) values (216,"sdb",3000592982016,11);
insert into hardware_profile_physical_disk (id, uuid, hardware_profile_disk_id, seq, model, firmware, serial, bay)  values (216,"0e572751-a1fa-40ad-b1c4-2d47387dc371",216,0,"ST1000NM0011","SN02","SN02",0);
insert into hardware_profile_disk (id, name, size, hardware_profile_id) values (217,"sdc",3000592982016,11);
insert into hardware_profile_physical_disk (id, uuid, hardware_profile_disk_id, seq, model, firmware, serial, bay)  values (217,"de3cee90-69a7-41f1-ba75-bdf340a5b938",217,0,"ST1000NM0011","SN02","SN02",1);
insert into hardware_profile_disk (id, name, size, hardware_profile_id) values (218,"sdd",3000592982016,11);
insert into hardware_profile_physical_disk (id, uuid, hardware_profile_disk_id, seq, model, firmware, serial, bay)  values (218,"696cc35b-fdd3-417e-a9e1-1010304be978",218,0,"ST1000NM0011","SN02","SN02",2);
insert into hardware_profile_disk (id, name, size, hardware_profile_id) values (219,"sde",3000592982016,11);
insert into hardware_profile_physical_disk (id, uuid, hardware_profile_disk_id, seq, model, firmware, serial, bay)  values (219,"4d8d31e8-6c60-445b-9d0f-36bf0bc1688e",219,0,"ST1000NM0011","SN02","SN02",3);
insert into hardware_profile_disk (id, name, size, hardware_profile_id) values (220,"sdf",3000592982016,11);
insert into hardware_profile_physical_disk (id, uuid, hardware_profile_disk_id, seq, model, firmware, serial, bay)  values (220,"f3e498f8-44a2-4465-938a-eafe6631a5da",220,0,"ST1000NM0011","SN02","SN02",4);
insert into hardware_profile_disk (id, name, size, hardware_profile_id) values (221,"sdg",3000592982016,11);
insert into hardware_profile_physical_disk (id, uuid, hardware_profile_disk_id, seq, model, firmware, serial, bay)  values (221,"156c31f1-5660-4ecd-b127-cbe709d2187c",221,0,"ST1000NM0011","SN02","SN02",5);
insert into hardware_profile_disk (id, name, size, hardware_profile_id) values (222,"sdh",3000592982016,11);
insert into hardware_profile_physical_disk (id, uuid, hardware_profile_disk_id, seq, model, firmware, serial, bay)  values (222,"72ca5a27-517e-49f7-a1bd-f69bd256d01c",222,0,"ST1000NM0011","SN02","SN02",6);
insert into hardware_profile_disk (id, name, size, hardware_profile_id) values (223,"sdi",3000592982016,11);
insert into hardware_profile_physical_disk (id, uuid, hardware_profile_disk_id, seq, model, firmware, serial, bay)  values (223,"94c2730d-2d0e-42b7-8ecb-14744e117957",223,0,"ST1000NM0011","SN02","SN02",7);
insert into hardware_profile_disk (id, name, size, hardware_profile_id) values (224,"sdj",3000592982016,11);
insert into hardware_profile_physical_disk (id, uuid, hardware_profile_disk_id, seq, model, firmware, serial, bay)  values (224,"2f878a63-377c-49d0-a697-50b0af2bcae0",224,0,"ST1000NM0011","SN02","SN02",8);
insert into hardware_profile_disk (id, name, size, hardware_profile_id) values (225,"sdk",3000592982016,11);
insert into hardware_profile_physical_disk (id, uuid, hardware_profile_disk_id, seq, model, firmware, serial, bay)  values (225,"b8cb57b6-132e-4fe0-96f2-99abb1ef7a47",225,0,"ST1000NM0011","SN02","SN02",9);
insert into hardware_profile_disk (id, name, size, hardware_profile_id) values (226,"sdl",3000592982016,11);
insert into hardware_profile_physical_disk (id, uuid, hardware_profile_disk_id, seq, model, firmware, serial, bay)  values (226,"2ffb3454-441c-4206-a886-5a74c13fcad4",226,0,"ST1000NM0011","SN02","SN02",10);
insert into hardware_profile_disk (id, name, size, hardware_profile_id) values (227,"sdm",3000592982016,11);
insert into hardware_profile_physical_disk (id, uuid, hardware_profile_disk_id, seq, model, firmware, serial, bay)  values (227,"8a393dcd-2ca4-488b-8896-1814059405ca",227,0,"ST1000NM0011","SN02","SN02",11);
update device set hardware_profile_id=11 where id=11;
insert into device(id, creation_date, hostname, uuid, device_type, dsnet_id, site_id, approved_through_date, hardware_profile_id, public_key_fingerprint) values (12,"11/11/2015","HP ProLiant DL380p Gen8","a13b165e-c140-4152-b3a6-0d6fc32c2bf0","slicestor",1,null,"2015-11-11 11:23:52",null,"b5:a0:d8:4f:f0:bd:1c:bb:d1:09:26:7a:c1:7f:31:19:2b:d2:fa:b12");
insert into hardware_profile (id, creation_date, version, model, model_code, device_id, serial, storage_size, bios_date, bios_version, bmc_firmware, os_drive_name) values (12, 1447187574944,"3.7.0.58","HP ProLiant DL380p Gen8","HP-DL380P",12,"258113122061",104193095770112,"11/11/2015","1.0b-1","3.21 [0x6, 0x0, 0x0, 0x0]","sda");
insert into hardware_profile_disk (id, name, size, hardware_profile_id) values (228,"sdb",3000592982016,12);
insert into hardware_profile_physical_disk (id, uuid, hardware_profile_disk_id, seq, model, firmware, serial, bay)  values (228,"2dc845c8-da75-4f41-9f1f-5fad4900d21d",228,0,"ST1000NM0011","SN02","SN02",0);
insert into hardware_profile_disk (id, name, size, hardware_profile_id) values (229,"sdc",3000592982016,12);
insert into hardware_profile_physical_disk (id, uuid, hardware_profile_disk_id, seq, model, firmware, serial, bay)  values (229,"d0dfa753-e9da-48b3-9de2-c11376308785",229,0,"ST1000NM0011","SN02","SN02",1);
insert into hardware_profile_disk (id, name, size, hardware_profile_id) values (230,"sdd",3000592982016,12);
insert into hardware_profile_physical_disk (id, uuid, hardware_profile_disk_id, seq, model, firmware, serial, bay)  values (230,"b7f80174-4b65-4dbb-8c26-728f28e1fe54",230,0,"ST1000NM0011","SN02","SN02",2);
insert into hardware_profile_disk (id, name, size, hardware_profile_id) values (231,"sde",3000592982016,12);
insert into hardware_profile_physical_disk (id, uuid, hardware_profile_disk_id, seq, model, firmware, serial, bay)  values (231,"ff8b31a4-750d-4faa-b511-e70a42ddc8fe",231,0,"ST1000NM0011","SN02","SN02",3);
insert into hardware_profile_disk (id, name, size, hardware_profile_id) values (232,"sdf",3000592982016,12);
insert into hardware_profile_physical_disk (id, uuid, hardware_profile_disk_id, seq, model, firmware, serial, bay)  values (232,"623264d8-9b1f-446e-b32f-029ae9eedc39",232,0,"ST1000NM0011","SN02","SN02",4);
insert into hardware_profile_disk (id, name, size, hardware_profile_id) values (233,"sdg",3000592982016,12);
insert into hardware_profile_physical_disk (id, uuid, hardware_profile_disk_id, seq, model, firmware, serial, bay)  values (233,"0941e9e6-2c41-4125-a186-97941e2667dc",233,0,"ST1000NM0011","SN02","SN02",5);
insert into hardware_profile_disk (id, name, size, hardware_profile_id) values (234,"sdh",3000592982016,12);
insert into hardware_profile_physical_disk (id, uuid, hardware_profile_disk_id, seq, model, firmware, serial, bay)  values (234,"a38658a3-0c01-4dbe-b1b3-77f069245c0a",234,0,"ST1000NM0011","SN02","SN02",6);
insert into hardware_profile_disk (id, name, size, hardware_profile_id) values (235,"sdi",3000592982016,12);
insert into hardware_profile_physical_disk (id, uuid, hardware_profile_disk_id, seq, model, firmware, serial, bay)  values (235,"c8b3acd5-96a5-4276-a946-a774bd230e0d",235,0,"ST1000NM0011","SN02","SN02",7);
insert into hardware_profile_disk (id, name, size, hardware_profile_id) values (236,"sdj",3000592982016,12);
insert into hardware_profile_physical_disk (id, uuid, hardware_profile_disk_id, seq, model, firmware, serial, bay)  values (236,"7422fc28-ef95-481f-9c4b-8c1c1efdf855",236,0,"ST1000NM0011","SN02","SN02",8);
insert into hardware_profile_disk (id, name, size, hardware_profile_id) values (237,"sdk",3000592982016,12);
insert into hardware_profile_physical_disk (id, uuid, hardware_profile_disk_id, seq, model, firmware, serial, bay)  values (237,"b5890fbf-8098-4eaf-a2d7-f7aa34546cb2",237,0,"ST1000NM0011","SN02","SN02",9);
insert into hardware_profile_disk (id, name, size, hardware_profile_id) values (238,"sdl",3000592982016,12);
insert into hardware_profile_physical_disk (id, uuid, hardware_profile_disk_id, seq, model, firmware, serial, bay)  values (238,"a3998c74-6a9d-47f0-8c78-fb2e2a1414c4",238,0,"ST1000NM0011","SN02","SN02",10);
insert into hardware_profile_disk (id, name, size, hardware_profile_id) values (239,"sdm",3000592982016,12);
insert into hardware_profile_physical_disk (id, uuid, hardware_profile_disk_id, seq, model, firmware, serial, bay)  values (239,"6743f46c-1486-4393-a999-8eccad5c0fd3",239,0,"ST1000NM0011","SN02","SN02",11);
update device set hardware_profile_id=12 where id=12;
insert into device(id, creation_date, hostname, uuid, device_type, dsnet_id, site_id, approved_through_date, hardware_profile_id, public_key_fingerprint) values (13,"11/11/2015","HP ProLiant DL380p Gen9","01300c34-b45a-4767-87a0-68b7928abc0b","slicestor",1,null,"2015-11-11 11:23:52",null,"b5:a0:d8:4f:f0:bd:1c:bb:d1:09:26:7a:c1:7f:31:19:2b:d2:fa:b13");
insert into hardware_profile (id, creation_date, version, model, model_code, device_id, serial, storage_size, bios_date, bios_version, bmc_firmware, os_drive_name) values (13, 1447187574944,"3.7.0.58","HP ProLiant DL380p Gen9","HP-DL380p-G9",13,"258113122061",104193095770112,"11/11/2015","1.0b-1","3.21 [0x6, 0x0, 0x0, 0x0]","sda");
insert into hardware_profile_disk (id, name, size, hardware_profile_id) values (240,"sdb",3000592982016,13);
insert into hardware_profile_physical_disk (id, uuid, hardware_profile_disk_id, seq, model, firmware, serial, bay)  values (240,"bf508191-cd51-4fe6-9516-bff54acc45e6",240,0,"ST1000NM0011","SN02","SN02",0);
insert into hardware_profile_disk (id, name, size, hardware_profile_id) values (241,"sdc",3000592982016,13);
insert into hardware_profile_physical_disk (id, uuid, hardware_profile_disk_id, seq, model, firmware, serial, bay)  values (241,"93a16170-368d-480b-89d6-29cf3687a9f3",241,0,"ST1000NM0011","SN02","SN02",1);
insert into hardware_profile_disk (id, name, size, hardware_profile_id) values (242,"sdd",3000592982016,13);
insert into hardware_profile_physical_disk (id, uuid, hardware_profile_disk_id, seq, model, firmware, serial, bay)  values (242,"3a8b888d-eae4-4ebc-a7ef-9df37ee513ca",242,0,"ST1000NM0011","SN02","SN02",2);
insert into hardware_profile_disk (id, name, size, hardware_profile_id) values (243,"sde",3000592982016,13);
insert into hardware_profile_physical_disk (id, uuid, hardware_profile_disk_id, seq, model, firmware, serial, bay)  values (243,"96b40b14-edfa-4df4-88fd-73dd97b3f15c",243,0,"ST1000NM0011","SN02","SN02",3);
insert into hardware_profile_disk (id, name, size, hardware_profile_id) values (244,"sdf",3000592982016,13);
insert into hardware_profile_physical_disk (id, uuid, hardware_profile_disk_id, seq, model, firmware, serial, bay)  values (244,"0342e275-a81c-4b59-81df-88c385e34c3d",244,0,"ST1000NM0011","SN02","SN02",4);
insert into hardware_profile_disk (id, name, size, hardware_profile_id) values (245,"sdg",3000592982016,13);
insert into hardware_profile_physical_disk (id, uuid, hardware_profile_disk_id, seq, model, firmware, serial, bay)  values (245,"5437166c-e1f0-4c3f-9cbe-019be40ecc18",245,0,"ST1000NM0011","SN02","SN02",5);
insert into hardware_profile_disk (id, name, size, hardware_profile_id) values (246,"sdh",3000592982016,13);
insert into hardware_profile_physical_disk (id, uuid, hardware_profile_disk_id, seq, model, firmware, serial, bay)  values (246,"9ec151e6-bd07-4950-a285-fb7bc5458e41",246,0,"ST1000NM0011","SN02","SN02",6);
insert into hardware_profile_disk (id, name, size, hardware_profile_id) values (247,"sdi",3000592982016,13);
insert into hardware_profile_physical_disk (id, uuid, hardware_profile_disk_id, seq, model, firmware, serial, bay)  values (247,"9c5250ef-4dec-4c9c-b026-62459205c4b1",247,0,"ST1000NM0011","SN02","SN02",7);
insert into hardware_profile_disk (id, name, size, hardware_profile_id) values (248,"sdj",3000592982016,13);
insert into hardware_profile_physical_disk (id, uuid, hardware_profile_disk_id, seq, model, firmware, serial, bay)  values (248,"f06817d0-b3d3-4e77-82bb-1171dd4907e7",248,0,"ST1000NM0011","SN02","SN02",8);
insert into hardware_profile_disk (id, name, size, hardware_profile_id) values (249,"sdk",3000592982016,13);
insert into hardware_profile_physical_disk (id, uuid, hardware_profile_disk_id, seq, model, firmware, serial, bay)  values (249,"77c86196-0078-4899-a923-d6e06491dfb7",249,0,"ST1000NM0011","SN02","SN02",9);
insert into hardware_profile_disk (id, name, size, hardware_profile_id) values (250,"sdl",3000592982016,13);
insert into hardware_profile_physical_disk (id, uuid, hardware_profile_disk_id, seq, model, firmware, serial, bay)  values (250,"58b9222e-8b20-4673-aca1-a8983fce451e",250,0,"ST1000NM0011","SN02","SN02",10);
insert into hardware_profile_disk (id, name, size, hardware_profile_id) values (251,"sdm",3000592982016,13);
insert into hardware_profile_physical_disk (id, uuid, hardware_profile_disk_id, seq, model, firmware, serial, bay)  values (251,"bef34583-43c9-4ec9-ba73-c8c305982cdd",251,0,"ST1000NM0011","SN02","SN02",11);
update device set hardware_profile_id=13 where id=13;
insert into device(id, creation_date, hostname, uuid, device_type, dsnet_id, site_id, approved_through_date, hardware_profile_id, public_key_fingerprint) values (14,"11/11/2015","Slicestor 1410","c2c51c24-7305-4be4-baeb-c866ab9d0efd","slicestor",1,null,"2015-11-11 11:23:52",null,"b5:a0:d8:4f:f0:bd:1c:bb:d1:09:26:7a:c1:7f:31:19:2b:d2:fa:b14");
insert into hardware_profile (id, creation_date, version, model, model_code, device_id, serial, storage_size, bios_date, bios_version, bmc_firmware, os_drive_name) values (14, 1447187574944,"3.7.0.58","Slicestor 1410","M20-1",14,"258113122061",104193095770112,"11/11/2015","1.0b-1","3.21 [0x6, 0x0, 0x0, 0x0]","sda");
insert into hardware_profile_disk (id, name, size, hardware_profile_id) values (252,"sdb",3000592982016,14);
insert into hardware_profile_physical_disk (id, uuid, hardware_profile_disk_id, seq, model, firmware, serial, bay)  values (252,"7705f1cb-cf2d-4a87-b44f-26026e5816a9",252,0,"ST1000NM0011","SN02","SN02",0);
insert into hardware_profile_disk (id, name, size, hardware_profile_id) values (253,"sdc",3000592982016,14);
insert into hardware_profile_physical_disk (id, uuid, hardware_profile_disk_id, seq, model, firmware, serial, bay)  values (253,"cec6942a-2fbb-4f4d-bb91-bfb5e6c7d742",253,0,"ST1000NM0011","SN02","SN02",1);
insert into hardware_profile_disk (id, name, size, hardware_profile_id) values (254,"sdd",3000592982016,14);
insert into hardware_profile_physical_disk (id, uuid, hardware_profile_disk_id, seq, model, firmware, serial, bay)  values (254,"acec79ab-e63c-42f3-b77a-a8eb631c7e69",254,0,"ST1000NM0011","SN02","SN02",2);
insert into hardware_profile_disk (id, name, size, hardware_profile_id) values (255,"sde",3000592982016,14);
insert into hardware_profile_physical_disk (id, uuid, hardware_profile_disk_id, seq, model, firmware, serial, bay)  values (255,"3e860008-3b43-4c49-98a3-e357566c59ee",255,0,"ST1000NM0011","SN02","SN02",3);
insert into hardware_profile_disk (id, name, size, hardware_profile_id) values (256,"sdf",3000592982016,14);
insert into hardware_profile_physical_disk (id, uuid, hardware_profile_disk_id, seq, model, firmware, serial, bay)  values (256,"d333f397-c80e-472d-aff1-4c949290f512",256,0,"ST1000NM0011","SN02","SN02",4);
insert into hardware_profile_disk (id, name, size, hardware_profile_id) values (257,"sdg",3000592982016,14);
insert into hardware_profile_physical_disk (id, uuid, hardware_profile_disk_id, seq, model, firmware, serial, bay)  values (257,"d8dc3369-b748-471a-a028-997bd1b3a98f",257,0,"ST1000NM0011","SN02","SN02",5);
insert into hardware_profile_disk (id, name, size, hardware_profile_id) values (258,"sdh",3000592982016,14);
insert into hardware_profile_physical_disk (id, uuid, hardware_profile_disk_id, seq, model, firmware, serial, bay)  values (258,"c9b35fa0-8ecf-4254-932b-79d7c317c521",258,0,"ST1000NM0011","SN02","SN02",6);
insert into hardware_profile_disk (id, name, size, hardware_profile_id) values (259,"sdi",3000592982016,14);
insert into hardware_profile_physical_disk (id, uuid, hardware_profile_disk_id, seq, model, firmware, serial, bay)  values (259,"8f8abaf2-278b-452b-9425-9c19055466a7",259,0,"ST1000NM0011","SN02","SN02",7);
insert into hardware_profile_disk (id, name, size, hardware_profile_id) values (260,"sdj",3000592982016,14);
insert into hardware_profile_physical_disk (id, uuid, hardware_profile_disk_id, seq, model, firmware, serial, bay)  values (260,"9661c390-17b1-4df5-b102-6794029976f6",260,0,"ST1000NM0011","SN02","SN02",8);
insert into hardware_profile_disk (id, name, size, hardware_profile_id) values (261,"sdk",3000592982016,14);
insert into hardware_profile_physical_disk (id, uuid, hardware_profile_disk_id, seq, model, firmware, serial, bay)  values (261,"6c224259-9bce-4d45-8167-7affdea75cc9",261,0,"ST1000NM0011","SN02","SN02",9);
insert into hardware_profile_disk (id, name, size, hardware_profile_id) values (262,"sdl",3000592982016,14);
insert into hardware_profile_physical_disk (id, uuid, hardware_profile_disk_id, seq, model, firmware, serial, bay)  values (262,"62e59873-a446-4c41-ba57-527f4dfef1fb",262,0,"ST1000NM0011","SN02","SN02",10);
insert into hardware_profile_disk (id, name, size, hardware_profile_id) values (263,"sdm",3000592982016,14);
insert into hardware_profile_physical_disk (id, uuid, hardware_profile_disk_id, seq, model, firmware, serial, bay)  values (263,"21a4bc23-0637-468f-a532-d5565fb9df65",263,0,"ST1000NM0011","SN02","SN02",11);
insert into hardware_profile_disk (id, name, size, hardware_profile_id) values (264,"sdn",3000592982016,14);
insert into hardware_profile_physical_disk (id, uuid, hardware_profile_disk_id, seq, model, firmware, serial, bay)  values (264,"5f495be2-de4e-406d-8fab-294d953fd5d8",264,0,"ST1000NM0011","SN02","SN02",12);
insert into hardware_profile_disk (id, name, size, hardware_profile_id) values (265,"sdo",3000592982016,14);
insert into hardware_profile_physical_disk (id, uuid, hardware_profile_disk_id, seq, model, firmware, serial, bay)  values (265,"c5ee5939-c85a-4e5c-b56a-06cc3d1c234d",265,0,"ST1000NM0011","SN02","SN02",13);
insert into hardware_profile_disk (id, name, size, hardware_profile_id) values (266,"sdp",3000592982016,14);
insert into hardware_profile_physical_disk (id, uuid, hardware_profile_disk_id, seq, model, firmware, serial, bay)  values (266,"8885d520-feb0-42db-b0c2-39c4d8f249bf",266,0,"ST1000NM0011","SN02","SN02",14);
insert into hardware_profile_disk (id, name, size, hardware_profile_id) values (267,"sdq",3000592982016,14);
insert into hardware_profile_physical_disk (id, uuid, hardware_profile_disk_id, seq, model, firmware, serial, bay)  values (267,"d761f2f2-4e5c-4fd3-a3a2-cbb25fa9d892",267,0,"ST1000NM0011","SN02","SN02",15);
insert into hardware_profile_disk (id, name, size, hardware_profile_id) values (268,"sdr",3000592982016,14);
insert into hardware_profile_physical_disk (id, uuid, hardware_profile_disk_id, seq, model, firmware, serial, bay)  values (268,"6f9f6a79-1523-4d4e-8bf7-1baf7cc35842",268,0,"ST1000NM0011","SN02","SN02",16);
insert into hardware_profile_disk (id, name, size, hardware_profile_id) values (269,"sds",3000592982016,14);
insert into hardware_profile_physical_disk (id, uuid, hardware_profile_disk_id, seq, model, firmware, serial, bay)  values (269,"d9ec51c4-dc2e-4ec1-a360-f922a752f8b2",269,0,"ST1000NM0011","SN02","SN02",17);
insert into hardware_profile_disk (id, name, size, hardware_profile_id) values (270,"sdt",3000592982016,14);
insert into hardware_profile_physical_disk (id, uuid, hardware_profile_disk_id, seq, model, firmware, serial, bay)  values (270,"558b9ee5-daa2-4b94-8602-52305437424a",270,0,"ST1000NM0011","SN02","SN02",18);
insert into hardware_profile_disk (id, name, size, hardware_profile_id) values (271,"sdu",3000592982016,14);
insert into hardware_profile_physical_disk (id, uuid, hardware_profile_disk_id, seq, model, firmware, serial, bay)  values (271,"43f434e4-e844-4e4a-b296-9b112a2c308e",271,0,"ST1000NM0011","SN02","SN02",19);
insert into hardware_profile_disk (id, name, size, hardware_profile_id) values (272,"sdv",3000592982016,14);
insert into hardware_profile_physical_disk (id, uuid, hardware_profile_disk_id, seq, model, firmware, serial, bay)  values (272,"eb92e3ff-619e-4287-81f2-12709735b0c8",272,0,"ST1000NM0011","SN02","SN02",20);
insert into hardware_profile_disk (id, name, size, hardware_profile_id) values (273,"sdw",3000592982016,14);
insert into hardware_profile_physical_disk (id, uuid, hardware_profile_disk_id, seq, model, firmware, serial, bay)  values (273,"5d3fdb45-6b38-4ed1-bc1c-b9375a4d9ef8",273,0,"ST1000NM0011","SN02","SN02",21);
insert into hardware_profile_disk (id, name, size, hardware_profile_id) values (274,"sdx",3000592982016,14);
insert into hardware_profile_physical_disk (id, uuid, hardware_profile_disk_id, seq, model, firmware, serial, bay)  values (274,"91752ed2-c52c-4692-88ad-836307095a9e",274,0,"ST1000NM0011","SN02","SN02",22);
insert into hardware_profile_disk (id, name, size, hardware_profile_id) values (275,"sdy",3000592982016,14);
insert into hardware_profile_physical_disk (id, uuid, hardware_profile_disk_id, seq, model, firmware, serial, bay)  values (275,"3843d2d8-ceda-49b9-b048-68e528fe606f",275,0,"ST1000NM0011","SN02","SN02",23);
insert into hardware_profile_disk (id, name, size, hardware_profile_id) values (276,"sdz",3000592982016,14);
insert into hardware_profile_physical_disk (id, uuid, hardware_profile_disk_id, seq, model, firmware, serial, bay)  values (276,"5bd013fd-0d65-4b61-b66a-b9d853cca243",276,0,"ST1000NM0011","SN02","SN02",24);
insert into hardware_profile_disk (id, name, size, hardware_profile_id) values (277,"sdaa",3000592982016,14);
insert into hardware_profile_physical_disk (id, uuid, hardware_profile_disk_id, seq, model, firmware, serial, bay)  values (277,"c4cea1a4-feed-4abe-9aac-6a842835894b",277,0,"ST1000NM0011","SN02","SN02",25);
insert into hardware_profile_disk (id, name, size, hardware_profile_id) values (278,"sdab",3000592982016,14);
insert into hardware_profile_physical_disk (id, uuid, hardware_profile_disk_id, seq, model, firmware, serial, bay)  values (278,"cdd0fa74-28c5-4e74-a7c8-023074da6946",278,0,"ST1000NM0011","SN02","SN02",26);
insert into hardware_profile_disk (id, name, size, hardware_profile_id) values (279,"sdac",3000592982016,14);
insert into hardware_profile_physical_disk (id, uuid, hardware_profile_disk_id, seq, model, firmware, serial, bay)  values (279,"a9948494-bd60-490e-acaa-ae1887e6457b",279,0,"ST1000NM0011","SN02","SN02",27);
insert into hardware_profile_disk (id, name, size, hardware_profile_id) values (280,"sdad",3000592982016,14);
insert into hardware_profile_physical_disk (id, uuid, hardware_profile_disk_id, seq, model, firmware, serial, bay)  values (280,"d9a9c1fc-4129-47d2-9c26-ea3b96a14541",280,0,"ST1000NM0011","SN02","SN02",28);
insert into hardware_profile_disk (id, name, size, hardware_profile_id) values (281,"sdae",3000592982016,14);
insert into hardware_profile_physical_disk (id, uuid, hardware_profile_disk_id, seq, model, firmware, serial, bay)  values (281,"c202f89e-3324-4bbc-bb84-753dc12b164d",281,0,"ST1000NM0011","SN02","SN02",29);
insert into hardware_profile_disk (id, name, size, hardware_profile_id) values (282,"sdaf",3000592982016,14);
insert into hardware_profile_physical_disk (id, uuid, hardware_profile_disk_id, seq, model, firmware, serial, bay)  values (282,"f0d37607-542e-49cc-82c9-b589778e7846",282,0,"ST1000NM0011","SN02","SN02",30);
insert into hardware_profile_disk (id, name, size, hardware_profile_id) values (283,"sdag",3000592982016,14);
insert into hardware_profile_physical_disk (id, uuid, hardware_profile_disk_id, seq, model, firmware, serial, bay)  values (283,"eda91204-a51a-4f83-9a71-ec6d669c1581",283,0,"ST1000NM0011","SN02","SN02",31);
insert into hardware_profile_disk (id, name, size, hardware_profile_id) values (284,"sdah",3000592982016,14);
insert into hardware_profile_physical_disk (id, uuid, hardware_profile_disk_id, seq, model, firmware, serial, bay)  values (284,"d2115e78-155c-4b1d-abbc-67f3b6419ddd",284,0,"ST1000NM0011","SN02","SN02",32);
insert into hardware_profile_disk (id, name, size, hardware_profile_id) values (285,"sdai",3000592982016,14);
insert into hardware_profile_physical_disk (id, uuid, hardware_profile_disk_id, seq, model, firmware, serial, bay)  values (285,"7e046aee-9f5f-4f50-983c-3b8b625c51ca",285,0,"ST1000NM0011","SN02","SN02",33);
insert into hardware_profile_disk (id, name, size, hardware_profile_id) values (286,"sdaj",3000592982016,14);
insert into hardware_profile_physical_disk (id, uuid, hardware_profile_disk_id, seq, model, firmware, serial, bay)  values (286,"b158c605-d23b-4700-a521-962990f32eba",286,0,"ST1000NM0011","SN02","SN02",34);
insert into hardware_profile_disk (id, name, size, hardware_profile_id) values (287,"sdak",3000592982016,14);
insert into hardware_profile_physical_disk (id, uuid, hardware_profile_disk_id, seq, model, firmware, serial, bay)  values (287,"051d276c-5ba9-4b66-a2ee-415e64a6cabf",287,0,"ST1000NM0011","SN02","SN02",35);
insert into hardware_profile_disk (id, name, size, hardware_profile_id) values (288,"sdal",3000592982016,14);
insert into hardware_profile_physical_disk (id, uuid, hardware_profile_disk_id, seq, model, firmware, serial, bay)  values (288,"2931fb46-8efe-4741-a890-b0e67dcca086",288,0,"ST1000NM0011","SN02","SN02",36);
insert into hardware_profile_disk (id, name, size, hardware_profile_id) values (289,"sdam",3000592982016,14);
insert into hardware_profile_physical_disk (id, uuid, hardware_profile_disk_id, seq, model, firmware, serial, bay)  values (289,"93b3e849-e0be-4b26-ae26-3b5e4e16a1e9",289,0,"ST1000NM0011","SN02","SN02",37);
insert into hardware_profile_disk (id, name, size, hardware_profile_id) values (290,"sdan",3000592982016,14);
insert into hardware_profile_physical_disk (id, uuid, hardware_profile_disk_id, seq, model, firmware, serial, bay)  values (290,"bdd86ab6-a9c0-4019-bc63-0b99ff29cdb7",290,0,"ST1000NM0011","SN02","SN02",38);
insert into hardware_profile_disk (id, name, size, hardware_profile_id) values (291,"sdao",3000592982016,14);
insert into hardware_profile_physical_disk (id, uuid, hardware_profile_disk_id, seq, model, firmware, serial, bay)  values (291,"393b2fb0-adde-44db-92a2-13d5f6f798ac",291,0,"ST1000NM0011","SN02","SN02",39);
insert into hardware_profile_disk (id, name, size, hardware_profile_id) values (292,"sdap",3000592982016,14);
insert into hardware_profile_physical_disk (id, uuid, hardware_profile_disk_id, seq, model, firmware, serial, bay)  values (292,"de0dc954-6006-4fbe-b21f-cbd515d5241c",292,0,"ST1000NM0011","SN02","SN02",40);
insert into hardware_profile_disk (id, name, size, hardware_profile_id) values (293,"sdaq",3000592982016,14);
insert into hardware_profile_physical_disk (id, uuid, hardware_profile_disk_id, seq, model, firmware, serial, bay)  values (293,"cda11e7e-936a-4d4d-8f08-91fa6a14150f",293,0,"ST1000NM0011","SN02","SN02",41);
insert into hardware_profile_disk (id, name, size, hardware_profile_id) values (294,"sdar",3000592982016,14);
insert into hardware_profile_physical_disk (id, uuid, hardware_profile_disk_id, seq, model, firmware, serial, bay)  values (294,"f8284471-b1a6-4a4e-a0a6-b72a5590f4d9",294,0,"ST1000NM0011","SN02","SN02",42);
insert into hardware_profile_disk (id, name, size, hardware_profile_id) values (295,"sdas",3000592982016,14);
insert into hardware_profile_physical_disk (id, uuid, hardware_profile_disk_id, seq, model, firmware, serial, bay)  values (295,"a1f24eef-1828-4552-a0f9-e67c3329c271",295,0,"ST1000NM0011","SN02","SN02",43);
insert into hardware_profile_disk (id, name, size, hardware_profile_id) values (296,"sdat",3000592982016,14);
insert into hardware_profile_physical_disk (id, uuid, hardware_profile_disk_id, seq, model, firmware, serial, bay)  values (296,"5557d36f-ee9f-4590-83b8-ea362d97fd22",296,0,"ST1000NM0011","SN02","SN02",44);
update device set hardware_profile_id=14 where id=14;
insert into device(id, creation_date, hostname, uuid, device_type, dsnet_id, site_id, approved_through_date, hardware_profile_id, public_key_fingerprint) values (15,"11/11/2015","Slicestor 1420","828742e3-a7b1-4123-9db2-cc8d06d3e000","slicestor",1,null,"2015-11-11 11:23:52",null,"b5:a0:d8:4f:f0:bd:1c:bb:d1:09:26:7a:c1:7f:31:19:2b:d2:fa:b15");
insert into hardware_profile (id, creation_date, version, model, model_code, device_id, serial, storage_size, bios_date, bios_version, bmc_firmware, os_drive_name) values (15, 1447187574944,"3.7.0.58","Slicestor 1420","M22-1",15,"258113122061",104193095770112,"11/11/2015","1.0b-1","3.21 [0x6, 0x0, 0x0, 0x0]","sda");
insert into hardware_profile_disk (id, name, size, hardware_profile_id) values (297,"sdb",3000592982016,15);
insert into hardware_profile_physical_disk (id, uuid, hardware_profile_disk_id, seq, model, firmware, serial, bay)  values (297,"25b9be31-df9b-4667-b664-cebc7bbb5ad1",297,0,"ST1000NM0011","SN02","SN02",0);
insert into hardware_profile_disk (id, name, size, hardware_profile_id) values (298,"sdc",3000592982016,15);
insert into hardware_profile_physical_disk (id, uuid, hardware_profile_disk_id, seq, model, firmware, serial, bay)  values (298,"306023c5-6070-4373-908f-91edfaac6375",298,0,"ST1000NM0011","SN02","SN02",1);
insert into hardware_profile_disk (id, name, size, hardware_profile_id) values (299,"sdd",3000592982016,15);
insert into hardware_profile_physical_disk (id, uuid, hardware_profile_disk_id, seq, model, firmware, serial, bay)  values (299,"d30c3647-5384-4176-b14a-5dff5a60ede9",299,0,"ST1000NM0011","SN02","SN02",2);
insert into hardware_profile_disk (id, name, size, hardware_profile_id) values (300,"sde",3000592982016,15);
insert into hardware_profile_physical_disk (id, uuid, hardware_profile_disk_id, seq, model, firmware, serial, bay)  values (300,"aaeb5d11-ab2f-4740-8b32-d18855df1f4a",300,0,"ST1000NM0011","SN02","SN02",3);
insert into hardware_profile_disk (id, name, size, hardware_profile_id) values (301,"sdf",3000592982016,15);
insert into hardware_profile_physical_disk (id, uuid, hardware_profile_disk_id, seq, model, firmware, serial, bay)  values (301,"7210204d-ac03-4715-bbdd-ad1c0d609343",301,0,"ST1000NM0011","SN02","SN02",4);
insert into hardware_profile_disk (id, name, size, hardware_profile_id) values (302,"sdg",3000592982016,15);
insert into hardware_profile_physical_disk (id, uuid, hardware_profile_disk_id, seq, model, firmware, serial, bay)  values (302,"dc98454b-966d-4898-af9a-f69ff017ff44",302,0,"ST1000NM0011","SN02","SN02",5);
insert into hardware_profile_disk (id, name, size, hardware_profile_id) values (303,"sdh",3000592982016,15);
insert into hardware_profile_physical_disk (id, uuid, hardware_profile_disk_id, seq, model, firmware, serial, bay)  values (303,"3a320008-33e5-4934-aa9c-2bbfea433c2f",303,0,"ST1000NM0011","SN02","SN02",6);
insert into hardware_profile_disk (id, name, size, hardware_profile_id) values (304,"sdi",3000592982016,15);
insert into hardware_profile_physical_disk (id, uuid, hardware_profile_disk_id, seq, model, firmware, serial, bay)  values (304,"199ada17-c8e7-498c-b0d6-2c74c25789d5",304,0,"ST1000NM0011","SN02","SN02",7);
insert into hardware_profile_disk (id, name, size, hardware_profile_id) values (305,"sdj",3000592982016,15);
insert into hardware_profile_physical_disk (id, uuid, hardware_profile_disk_id, seq, model, firmware, serial, bay)  values (305,"508a8145-ec6a-4c35-8ec1-1ad853cab25f",305,0,"ST1000NM0011","SN02","SN02",8);
insert into hardware_profile_disk (id, name, size, hardware_profile_id) values (306,"sdk",3000592982016,15);
insert into hardware_profile_physical_disk (id, uuid, hardware_profile_disk_id, seq, model, firmware, serial, bay)  values (306,"e14d7528-2545-4634-b649-73ad6c7d0223",306,0,"ST1000NM0011","SN02","SN02",9);
insert into hardware_profile_disk (id, name, size, hardware_profile_id) values (307,"sdl",3000592982016,15);
insert into hardware_profile_physical_disk (id, uuid, hardware_profile_disk_id, seq, model, firmware, serial, bay)  values (307,"22de4d2a-a1de-47d8-9e34-ca4872dbea92",307,0,"ST1000NM0011","SN02","SN02",10);
insert into hardware_profile_disk (id, name, size, hardware_profile_id) values (308,"sdm",3000592982016,15);
insert into hardware_profile_physical_disk (id, uuid, hardware_profile_disk_id, seq, model, firmware, serial, bay)  values (308,"91ac34f5-b483-4808-b765-d6ac1890e221",308,0,"ST1000NM0011","SN02","SN02",11);
insert into hardware_profile_disk (id, name, size, hardware_profile_id) values (309,"sdn",3000592982016,15);
insert into hardware_profile_physical_disk (id, uuid, hardware_profile_disk_id, seq, model, firmware, serial, bay)  values (309,"9519b192-cef6-4346-a8e6-d6dcefd8ddc0",309,0,"ST1000NM0011","SN02","SN02",12);
insert into hardware_profile_disk (id, name, size, hardware_profile_id) values (310,"sdo",3000592982016,15);
insert into hardware_profile_physical_disk (id, uuid, hardware_profile_disk_id, seq, model, firmware, serial, bay)  values (310,"60cd15b5-3c1b-407b-ada6-f4c242012401",310,0,"ST1000NM0011","SN02","SN02",13);
insert into hardware_profile_disk (id, name, size, hardware_profile_id) values (311,"sdp",3000592982016,15);
insert into hardware_profile_physical_disk (id, uuid, hardware_profile_disk_id, seq, model, firmware, serial, bay)  values (311,"f91cff38-3bd5-4d96-af4d-b2b026aaf007",311,0,"ST1000NM0011","SN02","SN02",14);
insert into hardware_profile_disk (id, name, size, hardware_profile_id) values (312,"sdq",3000592982016,15);
insert into hardware_profile_physical_disk (id, uuid, hardware_profile_disk_id, seq, model, firmware, serial, bay)  values (312,"92399e04-dd33-4cac-81cd-49fd93914201",312,0,"ST1000NM0011","SN02","SN02",15);
insert into hardware_profile_disk (id, name, size, hardware_profile_id) values (313,"sdr",3000592982016,15);
insert into hardware_profile_physical_disk (id, uuid, hardware_profile_disk_id, seq, model, firmware, serial, bay)  values (313,"1125d812-61e5-4bcb-84d8-934963496ffa",313,0,"ST1000NM0011","SN02","SN02",16);
insert into hardware_profile_disk (id, name, size, hardware_profile_id) values (314,"sds",3000592982016,15);
insert into hardware_profile_physical_disk (id, uuid, hardware_profile_disk_id, seq, model, firmware, serial, bay)  values (314,"e5ba6d92-3000-4202-b167-2c5179eff2de",314,0,"ST1000NM0011","SN02","SN02",17);
insert into hardware_profile_disk (id, name, size, hardware_profile_id) values (315,"sdt",3000592982016,15);
insert into hardware_profile_physical_disk (id, uuid, hardware_profile_disk_id, seq, model, firmware, serial, bay)  values (315,"9a3742e7-de84-4f3e-8b8c-beba806b774d",315,0,"ST1000NM0011","SN02","SN02",18);
insert into hardware_profile_disk (id, name, size, hardware_profile_id) values (316,"sdu",3000592982016,15);
insert into hardware_profile_physical_disk (id, uuid, hardware_profile_disk_id, seq, model, firmware, serial, bay)  values (316,"47252ca1-3993-4524-aafb-2d6a51226541",316,0,"ST1000NM0011","SN02","SN02",19);
insert into hardware_profile_disk (id, name, size, hardware_profile_id) values (317,"sdv",3000592982016,15);
insert into hardware_profile_physical_disk (id, uuid, hardware_profile_disk_id, seq, model, firmware, serial, bay)  values (317,"c8d4d14e-a385-46e2-ac51-d1a7c5e75ec4",317,0,"ST1000NM0011","SN02","SN02",20);
insert into hardware_profile_disk (id, name, size, hardware_profile_id) values (318,"sdw",3000592982016,15);
insert into hardware_profile_physical_disk (id, uuid, hardware_profile_disk_id, seq, model, firmware, serial, bay)  values (318,"ad2579cd-be34-41d5-9630-ab18dab58a15",318,0,"ST1000NM0011","SN02","SN02",21);
insert into hardware_profile_disk (id, name, size, hardware_profile_id) values (319,"sdx",3000592982016,15);
insert into hardware_profile_physical_disk (id, uuid, hardware_profile_disk_id, seq, model, firmware, serial, bay)  values (319,"7c5c4d2e-d9db-4f69-93e3-1c31115573ef",319,0,"ST1000NM0011","SN02","SN02",22);
insert into hardware_profile_disk (id, name, size, hardware_profile_id) values (320,"sdy",3000592982016,15);
insert into hardware_profile_physical_disk (id, uuid, hardware_profile_disk_id, seq, model, firmware, serial, bay)  values (320,"bee9119a-eacb-40e2-8e25-c0e405b42899",320,0,"ST1000NM0011","SN02","SN02",23);
insert into hardware_profile_disk (id, name, size, hardware_profile_id) values (321,"sdz",3000592982016,15);
insert into hardware_profile_physical_disk (id, uuid, hardware_profile_disk_id, seq, model, firmware, serial, bay)  values (321,"1b9a0ac4-b59c-4bf4-bd4c-d763d434bcdb",321,0,"ST1000NM0011","SN02","SN02",24);
insert into hardware_profile_disk (id, name, size, hardware_profile_id) values (322,"sdaa",3000592982016,15);
insert into hardware_profile_physical_disk (id, uuid, hardware_profile_disk_id, seq, model, firmware, serial, bay)  values (322,"940dfc43-be02-4275-be25-83c8e7e3f65a",322,0,"ST1000NM0011","SN02","SN02",25);
insert into hardware_profile_disk (id, name, size, hardware_profile_id) values (323,"sdab",3000592982016,15);
insert into hardware_profile_physical_disk (id, uuid, hardware_profile_disk_id, seq, model, firmware, serial, bay)  values (323,"8229f3cc-2bd0-4c1f-873b-88f8b13db7f5",323,0,"ST1000NM0011","SN02","SN02",26);
insert into hardware_profile_disk (id, name, size, hardware_profile_id) values (324,"sdac",3000592982016,15);
insert into hardware_profile_physical_disk (id, uuid, hardware_profile_disk_id, seq, model, firmware, serial, bay)  values (324,"2b7a0f83-edf7-4698-b21e-f8141b3c89ba",324,0,"ST1000NM0011","SN02","SN02",27);
insert into hardware_profile_disk (id, name, size, hardware_profile_id) values (325,"sdad",3000592982016,15);
insert into hardware_profile_physical_disk (id, uuid, hardware_profile_disk_id, seq, model, firmware, serial, bay)  values (325,"40428c1b-69d0-413f-90f3-feedfad88499",325,0,"ST1000NM0011","SN02","SN02",28);
insert into hardware_profile_disk (id, name, size, hardware_profile_id) values (326,"sdae",3000592982016,15);
insert into hardware_profile_physical_disk (id, uuid, hardware_profile_disk_id, seq, model, firmware, serial, bay)  values (326,"e0fb11f0-c8e1-4e1f-bf60-c5046848f452",326,0,"ST1000NM0011","SN02","SN02",29);
insert into hardware_profile_disk (id, name, size, hardware_profile_id) values (327,"sdaf",3000592982016,15);
insert into hardware_profile_physical_disk (id, uuid, hardware_profile_disk_id, seq, model, firmware, serial, bay)  values (327,"dd7dce13-28fb-4f21-b0a3-e1c3c8b68223",327,0,"ST1000NM0011","SN02","SN02",30);
insert into hardware_profile_disk (id, name, size, hardware_profile_id) values (328,"sdag",3000592982016,15);
insert into hardware_profile_physical_disk (id, uuid, hardware_profile_disk_id, seq, model, firmware, serial, bay)  values (328,"faa6dfd4-74fa-479a-a4ad-18e74be3b08f",328,0,"ST1000NM0011","SN02","SN02",31);
insert into hardware_profile_disk (id, name, size, hardware_profile_id) values (329,"sdah",3000592982016,15);
insert into hardware_profile_physical_disk (id, uuid, hardware_profile_disk_id, seq, model, firmware, serial, bay)  values (329,"80c698bd-c9c8-48ee-9dab-ef43617aba05",329,0,"ST1000NM0011","SN02","SN02",32);
insert into hardware_profile_disk (id, name, size, hardware_profile_id) values (330,"sdai",3000592982016,15);
insert into hardware_profile_physical_disk (id, uuid, hardware_profile_disk_id, seq, model, firmware, serial, bay)  values (330,"2a801c93-10e9-4ff9-8639-b39b51fa58c7",330,0,"ST1000NM0011","SN02","SN02",33);
insert into hardware_profile_disk (id, name, size, hardware_profile_id) values (331,"sdaj",3000592982016,15);
insert into hardware_profile_physical_disk (id, uuid, hardware_profile_disk_id, seq, model, firmware, serial, bay)  values (331,"aca5cff5-126b-45af-aa94-654fa6dc2233",331,0,"ST1000NM0011","SN02","SN02",34);
insert into hardware_profile_disk (id, name, size, hardware_profile_id) values (332,"sdak",3000592982016,15);
insert into hardware_profile_physical_disk (id, uuid, hardware_profile_disk_id, seq, model, firmware, serial, bay)  values (332,"61f759b4-d7a8-4849-9bf6-02bc7d869236",332,0,"ST1000NM0011","SN02","SN02",35);
insert into hardware_profile_disk (id, name, size, hardware_profile_id) values (333,"sdal",3000592982016,15);
insert into hardware_profile_physical_disk (id, uuid, hardware_profile_disk_id, seq, model, firmware, serial, bay)  values (333,"76c199f9-8e18-4a19-be99-88c1576b46ba",333,0,"ST1000NM0011","SN02","SN02",36);
insert into hardware_profile_disk (id, name, size, hardware_profile_id) values (334,"sdam",3000592982016,15);
insert into hardware_profile_physical_disk (id, uuid, hardware_profile_disk_id, seq, model, firmware, serial, bay)  values (334,"e13c5f55-898a-49e0-ba09-cb82d130de31",334,0,"ST1000NM0011","SN02","SN02",37);
insert into hardware_profile_disk (id, name, size, hardware_profile_id) values (335,"sdan",3000592982016,15);
insert into hardware_profile_physical_disk (id, uuid, hardware_profile_disk_id, seq, model, firmware, serial, bay)  values (335,"7939998c-c3ab-4bb0-a771-2d23720cf05f",335,0,"ST1000NM0011","SN02","SN02",38);
insert into hardware_profile_disk (id, name, size, hardware_profile_id) values (336,"sdao",3000592982016,15);
insert into hardware_profile_physical_disk (id, uuid, hardware_profile_disk_id, seq, model, firmware, serial, bay)  values (336,"7545156b-0da4-40ec-8e9a-bd173d499fc7",336,0,"ST1000NM0011","SN02","SN02",39);
insert into hardware_profile_disk (id, name, size, hardware_profile_id) values (337,"sdap",3000592982016,15);
insert into hardware_profile_physical_disk (id, uuid, hardware_profile_disk_id, seq, model, firmware, serial, bay)  values (337,"c1387969-4b8f-4c38-9c55-2876fe7f0a4f",337,0,"ST1000NM0011","SN02","SN02",40);
insert into hardware_profile_disk (id, name, size, hardware_profile_id) values (338,"sdaq",3000592982016,15);
insert into hardware_profile_physical_disk (id, uuid, hardware_profile_disk_id, seq, model, firmware, serial, bay)  values (338,"a3a19168-9855-462b-b5cd-2e1b5b305c8d",338,0,"ST1000NM0011","SN02","SN02",41);
insert into hardware_profile_disk (id, name, size, hardware_profile_id) values (339,"sdar",3000592982016,15);
insert into hardware_profile_physical_disk (id, uuid, hardware_profile_disk_id, seq, model, firmware, serial, bay)  values (339,"859bf944-dd1d-4a5b-8af6-381f33c688f1",339,0,"ST1000NM0011","SN02","SN02",42);
insert into hardware_profile_disk (id, name, size, hardware_profile_id) values (340,"sdas",3000592982016,15);
insert into hardware_profile_physical_disk (id, uuid, hardware_profile_disk_id, seq, model, firmware, serial, bay)  values (340,"b6cf273b-a765-49fe-a9b5-fffa53c94b32",340,0,"ST1000NM0011","SN02","SN02",43);
insert into hardware_profile_disk (id, name, size, hardware_profile_id) values (341,"sdat",3000592982016,15);
insert into hardware_profile_physical_disk (id, uuid, hardware_profile_disk_id, seq, model, firmware, serial, bay)  values (341,"4f7fad8c-482b-4bcd-aa2c-19d4c0c303a1",341,0,"ST1000NM0011","SN02","SN02",44);
update device set hardware_profile_id=15 where id=15;
insert into device(id, creation_date, hostname, uuid, device_type, dsnet_id, site_id, approved_through_date, hardware_profile_id, public_key_fingerprint) values (16,"11/11/2015","Slicestor 2420","46d89fd7-f41c-47a0-8c2b-a374566695b9","slicestor",1,null,"2015-11-11 11:23:52",null,"b5:a0:d8:4f:f0:bd:1c:bb:d1:09:26:7a:c1:7f:31:19:2b:d2:fa:b16");
insert into hardware_profile (id, creation_date, version, model, model_code, device_id, serial, storage_size, bios_date, bios_version, bmc_firmware, os_drive_name) values (16, 1447187574944,"3.7.0.58","Slicestor 2420","M23-1",16,"258113122061",104193095770112,"11/11/2015","1.0b-1","3.21 [0x6, 0x0, 0x0, 0x0]","sda");
insert into hardware_profile_disk (id, name, size, hardware_profile_id) values (342,"sdb",3000592982016,16);
insert into hardware_profile_physical_disk (id, uuid, hardware_profile_disk_id, seq, model, firmware, serial, bay)  values (342,"af844aee-43a8-4702-a4e9-5088bcdd46c7",342,0,"ST1000NM0011","SN02","SN02",0);
insert into hardware_profile_disk (id, name, size, hardware_profile_id) values (343,"sdc",3000592982016,16);
insert into hardware_profile_physical_disk (id, uuid, hardware_profile_disk_id, seq, model, firmware, serial, bay)  values (343,"d81abd23-f946-41fc-8763-beb3f5e98c65",343,0,"ST1000NM0011","SN02","SN02",1);
insert into hardware_profile_disk (id, name, size, hardware_profile_id) values (344,"sdd",3000592982016,16);
insert into hardware_profile_physical_disk (id, uuid, hardware_profile_disk_id, seq, model, firmware, serial, bay)  values (344,"c7eccf25-daac-411f-ae14-6a9219c9009f",344,0,"ST1000NM0011","SN02","SN02",2);
insert into hardware_profile_disk (id, name, size, hardware_profile_id) values (345,"sde",3000592982016,16);
insert into hardware_profile_physical_disk (id, uuid, hardware_profile_disk_id, seq, model, firmware, serial, bay)  values (345,"21745b1e-b849-4249-add0-930c733db08d",345,0,"ST1000NM0011","SN02","SN02",3);
insert into hardware_profile_disk (id, name, size, hardware_profile_id) values (346,"sdf",3000592982016,16);
insert into hardware_profile_physical_disk (id, uuid, hardware_profile_disk_id, seq, model, firmware, serial, bay)  values (346,"ca49c952-8a90-45bc-a13b-755f9f6f489d",346,0,"ST1000NM0011","SN02","SN02",4);
insert into hardware_profile_disk (id, name, size, hardware_profile_id) values (347,"sdg",3000592982016,16);
insert into hardware_profile_physical_disk (id, uuid, hardware_profile_disk_id, seq, model, firmware, serial, bay)  values (347,"a92ee524-1ad9-4a80-bc78-d97bba6044d3",347,0,"ST1000NM0011","SN02","SN02",5);
insert into hardware_profile_disk (id, name, size, hardware_profile_id) values (348,"sdh",3000592982016,16);
insert into hardware_profile_physical_disk (id, uuid, hardware_profile_disk_id, seq, model, firmware, serial, bay)  values (348,"a26ded26-282c-432f-b607-fe3c320760c8",348,0,"ST1000NM0011","SN02","SN02",6);
insert into hardware_profile_disk (id, name, size, hardware_profile_id) values (349,"sdi",3000592982016,16);
insert into hardware_profile_physical_disk (id, uuid, hardware_profile_disk_id, seq, model, firmware, serial, bay)  values (349,"3efd619c-45b1-4f27-89b6-4c1e52d21d33",349,0,"ST1000NM0011","SN02","SN02",7);
insert into hardware_profile_disk (id, name, size, hardware_profile_id) values (350,"sdj",3000592982016,16);
insert into hardware_profile_physical_disk (id, uuid, hardware_profile_disk_id, seq, model, firmware, serial, bay)  values (350,"1a87921a-4db9-454f-8265-383b6378d7a6",350,0,"ST1000NM0011","SN02","SN02",8);
insert into hardware_profile_disk (id, name, size, hardware_profile_id) values (351,"sdk",3000592982016,16);
insert into hardware_profile_physical_disk (id, uuid, hardware_profile_disk_id, seq, model, firmware, serial, bay)  values (351,"e8256196-3464-45f6-8b41-7e2f23d8861e",351,0,"ST1000NM0011","SN02","SN02",9);
insert into hardware_profile_disk (id, name, size, hardware_profile_id) values (352,"sdl",3000592982016,16);
insert into hardware_profile_physical_disk (id, uuid, hardware_profile_disk_id, seq, model, firmware, serial, bay)  values (352,"844d0a51-5095-4adb-84a1-3ddca66dd69d",352,0,"ST1000NM0011","SN02","SN02",10);
insert into hardware_profile_disk (id, name, size, hardware_profile_id) values (353,"sdm",3000592982016,16);
insert into hardware_profile_physical_disk (id, uuid, hardware_profile_disk_id, seq, model, firmware, serial, bay)  values (353,"5e3c4c2b-4374-42aa-8ebc-5d4cebddc942",353,0,"ST1000NM0011","SN02","SN02",11);
insert into hardware_profile_disk (id, name, size, hardware_profile_id) values (354,"sdn",3000592982016,16);
insert into hardware_profile_physical_disk (id, uuid, hardware_profile_disk_id, seq, model, firmware, serial, bay)  values (354,"0b6e979d-8588-4947-9689-efb81b0afc12",354,0,"ST1000NM0011","SN02","SN02",12);
insert into hardware_profile_disk (id, name, size, hardware_profile_id) values (355,"sdo",3000592982016,16);
insert into hardware_profile_physical_disk (id, uuid, hardware_profile_disk_id, seq, model, firmware, serial, bay)  values (355,"efd5b47f-6840-4f14-a002-233f9bfd47c6",355,0,"ST1000NM0011","SN02","SN02",13);
insert into hardware_profile_disk (id, name, size, hardware_profile_id) values (356,"sdp",3000592982016,16);
insert into hardware_profile_physical_disk (id, uuid, hardware_profile_disk_id, seq, model, firmware, serial, bay)  values (356,"7bcc4103-7f4a-4ae9-a10e-fb5fc71b1dfc",356,0,"ST1000NM0011","SN02","SN02",14);
insert into hardware_profile_disk (id, name, size, hardware_profile_id) values (357,"sdq",3000592982016,16);
insert into hardware_profile_physical_disk (id, uuid, hardware_profile_disk_id, seq, model, firmware, serial, bay)  values (357,"59bb4788-a67f-445a-997a-b1911b7c85d8",357,0,"ST1000NM0011","SN02","SN02",15);
insert into hardware_profile_disk (id, name, size, hardware_profile_id) values (358,"sdr",3000592982016,16);
insert into hardware_profile_physical_disk (id, uuid, hardware_profile_disk_id, seq, model, firmware, serial, bay)  values (358,"9d03e56e-e5f0-49b1-b821-103b5ff418f0",358,0,"ST1000NM0011","SN02","SN02",16);
insert into hardware_profile_disk (id, name, size, hardware_profile_id) values (359,"sds",3000592982016,16);
insert into hardware_profile_physical_disk (id, uuid, hardware_profile_disk_id, seq, model, firmware, serial, bay)  values (359,"04e67e74-0bde-430c-b944-990ae5b2f6ce",359,0,"ST1000NM0011","SN02","SN02",17);
insert into hardware_profile_disk (id, name, size, hardware_profile_id) values (360,"sdt",3000592982016,16);
insert into hardware_profile_physical_disk (id, uuid, hardware_profile_disk_id, seq, model, firmware, serial, bay)  values (360,"458e4f61-8f1c-4adc-a974-b904a116780e",360,0,"ST1000NM0011","SN02","SN02",18);
insert into hardware_profile_disk (id, name, size, hardware_profile_id) values (361,"sdu",3000592982016,16);
insert into hardware_profile_physical_disk (id, uuid, hardware_profile_disk_id, seq, model, firmware, serial, bay)  values (361,"c0b73ef3-d717-4cbf-aeb0-bc35d62cbcb6",361,0,"ST1000NM0011","SN02","SN02",19);
insert into hardware_profile_disk (id, name, size, hardware_profile_id) values (362,"sdv",3000592982016,16);
insert into hardware_profile_physical_disk (id, uuid, hardware_profile_disk_id, seq, model, firmware, serial, bay)  values (362,"0693ee38-6463-4c5c-bf23-406340c7dea8",362,0,"ST1000NM0011","SN02","SN02",20);
insert into hardware_profile_disk (id, name, size, hardware_profile_id) values (363,"sdw",3000592982016,16);
insert into hardware_profile_physical_disk (id, uuid, hardware_profile_disk_id, seq, model, firmware, serial, bay)  values (363,"3bb1f64f-a143-42c2-92f4-d8a7240dbbe0",363,0,"ST1000NM0011","SN02","SN02",21);
insert into hardware_profile_disk (id, name, size, hardware_profile_id) values (364,"sdx",3000592982016,16);
insert into hardware_profile_physical_disk (id, uuid, hardware_profile_disk_id, seq, model, firmware, serial, bay)  values (364,"d1ea3fc5-8c14-4f42-9a71-56bedf18638e",364,0,"ST1000NM0011","SN02","SN02",22);
insert into hardware_profile_disk (id, name, size, hardware_profile_id) values (365,"sdy",3000592982016,16);
insert into hardware_profile_physical_disk (id, uuid, hardware_profile_disk_id, seq, model, firmware, serial, bay)  values (365,"f7369fde-cd0d-43a5-9033-86f7a4dd11bf",365,0,"ST1000NM0011","SN02","SN02",23);
insert into hardware_profile_disk (id, name, size, hardware_profile_id) values (366,"sdz",3000592982016,16);
insert into hardware_profile_physical_disk (id, uuid, hardware_profile_disk_id, seq, model, firmware, serial, bay)  values (366,"f5d15e84-1df3-4724-b55c-a706bd7d932b",366,0,"ST1000NM0011","SN02","SN02",24);
insert into hardware_profile_disk (id, name, size, hardware_profile_id) values (367,"sdaa",3000592982016,16);
insert into hardware_profile_physical_disk (id, uuid, hardware_profile_disk_id, seq, model, firmware, serial, bay)  values (367,"9687b81c-73e6-4c32-a29f-870a4296576f",367,0,"ST1000NM0011","SN02","SN02",25);
insert into hardware_profile_disk (id, name, size, hardware_profile_id) values (368,"sdab",3000592982016,16);
insert into hardware_profile_physical_disk (id, uuid, hardware_profile_disk_id, seq, model, firmware, serial, bay)  values (368,"76f5cc02-5196-4f3a-83d6-ab8f1d322a4a",368,0,"ST1000NM0011","SN02","SN02",26);
insert into hardware_profile_disk (id, name, size, hardware_profile_id) values (369,"sdac",3000592982016,16);
insert into hardware_profile_physical_disk (id, uuid, hardware_profile_disk_id, seq, model, firmware, serial, bay)  values (369,"e60f1acd-c36f-41ee-99d5-2bf83ffa4ade",369,0,"ST1000NM0011","SN02","SN02",27);
insert into hardware_profile_disk (id, name, size, hardware_profile_id) values (370,"sdad",3000592982016,16);
insert into hardware_profile_physical_disk (id, uuid, hardware_profile_disk_id, seq, model, firmware, serial, bay)  values (370,"5012fdde-720d-4350-a25a-c316a7a3590a",370,0,"ST1000NM0011","SN02","SN02",28);
insert into hardware_profile_disk (id, name, size, hardware_profile_id) values (371,"sdae",3000592982016,16);
insert into hardware_profile_physical_disk (id, uuid, hardware_profile_disk_id, seq, model, firmware, serial, bay)  values (371,"43dd9aed-1cee-4572-8f80-9bb6d6854e17",371,0,"ST1000NM0011","SN02","SN02",29);
insert into hardware_profile_disk (id, name, size, hardware_profile_id) values (372,"sdaf",3000592982016,16);
insert into hardware_profile_physical_disk (id, uuid, hardware_profile_disk_id, seq, model, firmware, serial, bay)  values (372,"e3766e16-0fa5-449a-b00e-9e9f00148a90",372,0,"ST1000NM0011","SN02","SN02",30);
insert into hardware_profile_disk (id, name, size, hardware_profile_id) values (373,"sdag",3000592982016,16);
insert into hardware_profile_physical_disk (id, uuid, hardware_profile_disk_id, seq, model, firmware, serial, bay)  values (373,"f6c6063e-b47e-47d1-8146-3493fcec6762",373,0,"ST1000NM0011","SN02","SN02",31);
insert into hardware_profile_disk (id, name, size, hardware_profile_id) values (374,"sdah",3000592982016,16);
insert into hardware_profile_physical_disk (id, uuid, hardware_profile_disk_id, seq, model, firmware, serial, bay)  values (374,"1cd6b579-f78b-4bdb-95fc-7555496dbdc8",374,0,"ST1000NM0011","SN02","SN02",32);
insert into hardware_profile_disk (id, name, size, hardware_profile_id) values (375,"sdai",3000592982016,16);
insert into hardware_profile_physical_disk (id, uuid, hardware_profile_disk_id, seq, model, firmware, serial, bay)  values (375,"49ab104c-2b09-4fa8-9ce6-578c79242aec",375,0,"ST1000NM0011","SN02","SN02",33);
insert into hardware_profile_disk (id, name, size, hardware_profile_id) values (376,"sdaj",3000592982016,16);
insert into hardware_profile_physical_disk (id, uuid, hardware_profile_disk_id, seq, model, firmware, serial, bay)  values (376,"b7e49e72-bc29-46fa-96bd-92be881cf07b",376,0,"ST1000NM0011","SN02","SN02",34);
insert into hardware_profile_disk (id, name, size, hardware_profile_id) values (377,"sdak",3000592982016,16);
insert into hardware_profile_physical_disk (id, uuid, hardware_profile_disk_id, seq, model, firmware, serial, bay)  values (377,"c024bfad-f245-485a-b80d-a1ac2fbf4501",377,0,"ST1000NM0011","SN02","SN02",35);
insert into hardware_profile_disk (id, name, size, hardware_profile_id) values (378,"sdal",3000592982016,16);
insert into hardware_profile_physical_disk (id, uuid, hardware_profile_disk_id, seq, model, firmware, serial, bay)  values (378,"696cba7e-3f2d-414f-91da-57074003623b",378,0,"ST1000NM0011","SN02","SN02",36);
insert into hardware_profile_disk (id, name, size, hardware_profile_id) values (379,"sdam",3000592982016,16);
insert into hardware_profile_physical_disk (id, uuid, hardware_profile_disk_id, seq, model, firmware, serial, bay)  values (379,"032ae1a6-0c71-4cdb-b894-3e01e3e42ad2",379,0,"ST1000NM0011","SN02","SN02",37);
insert into hardware_profile_disk (id, name, size, hardware_profile_id) values (380,"sdan",3000592982016,16);
insert into hardware_profile_physical_disk (id, uuid, hardware_profile_disk_id, seq, model, firmware, serial, bay)  values (380,"8284229e-93fc-4a6f-bbb7-d0c4e1fbec74",380,0,"ST1000NM0011","SN02","SN02",38);
insert into hardware_profile_disk (id, name, size, hardware_profile_id) values (381,"sdao",3000592982016,16);
insert into hardware_profile_physical_disk (id, uuid, hardware_profile_disk_id, seq, model, firmware, serial, bay)  values (381,"f2ca12c4-b38d-47ef-81ee-723cef085c1a",381,0,"ST1000NM0011","SN02","SN02",39);
insert into hardware_profile_disk (id, name, size, hardware_profile_id) values (382,"sdap",3000592982016,16);
insert into hardware_profile_physical_disk (id, uuid, hardware_profile_disk_id, seq, model, firmware, serial, bay)  values (382,"98537afc-3c07-4099-ae25-2606ab27cc63",382,0,"ST1000NM0011","SN02","SN02",40);
insert into hardware_profile_disk (id, name, size, hardware_profile_id) values (383,"sdaq",3000592982016,16);
insert into hardware_profile_physical_disk (id, uuid, hardware_profile_disk_id, seq, model, firmware, serial, bay)  values (383,"c4c74d51-97a5-4807-b7d2-b803de86b190",383,0,"ST1000NM0011","SN02","SN02",41);
insert into hardware_profile_disk (id, name, size, hardware_profile_id) values (384,"sdar",3000592982016,16);
insert into hardware_profile_physical_disk (id, uuid, hardware_profile_disk_id, seq, model, firmware, serial, bay)  values (384,"c34ae9bd-5ee0-4a8a-8de9-9bebdcca6f38",384,0,"ST1000NM0011","SN02","SN02",42);
insert into hardware_profile_disk (id, name, size, hardware_profile_id) values (385,"sdas",3000592982016,16);
insert into hardware_profile_physical_disk (id, uuid, hardware_profile_disk_id, seq, model, firmware, serial, bay)  values (385,"2cc650f1-3617-4c7e-bb2a-495f0cbf5ee5",385,0,"ST1000NM0011","SN02","SN02",43);
insert into hardware_profile_disk (id, name, size, hardware_profile_id) values (386,"sdat",3000592982016,16);
insert into hardware_profile_physical_disk (id, uuid, hardware_profile_disk_id, seq, model, firmware, serial, bay)  values (386,"583114e6-73c9-48a7-985e-158cbcfdf932",386,0,"ST1000NM0011","SN02","SN02",44);
update device set hardware_profile_id=16 where id=16;
insert into device(id, creation_date, hostname, uuid, device_type, dsnet_id, site_id, approved_through_date, hardware_profile_id, public_key_fingerprint) values (17,"11/11/2015","Slicestor 3510","8ff1ad07-0e5a-4cba-8f1a-bd8979ff3ba4","slicestor",1,null,"2015-11-11 11:23:52",null,"b5:a0:d8:4f:f0:bd:1c:bb:d1:09:26:7a:c1:7f:31:19:2b:d2:fa:b17");
insert into hardware_profile (id, creation_date, version, model, model_code, device_id, serial, storage_size, bios_date, bios_version, bmc_firmware, os_drive_name) values (17, 1447187574944,"3.7.0.58","Slicestor 3510","M26-1",17,"258113122061",104193095770112,"11/11/2015","1.0b-1","3.21 [0x6, 0x0, 0x0, 0x0]","sda");
insert into hardware_profile_disk (id, name, size, hardware_profile_id) values (387,"sdb",3000592982016,17);
insert into hardware_profile_physical_disk (id, uuid, hardware_profile_disk_id, seq, model, firmware, serial, bay)  values (387,"a1b32e15-7407-4633-8819-dbf3adaaf020",387,0,"ST1000NM0011","SN02","SN02",0);
insert into hardware_profile_disk (id, name, size, hardware_profile_id) values (388,"sdc",3000592982016,17);
insert into hardware_profile_physical_disk (id, uuid, hardware_profile_disk_id, seq, model, firmware, serial, bay)  values (388,"cc61cfe8-5d0b-4162-abe3-88dbd34920a9",388,0,"ST1000NM0011","SN02","SN02",1);
insert into hardware_profile_disk (id, name, size, hardware_profile_id) values (389,"sdd",3000592982016,17);
insert into hardware_profile_physical_disk (id, uuid, hardware_profile_disk_id, seq, model, firmware, serial, bay)  values (389,"3d51c81e-1702-4e5c-8983-7e5442e72e2a",389,0,"ST1000NM0011","SN02","SN02",2);
insert into hardware_profile_disk (id, name, size, hardware_profile_id) values (390,"sde",3000592982016,17);
insert into hardware_profile_physical_disk (id, uuid, hardware_profile_disk_id, seq, model, firmware, serial, bay)  values (390,"5aa8fb18-40e9-4487-8b99-1606279d2756",390,0,"ST1000NM0011","SN02","SN02",3);
insert into hardware_profile_disk (id, name, size, hardware_profile_id) values (391,"sdf",3000592982016,17);
insert into hardware_profile_physical_disk (id, uuid, hardware_profile_disk_id, seq, model, firmware, serial, bay)  values (391,"1b48c15a-6752-451c-9c55-420b3b2d3fed",391,0,"ST1000NM0011","SN02","SN02",4);
insert into hardware_profile_disk (id, name, size, hardware_profile_id) values (392,"sdg",3000592982016,17);
insert into hardware_profile_physical_disk (id, uuid, hardware_profile_disk_id, seq, model, firmware, serial, bay)  values (392,"2adbaf9e-3c21-4987-844f-b397f52b9556",392,0,"ST1000NM0011","SN02","SN02",5);
insert into hardware_profile_disk (id, name, size, hardware_profile_id) values (393,"sdh",3000592982016,17);
insert into hardware_profile_physical_disk (id, uuid, hardware_profile_disk_id, seq, model, firmware, serial, bay)  values (393,"f77474ae-9fb8-4e20-afb3-2226ddfa6420",393,0,"ST1000NM0011","SN02","SN02",6);
insert into hardware_profile_disk (id, name, size, hardware_profile_id) values (394,"sdi",3000592982016,17);
insert into hardware_profile_physical_disk (id, uuid, hardware_profile_disk_id, seq, model, firmware, serial, bay)  values (394,"765d7fb0-0d56-45f3-950a-883fbc5db09c",394,0,"ST1000NM0011","SN02","SN02",7);
insert into hardware_profile_disk (id, name, size, hardware_profile_id) values (395,"sdj",3000592982016,17);
insert into hardware_profile_physical_disk (id, uuid, hardware_profile_disk_id, seq, model, firmware, serial, bay)  values (395,"69a83e27-723a-444f-b1a5-ec715428cf1a",395,0,"ST1000NM0011","SN02","SN02",8);
insert into hardware_profile_disk (id, name, size, hardware_profile_id) values (396,"sdk",3000592982016,17);
insert into hardware_profile_physical_disk (id, uuid, hardware_profile_disk_id, seq, model, firmware, serial, bay)  values (396,"02516a67-94f7-4321-935d-4555f52cace4",396,0,"ST1000NM0011","SN02","SN02",9);
insert into hardware_profile_disk (id, name, size, hardware_profile_id) values (397,"sdl",3000592982016,17);
insert into hardware_profile_physical_disk (id, uuid, hardware_profile_disk_id, seq, model, firmware, serial, bay)  values (397,"9b6360b2-0ef2-453c-be28-da5071c04988",397,0,"ST1000NM0011","SN02","SN02",10);
insert into hardware_profile_disk (id, name, size, hardware_profile_id) values (398,"sdm",3000592982016,17);
insert into hardware_profile_physical_disk (id, uuid, hardware_profile_disk_id, seq, model, firmware, serial, bay)  values (398,"eb6b9abb-eb27-4e74-bb8d-706b112ff869",398,0,"ST1000NM0011","SN02","SN02",11);
insert into hardware_profile_disk (id, name, size, hardware_profile_id) values (399,"sdn",3000592982016,17);
insert into hardware_profile_physical_disk (id, uuid, hardware_profile_disk_id, seq, model, firmware, serial, bay)  values (399,"8af3dedd-0484-4a06-9efa-bec044b43a9b",399,0,"ST1000NM0011","SN02","SN02",12);
insert into hardware_profile_disk (id, name, size, hardware_profile_id) values (400,"sdo",3000592982016,17);
insert into hardware_profile_physical_disk (id, uuid, hardware_profile_disk_id, seq, model, firmware, serial, bay)  values (400,"18f12eaf-f4c6-4702-a25a-36855f0f7aee",400,0,"ST1000NM0011","SN02","SN02",13);
insert into hardware_profile_disk (id, name, size, hardware_profile_id) values (401,"sdp",3000592982016,17);
insert into hardware_profile_physical_disk (id, uuid, hardware_profile_disk_id, seq, model, firmware, serial, bay)  values (401,"42e524d2-de9a-43e7-93c8-76c9dda423ca",401,0,"ST1000NM0011","SN02","SN02",14);
insert into hardware_profile_disk (id, name, size, hardware_profile_id) values (402,"sdq",3000592982016,17);
insert into hardware_profile_physical_disk (id, uuid, hardware_profile_disk_id, seq, model, firmware, serial, bay)  values (402,"5cee81ee-e342-407e-abf1-8a56cdfe5049",402,0,"ST1000NM0011","SN02","SN02",15);
insert into hardware_profile_disk (id, name, size, hardware_profile_id) values (403,"sdr",3000592982016,17);
insert into hardware_profile_physical_disk (id, uuid, hardware_profile_disk_id, seq, model, firmware, serial, bay)  values (403,"2390cb88-c5ee-4875-bda6-4c7db05e23fe",403,0,"ST1000NM0011","SN02","SN02",16);
insert into hardware_profile_disk (id, name, size, hardware_profile_id) values (404,"sds",3000592982016,17);
insert into hardware_profile_physical_disk (id, uuid, hardware_profile_disk_id, seq, model, firmware, serial, bay)  values (404,"e43f240d-0aee-41bf-a47c-4c779b20e076",404,0,"ST1000NM0011","SN02","SN02",17);
insert into hardware_profile_disk (id, name, size, hardware_profile_id) values (405,"sdt",3000592982016,17);
insert into hardware_profile_physical_disk (id, uuid, hardware_profile_disk_id, seq, model, firmware, serial, bay)  values (405,"5bb985a1-9110-4f16-b06b-060fee319f19",405,0,"ST1000NM0011","SN02","SN02",18);
insert into hardware_profile_disk (id, name, size, hardware_profile_id) values (406,"sdu",3000592982016,17);
insert into hardware_profile_physical_disk (id, uuid, hardware_profile_disk_id, seq, model, firmware, serial, bay)  values (406,"82b2b6a7-088b-4204-a5b4-bbca2dd38cc4",406,0,"ST1000NM0011","SN02","SN02",19);
insert into hardware_profile_disk (id, name, size, hardware_profile_id) values (407,"sdv",3000592982016,17);
insert into hardware_profile_physical_disk (id, uuid, hardware_profile_disk_id, seq, model, firmware, serial, bay)  values (407,"65e4cc0d-814e-4ed1-8725-2bf5b5c5abb9",407,0,"ST1000NM0011","SN02","SN02",20);
insert into hardware_profile_disk (id, name, size, hardware_profile_id) values (408,"sdw",3000592982016,17);
insert into hardware_profile_physical_disk (id, uuid, hardware_profile_disk_id, seq, model, firmware, serial, bay)  values (408,"72077aee-4003-4756-af56-58f8ea6cc8a5",408,0,"ST1000NM0011","SN02","SN02",21);
insert into hardware_profile_disk (id, name, size, hardware_profile_id) values (409,"sdx",3000592982016,17);
insert into hardware_profile_physical_disk (id, uuid, hardware_profile_disk_id, seq, model, firmware, serial, bay)  values (409,"662f7cec-319a-4968-9ca9-a6a3efad49a1",409,0,"ST1000NM0011","SN02","SN02",22);
insert into hardware_profile_disk (id, name, size, hardware_profile_id) values (410,"sdy",3000592982016,17);
insert into hardware_profile_physical_disk (id, uuid, hardware_profile_disk_id, seq, model, firmware, serial, bay)  values (410,"5c6993e2-6c49-47ae-b633-40b8e19c9111",410,0,"ST1000NM0011","SN02","SN02",23);
insert into hardware_profile_disk (id, name, size, hardware_profile_id) values (411,"sdz",3000592982016,17);
insert into hardware_profile_physical_disk (id, uuid, hardware_profile_disk_id, seq, model, firmware, serial, bay)  values (411,"0be90feb-e6f4-4d32-9b68-fd6e8fc49a45",411,0,"ST1000NM0011","SN02","SN02",24);
insert into hardware_profile_disk (id, name, size, hardware_profile_id) values (412,"sdaa",3000592982016,17);
insert into hardware_profile_physical_disk (id, uuid, hardware_profile_disk_id, seq, model, firmware, serial, bay)  values (412,"12fbbe5a-ead5-4197-8f2d-af5e860e162d",412,0,"ST1000NM0011","SN02","SN02",25);
insert into hardware_profile_disk (id, name, size, hardware_profile_id) values (413,"sdab",3000592982016,17);
insert into hardware_profile_physical_disk (id, uuid, hardware_profile_disk_id, seq, model, firmware, serial, bay)  values (413,"652c24b6-1137-42a8-ab60-427dd67df3aa",413,0,"ST1000NM0011","SN02","SN02",26);
insert into hardware_profile_disk (id, name, size, hardware_profile_id) values (414,"sdac",3000592982016,17);
insert into hardware_profile_physical_disk (id, uuid, hardware_profile_disk_id, seq, model, firmware, serial, bay)  values (414,"a80c5d65-7de4-4910-baa4-59965741ff82",414,0,"ST1000NM0011","SN02","SN02",27);
insert into hardware_profile_disk (id, name, size, hardware_profile_id) values (415,"sdad",3000592982016,17);
insert into hardware_profile_physical_disk (id, uuid, hardware_profile_disk_id, seq, model, firmware, serial, bay)  values (415,"373210dc-14a9-4dcc-a88c-0867bd90cdbb",415,0,"ST1000NM0011","SN02","SN02",28);
insert into hardware_profile_disk (id, name, size, hardware_profile_id) values (416,"sdae",3000592982016,17);
insert into hardware_profile_physical_disk (id, uuid, hardware_profile_disk_id, seq, model, firmware, serial, bay)  values (416,"8b5cc903-4dd4-476f-9a8e-819fc48a3f7c",416,0,"ST1000NM0011","SN02","SN02",29);
insert into hardware_profile_disk (id, name, size, hardware_profile_id) values (417,"sdaf",3000592982016,17);
insert into hardware_profile_physical_disk (id, uuid, hardware_profile_disk_id, seq, model, firmware, serial, bay)  values (417,"d32b2da1-4d0c-43c0-bcde-39b5fc22b96a",417,0,"ST1000NM0011","SN02","SN02",30);
insert into hardware_profile_disk (id, name, size, hardware_profile_id) values (418,"sdag",3000592982016,17);
insert into hardware_profile_physical_disk (id, uuid, hardware_profile_disk_id, seq, model, firmware, serial, bay)  values (418,"e74072ef-8021-415e-9156-9c57eebe37af",418,0,"ST1000NM0011","SN02","SN02",31);
insert into hardware_profile_disk (id, name, size, hardware_profile_id) values (419,"sdah",3000592982016,17);
insert into hardware_profile_physical_disk (id, uuid, hardware_profile_disk_id, seq, model, firmware, serial, bay)  values (419,"ad1a4587-005c-48b2-8716-e37ec6d3f311",419,0,"ST1000NM0011","SN02","SN02",32);
insert into hardware_profile_disk (id, name, size, hardware_profile_id) values (420,"sdai",3000592982016,17);
insert into hardware_profile_physical_disk (id, uuid, hardware_profile_disk_id, seq, model, firmware, serial, bay)  values (420,"922d9347-2d96-4d09-b2fa-1c827b0e4e39",420,0,"ST1000NM0011","SN02","SN02",33);
insert into hardware_profile_disk (id, name, size, hardware_profile_id) values (421,"sdaj",3000592982016,17);
insert into hardware_profile_physical_disk (id, uuid, hardware_profile_disk_id, seq, model, firmware, serial, bay)  values (421,"d666e69f-ad69-4537-83a9-9e8d839cea2a",421,0,"ST1000NM0011","SN02","SN02",34);
insert into hardware_profile_disk (id, name, size, hardware_profile_id) values (422,"sdak",3000592982016,17);
insert into hardware_profile_physical_disk (id, uuid, hardware_profile_disk_id, seq, model, firmware, serial, bay)  values (422,"81f7fd38-8b68-4498-8f4f-fe5362a5e057",422,0,"ST1000NM0011","SN02","SN02",35);
insert into hardware_profile_disk (id, name, size, hardware_profile_id) values (423,"sdal",3000592982016,17);
insert into hardware_profile_physical_disk (id, uuid, hardware_profile_disk_id, seq, model, firmware, serial, bay)  values (423,"f0a9aabb-7a95-49ce-af3b-78d868f74333",423,0,"ST1000NM0011","SN02","SN02",36);
insert into hardware_profile_disk (id, name, size, hardware_profile_id) values (424,"sdam",3000592982016,17);
insert into hardware_profile_physical_disk (id, uuid, hardware_profile_disk_id, seq, model, firmware, serial, bay)  values (424,"78cc1069-86bc-461e-81fd-0e9ea212b4dc",424,0,"ST1000NM0011","SN02","SN02",37);
insert into hardware_profile_disk (id, name, size, hardware_profile_id) values (425,"sdan",3000592982016,17);
insert into hardware_profile_physical_disk (id, uuid, hardware_profile_disk_id, seq, model, firmware, serial, bay)  values (425,"08d9b096-1a3e-4ced-8d2c-0a7e5bebdbd8",425,0,"ST1000NM0011","SN02","SN02",38);
insert into hardware_profile_disk (id, name, size, hardware_profile_id) values (426,"sdao",3000592982016,17);
insert into hardware_profile_physical_disk (id, uuid, hardware_profile_disk_id, seq, model, firmware, serial, bay)  values (426,"7c0a782e-d556-4ea1-b59f-9f0e72c25ba8",426,0,"ST1000NM0011","SN02","SN02",39);
insert into hardware_profile_disk (id, name, size, hardware_profile_id) values (427,"sdap",3000592982016,17);
insert into hardware_profile_physical_disk (id, uuid, hardware_profile_disk_id, seq, model, firmware, serial, bay)  values (427,"003cd0e5-e96e-4900-8e86-771975d04489",427,0,"ST1000NM0011","SN02","SN02",40);
insert into hardware_profile_disk (id, name, size, hardware_profile_id) values (428,"sdaq",3000592982016,17);
insert into hardware_profile_physical_disk (id, uuid, hardware_profile_disk_id, seq, model, firmware, serial, bay)  values (428,"8849136b-e42f-4932-b7be-e04dc5adba56",428,0,"ST1000NM0011","SN02","SN02",41);
update device set hardware_profile_id=17 where id=17;
insert into device(id, creation_date, hostname, uuid, device_type, dsnet_id, site_id, approved_through_date, hardware_profile_id, public_key_fingerprint) values (18,"11/11/2015","Slicestor 1440","474e3433-ea66-446a-a454-e901095b492f","slicestor",1,null,"2015-11-11 11:23:52",null,"b5:a0:d8:4f:f0:bd:1c:bb:d1:09:26:7a:c1:7f:31:19:2b:d2:fa:b18");
insert into hardware_profile (id, creation_date, version, model, model_code, device_id, serial, storage_size, bios_date, bios_version, bmc_firmware, os_drive_name) values (18, 1447187574944,"3.7.0.58","Slicestor 1440","S4U48-CHENBRO-V1",18,"258113122061",104193095770112,"11/11/2015","1.0b-1","3.21 [0x6, 0x0, 0x0, 0x0]","sda");
insert into hardware_profile_disk (id, name, size, hardware_profile_id) values (429,"sdb",3000592982016,18);
insert into hardware_profile_physical_disk (id, uuid, hardware_profile_disk_id, seq, model, firmware, serial, bay)  values (429,"c1ae08d3-c501-4252-b10f-8967ef0e358e",429,0,"ST1000NM0011","SN02","SN02",0);
insert into hardware_profile_disk (id, name, size, hardware_profile_id) values (430,"sdc",3000592982016,18);
insert into hardware_profile_physical_disk (id, uuid, hardware_profile_disk_id, seq, model, firmware, serial, bay)  values (430,"730652ce-90fc-4c51-ade5-e4d159c17274",430,0,"ST1000NM0011","SN02","SN02",1);
insert into hardware_profile_disk (id, name, size, hardware_profile_id) values (431,"sdd",3000592982016,18);
insert into hardware_profile_physical_disk (id, uuid, hardware_profile_disk_id, seq, model, firmware, serial, bay)  values (431,"ed67f274-75d0-4814-a20d-2188785c1958",431,0,"ST1000NM0011","SN02","SN02",2);
insert into hardware_profile_disk (id, name, size, hardware_profile_id) values (432,"sde",3000592982016,18);
insert into hardware_profile_physical_disk (id, uuid, hardware_profile_disk_id, seq, model, firmware, serial, bay)  values (432,"2d84301e-ad55-40e0-b48f-31fc25a1777f",432,0,"ST1000NM0011","SN02","SN02",3);
insert into hardware_profile_disk (id, name, size, hardware_profile_id) values (433,"sdf",3000592982016,18);
insert into hardware_profile_physical_disk (id, uuid, hardware_profile_disk_id, seq, model, firmware, serial, bay)  values (433,"3c271776-3a44-4698-995c-e5d633620846",433,0,"ST1000NM0011","SN02","SN02",4);
insert into hardware_profile_disk (id, name, size, hardware_profile_id) values (434,"sdg",3000592982016,18);
insert into hardware_profile_physical_disk (id, uuid, hardware_profile_disk_id, seq, model, firmware, serial, bay)  values (434,"dbd8d647-35f2-462e-830e-b2c502848ea5",434,0,"ST1000NM0011","SN02","SN02",5);
insert into hardware_profile_disk (id, name, size, hardware_profile_id) values (435,"sdh",3000592982016,18);
insert into hardware_profile_physical_disk (id, uuid, hardware_profile_disk_id, seq, model, firmware, serial, bay)  values (435,"251e8c19-afa1-42e0-9af0-30f719bdee39",435,0,"ST1000NM0011","SN02","SN02",6);
insert into hardware_profile_disk (id, name, size, hardware_profile_id) values (436,"sdi",3000592982016,18);
insert into hardware_profile_physical_disk (id, uuid, hardware_profile_disk_id, seq, model, firmware, serial, bay)  values (436,"de74236b-a8bf-4865-a934-7b815f1d02eb",436,0,"ST1000NM0011","SN02","SN02",7);
insert into hardware_profile_disk (id, name, size, hardware_profile_id) values (437,"sdj",3000592982016,18);
insert into hardware_profile_physical_disk (id, uuid, hardware_profile_disk_id, seq, model, firmware, serial, bay)  values (437,"da83922c-b82f-4983-bc21-9e6675718a1f",437,0,"ST1000NM0011","SN02","SN02",8);
insert into hardware_profile_disk (id, name, size, hardware_profile_id) values (438,"sdk",3000592982016,18);
insert into hardware_profile_physical_disk (id, uuid, hardware_profile_disk_id, seq, model, firmware, serial, bay)  values (438,"e89fc5f0-1bd8-4256-ad06-eecb21247672",438,0,"ST1000NM0011","SN02","SN02",9);
insert into hardware_profile_disk (id, name, size, hardware_profile_id) values (439,"sdl",3000592982016,18);
insert into hardware_profile_physical_disk (id, uuid, hardware_profile_disk_id, seq, model, firmware, serial, bay)  values (439,"ff8f5023-e28a-41cf-9779-62c7886aa163",439,0,"ST1000NM0011","SN02","SN02",10);
insert into hardware_profile_disk (id, name, size, hardware_profile_id) values (440,"sdm",3000592982016,18);
insert into hardware_profile_physical_disk (id, uuid, hardware_profile_disk_id, seq, model, firmware, serial, bay)  values (440,"6eb6ffe5-89dd-4b54-9ca9-ee87a90c645a",440,0,"ST1000NM0011","SN02","SN02",11);
insert into hardware_profile_disk (id, name, size, hardware_profile_id) values (441,"sdn",3000592982016,18);
insert into hardware_profile_physical_disk (id, uuid, hardware_profile_disk_id, seq, model, firmware, serial, bay)  values (441,"f1edc2f8-3433-43ac-b186-d97c7f51bfef",441,0,"ST1000NM0011","SN02","SN02",12);
insert into hardware_profile_disk (id, name, size, hardware_profile_id) values (442,"sdo",3000592982016,18);
insert into hardware_profile_physical_disk (id, uuid, hardware_profile_disk_id, seq, model, firmware, serial, bay)  values (442,"ce5436c6-8f93-4918-a71f-6565b79af4d5",442,0,"ST1000NM0011","SN02","SN02",13);
insert into hardware_profile_disk (id, name, size, hardware_profile_id) values (443,"sdp",3000592982016,18);
insert into hardware_profile_physical_disk (id, uuid, hardware_profile_disk_id, seq, model, firmware, serial, bay)  values (443,"a5e577af-ce32-42a7-9ba5-35c75a6830b7",443,0,"ST1000NM0011","SN02","SN02",14);
insert into hardware_profile_disk (id, name, size, hardware_profile_id) values (444,"sdq",3000592982016,18);
insert into hardware_profile_physical_disk (id, uuid, hardware_profile_disk_id, seq, model, firmware, serial, bay)  values (444,"479a2572-5125-4279-b11a-f24bf6f1f9e9",444,0,"ST1000NM0011","SN02","SN02",15);
insert into hardware_profile_disk (id, name, size, hardware_profile_id) values (445,"sdr",3000592982016,18);
insert into hardware_profile_physical_disk (id, uuid, hardware_profile_disk_id, seq, model, firmware, serial, bay)  values (445,"bb4e4bd3-e37e-46ba-a8d8-253e07cba2d3",445,0,"ST1000NM0011","SN02","SN02",16);
insert into hardware_profile_disk (id, name, size, hardware_profile_id) values (446,"sds",3000592982016,18);
insert into hardware_profile_physical_disk (id, uuid, hardware_profile_disk_id, seq, model, firmware, serial, bay)  values (446,"7a8bf3ec-3211-4320-ae29-9aaddae82795",446,0,"ST1000NM0011","SN02","SN02",17);
insert into hardware_profile_disk (id, name, size, hardware_profile_id) values (447,"sdt",3000592982016,18);
insert into hardware_profile_physical_disk (id, uuid, hardware_profile_disk_id, seq, model, firmware, serial, bay)  values (447,"7d9770a0-2601-4c0a-b249-49403986aec1",447,0,"ST1000NM0011","SN02","SN02",18);
insert into hardware_profile_disk (id, name, size, hardware_profile_id) values (448,"sdu",3000592982016,18);
insert into hardware_profile_physical_disk (id, uuid, hardware_profile_disk_id, seq, model, firmware, serial, bay)  values (448,"dc54a8a2-5415-4d21-bf9c-622d1c3dd985",448,0,"ST1000NM0011","SN02","SN02",19);
insert into hardware_profile_disk (id, name, size, hardware_profile_id) values (449,"sdv",3000592982016,18);
insert into hardware_profile_physical_disk (id, uuid, hardware_profile_disk_id, seq, model, firmware, serial, bay)  values (449,"65946714-f4dc-4ba2-b600-87ddc13d236e",449,0,"ST1000NM0011","SN02","SN02",20);
insert into hardware_profile_disk (id, name, size, hardware_profile_id) values (450,"sdw",3000592982016,18);
insert into hardware_profile_physical_disk (id, uuid, hardware_profile_disk_id, seq, model, firmware, serial, bay)  values (450,"615269af-2e0f-4ef4-87b2-5816476d5c47",450,0,"ST1000NM0011","SN02","SN02",21);
insert into hardware_profile_disk (id, name, size, hardware_profile_id) values (451,"sdx",3000592982016,18);
insert into hardware_profile_physical_disk (id, uuid, hardware_profile_disk_id, seq, model, firmware, serial, bay)  values (451,"c2e75689-7462-4564-a3ae-6194741c0866",451,0,"ST1000NM0011","SN02","SN02",22);
insert into hardware_profile_disk (id, name, size, hardware_profile_id) values (452,"sdy",3000592982016,18);
insert into hardware_profile_physical_disk (id, uuid, hardware_profile_disk_id, seq, model, firmware, serial, bay)  values (452,"53f993e4-c15f-4954-95c8-b90deae7e73c",452,0,"ST1000NM0011","SN02","SN02",23);
insert into hardware_profile_disk (id, name, size, hardware_profile_id) values (453,"sdz",3000592982016,18);
insert into hardware_profile_physical_disk (id, uuid, hardware_profile_disk_id, seq, model, firmware, serial, bay)  values (453,"cd9dccab-212e-48de-bd31-3e0b1113230a",453,0,"ST1000NM0011","SN02","SN02",24);
insert into hardware_profile_disk (id, name, size, hardware_profile_id) values (454,"sdaa",3000592982016,18);
insert into hardware_profile_physical_disk (id, uuid, hardware_profile_disk_id, seq, model, firmware, serial, bay)  values (454,"019fd387-fd6b-4224-a6c1-0d1c6cfa7e47",454,0,"ST1000NM0011","SN02","SN02",25);
insert into hardware_profile_disk (id, name, size, hardware_profile_id) values (455,"sdab",3000592982016,18);
insert into hardware_profile_physical_disk (id, uuid, hardware_profile_disk_id, seq, model, firmware, serial, bay)  values (455,"23eca401-afa8-42a1-9a12-7af0ef2c5ad5",455,0,"ST1000NM0011","SN02","SN02",26);
insert into hardware_profile_disk (id, name, size, hardware_profile_id) values (456,"sdac",3000592982016,18);
insert into hardware_profile_physical_disk (id, uuid, hardware_profile_disk_id, seq, model, firmware, serial, bay)  values (456,"43aa970c-7686-45b4-907c-5c60862c17ef",456,0,"ST1000NM0011","SN02","SN02",27);
insert into hardware_profile_disk (id, name, size, hardware_profile_id) values (457,"sdad",3000592982016,18);
insert into hardware_profile_physical_disk (id, uuid, hardware_profile_disk_id, seq, model, firmware, serial, bay)  values (457,"9337979a-6011-46aa-a6c0-fae4c50fb8fb",457,0,"ST1000NM0011","SN02","SN02",28);
insert into hardware_profile_disk (id, name, size, hardware_profile_id) values (458,"sdae",3000592982016,18);
insert into hardware_profile_physical_disk (id, uuid, hardware_profile_disk_id, seq, model, firmware, serial, bay)  values (458,"01d20826-d9c3-47fa-af6e-0929e34c992c",458,0,"ST1000NM0011","SN02","SN02",29);
insert into hardware_profile_disk (id, name, size, hardware_profile_id) values (459,"sdaf",3000592982016,18);
insert into hardware_profile_physical_disk (id, uuid, hardware_profile_disk_id, seq, model, firmware, serial, bay)  values (459,"bdb9f52d-b599-4f01-8865-50de276b716c",459,0,"ST1000NM0011","SN02","SN02",30);
insert into hardware_profile_disk (id, name, size, hardware_profile_id) values (460,"sdag",3000592982016,18);
insert into hardware_profile_physical_disk (id, uuid, hardware_profile_disk_id, seq, model, firmware, serial, bay)  values (460,"4e19ec57-a543-4351-8cee-68a021fb1ecd",460,0,"ST1000NM0011","SN02","SN02",31);
insert into hardware_profile_disk (id, name, size, hardware_profile_id) values (461,"sdah",3000592982016,18);
insert into hardware_profile_physical_disk (id, uuid, hardware_profile_disk_id, seq, model, firmware, serial, bay)  values (461,"cd0540bd-c3e6-4eab-a051-65e6609038f0",461,0,"ST1000NM0011","SN02","SN02",32);
insert into hardware_profile_disk (id, name, size, hardware_profile_id) values (462,"sdai",3000592982016,18);
insert into hardware_profile_physical_disk (id, uuid, hardware_profile_disk_id, seq, model, firmware, serial, bay)  values (462,"43a954f3-f371-42a9-a91a-b46fa3b898d9",462,0,"ST1000NM0011","SN02","SN02",33);
insert into hardware_profile_disk (id, name, size, hardware_profile_id) values (463,"sdaj",3000592982016,18);
insert into hardware_profile_physical_disk (id, uuid, hardware_profile_disk_id, seq, model, firmware, serial, bay)  values (463,"ebcba498-11eb-4ff2-91ed-c88ad113a1f0",463,0,"ST1000NM0011","SN02","SN02",34);
insert into hardware_profile_disk (id, name, size, hardware_profile_id) values (464,"sdak",3000592982016,18);
insert into hardware_profile_physical_disk (id, uuid, hardware_profile_disk_id, seq, model, firmware, serial, bay)  values (464,"bbfcfc38-fb4e-4ecd-9782-06bc9457114b",464,0,"ST1000NM0011","SN02","SN02",35);
insert into hardware_profile_disk (id, name, size, hardware_profile_id) values (465,"sdal",3000592982016,18);
insert into hardware_profile_physical_disk (id, uuid, hardware_profile_disk_id, seq, model, firmware, serial, bay)  values (465,"9a4b7c96-6c9e-4a94-b38a-61a5a91c2702",465,0,"ST1000NM0011","SN02","SN02",36);
insert into hardware_profile_disk (id, name, size, hardware_profile_id) values (466,"sdam",3000592982016,18);
insert into hardware_profile_physical_disk (id, uuid, hardware_profile_disk_id, seq, model, firmware, serial, bay)  values (466,"9979e383-9a44-4c8e-93f5-1995e5adba3f",466,0,"ST1000NM0011","SN02","SN02",37);
insert into hardware_profile_disk (id, name, size, hardware_profile_id) values (467,"sdan",3000592982016,18);
insert into hardware_profile_physical_disk (id, uuid, hardware_profile_disk_id, seq, model, firmware, serial, bay)  values (467,"2a8cf0e2-4fb7-4f9d-9e3d-da2b401367de",467,0,"ST1000NM0011","SN02","SN02",38);
insert into hardware_profile_disk (id, name, size, hardware_profile_id) values (468,"sdao",3000592982016,18);
insert into hardware_profile_physical_disk (id, uuid, hardware_profile_disk_id, seq, model, firmware, serial, bay)  values (468,"fa9e58ff-bb16-46f4-b1fd-490c31c52f00",468,0,"ST1000NM0011","SN02","SN02",39);
insert into hardware_profile_disk (id, name, size, hardware_profile_id) values (469,"sdap",3000592982016,18);
insert into hardware_profile_physical_disk (id, uuid, hardware_profile_disk_id, seq, model, firmware, serial, bay)  values (469,"e0d50afb-9669-4ce7-ace1-df5c14e59af6",469,0,"ST1000NM0011","SN02","SN02",40);
insert into hardware_profile_disk (id, name, size, hardware_profile_id) values (470,"sdaq",3000592982016,18);
insert into hardware_profile_physical_disk (id, uuid, hardware_profile_disk_id, seq, model, firmware, serial, bay)  values (470,"c63e8adb-b987-424c-86ef-a6789c3bd127",470,0,"ST1000NM0011","SN02","SN02",41);
insert into hardware_profile_disk (id, name, size, hardware_profile_id) values (471,"sdar",3000592982016,18);
insert into hardware_profile_physical_disk (id, uuid, hardware_profile_disk_id, seq, model, firmware, serial, bay)  values (471,"30dd337d-c7d2-49ef-a465-2aa7cdd78f25",471,0,"ST1000NM0011","SN02","SN02",42);
insert into hardware_profile_disk (id, name, size, hardware_profile_id) values (472,"sdas",3000592982016,18);
insert into hardware_profile_physical_disk (id, uuid, hardware_profile_disk_id, seq, model, firmware, serial, bay)  values (472,"060d2237-1fc4-49c2-9f09-abb38b57c5f9",472,0,"ST1000NM0011","SN02","SN02",43);
insert into hardware_profile_disk (id, name, size, hardware_profile_id) values (473,"sdat",3000592982016,18);
insert into hardware_profile_physical_disk (id, uuid, hardware_profile_disk_id, seq, model, firmware, serial, bay)  values (473,"a24b3367-c85e-4188-84a3-557c6aba8721",473,0,"ST1000NM0011","SN02","SN02",44);
insert into hardware_profile_disk (id, name, size, hardware_profile_id) values (474,"sdau",3000592982016,18);
insert into hardware_profile_physical_disk (id, uuid, hardware_profile_disk_id, seq, model, firmware, serial, bay)  values (474,"2797df48-6b90-4a51-b47a-2ac05f1602fd",474,0,"ST1000NM0011","SN02","SN02",45);
insert into hardware_profile_disk (id, name, size, hardware_profile_id) values (475,"sdav",3000592982016,18);
insert into hardware_profile_physical_disk (id, uuid, hardware_profile_disk_id, seq, model, firmware, serial, bay)  values (475,"c60cf615-4190-45b3-a081-b36f9e80c7fe",475,0,"ST1000NM0011","SN02","SN02",46);
insert into hardware_profile_disk (id, name, size, hardware_profile_id) values (476,"sdaw",3000592982016,18);
insert into hardware_profile_physical_disk (id, uuid, hardware_profile_disk_id, seq, model, firmware, serial, bay)  values (476,"b226e5d3-82b9-4b59-926a-4eb708d25ad6",476,0,"ST1000NM0011","SN02","SN02",47);
update device set hardware_profile_id=18 where id=18;
insert into device(id, creation_date, hostname, uuid, device_type, dsnet_id, site_id, approved_through_date, hardware_profile_id, public_key_fingerprint) values (19,"11/11/2015","Slicestor 1440 v2","03d30949-1a30-4000-b6b5-37c59bb1628b","slicestor",1,null,"2015-11-11 11:23:52",null,"b5:a0:d8:4f:f0:bd:1c:bb:d1:09:26:7a:c1:7f:31:19:2b:d2:fa:b19");
insert into hardware_profile (id, creation_date, version, model, model_code, device_id, serial, storage_size, bios_date, bios_version, bmc_firmware, os_drive_name) values (19, 1447187574944,"3.7.0.58","Slicestor 1440 v2","S4U48-CHENBRO-V2",19,"258113122061",104193095770112,"11/11/2015","1.0b-1","3.21 [0x6, 0x0, 0x0, 0x0]","sda");
insert into hardware_profile_disk (id, name, size, hardware_profile_id) values (477,"sdb",3000592982016,19);
insert into hardware_profile_physical_disk (id, uuid, hardware_profile_disk_id, seq, model, firmware, serial, bay)  values (477,"cc960c32-372b-42d7-8294-e4b9dce1539a",477,0,"ST1000NM0011","SN02","SN02",0);
insert into hardware_profile_disk (id, name, size, hardware_profile_id) values (478,"sdc",3000592982016,19);
insert into hardware_profile_physical_disk (id, uuid, hardware_profile_disk_id, seq, model, firmware, serial, bay)  values (478,"df85fd5c-b60c-4e05-a8f7-f36cd24fdb15",478,0,"ST1000NM0011","SN02","SN02",1);
insert into hardware_profile_disk (id, name, size, hardware_profile_id) values (479,"sdd",3000592982016,19);
insert into hardware_profile_physical_disk (id, uuid, hardware_profile_disk_id, seq, model, firmware, serial, bay)  values (479,"64f4ae39-4916-47ce-b90d-1c082fa8ed7f",479,0,"ST1000NM0011","SN02","SN02",2);
insert into hardware_profile_disk (id, name, size, hardware_profile_id) values (480,"sde",3000592982016,19);
insert into hardware_profile_physical_disk (id, uuid, hardware_profile_disk_id, seq, model, firmware, serial, bay)  values (480,"e74ec753-0be1-433d-bc9b-4b9847461515",480,0,"ST1000NM0011","SN02","SN02",3);
insert into hardware_profile_disk (id, name, size, hardware_profile_id) values (481,"sdf",3000592982016,19);
insert into hardware_profile_physical_disk (id, uuid, hardware_profile_disk_id, seq, model, firmware, serial, bay)  values (481,"23b39a02-f395-4484-afbf-4bf434dd9b79",481,0,"ST1000NM0011","SN02","SN02",4);
insert into hardware_profile_disk (id, name, size, hardware_profile_id) values (482,"sdg",3000592982016,19);
insert into hardware_profile_physical_disk (id, uuid, hardware_profile_disk_id, seq, model, firmware, serial, bay)  values (482,"fa352a52-ffac-4135-837f-7b9cbd93befd",482,0,"ST1000NM0011","SN02","SN02",5);
insert into hardware_profile_disk (id, name, size, hardware_profile_id) values (483,"sdh",3000592982016,19);
insert into hardware_profile_physical_disk (id, uuid, hardware_profile_disk_id, seq, model, firmware, serial, bay)  values (483,"4cd93caf-6159-41b3-b022-6328ddeb05a5",483,0,"ST1000NM0011","SN02","SN02",6);
insert into hardware_profile_disk (id, name, size, hardware_profile_id) values (484,"sdi",3000592982016,19);
insert into hardware_profile_physical_disk (id, uuid, hardware_profile_disk_id, seq, model, firmware, serial, bay)  values (484,"f1bc6e14-7734-4627-8624-d378eed8dc4d",484,0,"ST1000NM0011","SN02","SN02",7);
insert into hardware_profile_disk (id, name, size, hardware_profile_id) values (485,"sdj",3000592982016,19);
insert into hardware_profile_physical_disk (id, uuid, hardware_profile_disk_id, seq, model, firmware, serial, bay)  values (485,"eec96889-05e1-42f4-8d82-a047460f2fb8",485,0,"ST1000NM0011","SN02","SN02",8);
insert into hardware_profile_disk (id, name, size, hardware_profile_id) values (486,"sdk",3000592982016,19);
insert into hardware_profile_physical_disk (id, uuid, hardware_profile_disk_id, seq, model, firmware, serial, bay)  values (486,"4f9eb31e-2fd4-4cc5-8ae0-2c639fcc993c",486,0,"ST1000NM0011","SN02","SN02",9);
insert into hardware_profile_disk (id, name, size, hardware_profile_id) values (487,"sdl",3000592982016,19);
insert into hardware_profile_physical_disk (id, uuid, hardware_profile_disk_id, seq, model, firmware, serial, bay)  values (487,"09c5bb90-96e2-439a-980e-b2636e592ea8",487,0,"ST1000NM0011","SN02","SN02",10);
insert into hardware_profile_disk (id, name, size, hardware_profile_id) values (488,"sdm",3000592982016,19);
insert into hardware_profile_physical_disk (id, uuid, hardware_profile_disk_id, seq, model, firmware, serial, bay)  values (488,"41ac1fd2-0287-4b56-9395-91911f03e052",488,0,"ST1000NM0011","SN02","SN02",11);
insert into hardware_profile_disk (id, name, size, hardware_profile_id) values (489,"sdn",3000592982016,19);
insert into hardware_profile_physical_disk (id, uuid, hardware_profile_disk_id, seq, model, firmware, serial, bay)  values (489,"b7e00679-68b6-424a-9713-674497f7e20d",489,0,"ST1000NM0011","SN02","SN02",12);
insert into hardware_profile_disk (id, name, size, hardware_profile_id) values (490,"sdo",3000592982016,19);
insert into hardware_profile_physical_disk (id, uuid, hardware_profile_disk_id, seq, model, firmware, serial, bay)  values (490,"d02ab312-4cac-4c48-a18b-cd4f6a7cf1f4",490,0,"ST1000NM0011","SN02","SN02",13);
insert into hardware_profile_disk (id, name, size, hardware_profile_id) values (491,"sdp",3000592982016,19);
insert into hardware_profile_physical_disk (id, uuid, hardware_profile_disk_id, seq, model, firmware, serial, bay)  values (491,"0aa1387a-f54e-42bc-81b4-47a63ee7f570",491,0,"ST1000NM0011","SN02","SN02",14);
insert into hardware_profile_disk (id, name, size, hardware_profile_id) values (492,"sdq",3000592982016,19);
insert into hardware_profile_physical_disk (id, uuid, hardware_profile_disk_id, seq, model, firmware, serial, bay)  values (492,"311aaa69-3791-4a21-994a-db1e00863897",492,0,"ST1000NM0011","SN02","SN02",15);
insert into hardware_profile_disk (id, name, size, hardware_profile_id) values (493,"sdr",3000592982016,19);
insert into hardware_profile_physical_disk (id, uuid, hardware_profile_disk_id, seq, model, firmware, serial, bay)  values (493,"0dec13d4-1572-49a8-8b53-b09293005c8e",493,0,"ST1000NM0011","SN02","SN02",16);
insert into hardware_profile_disk (id, name, size, hardware_profile_id) values (494,"sds",3000592982016,19);
insert into hardware_profile_physical_disk (id, uuid, hardware_profile_disk_id, seq, model, firmware, serial, bay)  values (494,"9a365887-22e4-4327-8682-1b636b5efcf3",494,0,"ST1000NM0011","SN02","SN02",17);
insert into hardware_profile_disk (id, name, size, hardware_profile_id) values (495,"sdt",3000592982016,19);
insert into hardware_profile_physical_disk (id, uuid, hardware_profile_disk_id, seq, model, firmware, serial, bay)  values (495,"40267f05-a048-4723-ba62-502ea2def986",495,0,"ST1000NM0011","SN02","SN02",18);
insert into hardware_profile_disk (id, name, size, hardware_profile_id) values (496,"sdu",3000592982016,19);
insert into hardware_profile_physical_disk (id, uuid, hardware_profile_disk_id, seq, model, firmware, serial, bay)  values (496,"70a84849-803e-4048-99ea-44f2a43bb43d",496,0,"ST1000NM0011","SN02","SN02",19);
insert into hardware_profile_disk (id, name, size, hardware_profile_id) values (497,"sdv",3000592982016,19);
insert into hardware_profile_physical_disk (id, uuid, hardware_profile_disk_id, seq, model, firmware, serial, bay)  values (497,"b7fec371-0d2f-44d6-806c-c3e5fbc01f3d",497,0,"ST1000NM0011","SN02","SN02",20);
insert into hardware_profile_disk (id, name, size, hardware_profile_id) values (498,"sdw",3000592982016,19);
insert into hardware_profile_physical_disk (id, uuid, hardware_profile_disk_id, seq, model, firmware, serial, bay)  values (498,"b8060613-4f1e-4547-ac2e-2ded04059000",498,0,"ST1000NM0011","SN02","SN02",21);
insert into hardware_profile_disk (id, name, size, hardware_profile_id) values (499,"sdx",3000592982016,19);
insert into hardware_profile_physical_disk (id, uuid, hardware_profile_disk_id, seq, model, firmware, serial, bay)  values (499,"3288e2e3-47d4-47d8-936c-36e262644862",499,0,"ST1000NM0011","SN02","SN02",22);
insert into hardware_profile_disk (id, name, size, hardware_profile_id) values (500,"sdy",3000592982016,19);
insert into hardware_profile_physical_disk (id, uuid, hardware_profile_disk_id, seq, model, firmware, serial, bay)  values (500,"1f08bb5d-3a55-4788-a101-82b46615cf06",500,0,"ST1000NM0011","SN02","SN02",23);
insert into hardware_profile_disk (id, name, size, hardware_profile_id) values (501,"sdz",3000592982016,19);
insert into hardware_profile_physical_disk (id, uuid, hardware_profile_disk_id, seq, model, firmware, serial, bay)  values (501,"71a56166-a94a-4224-8e72-746105f36ac9",501,0,"ST1000NM0011","SN02","SN02",24);
insert into hardware_profile_disk (id, name, size, hardware_profile_id) values (502,"sdaa",3000592982016,19);
insert into hardware_profile_physical_disk (id, uuid, hardware_profile_disk_id, seq, model, firmware, serial, bay)  values (502,"ce3b3466-1c9a-4961-9eb7-ad7dd223855e",502,0,"ST1000NM0011","SN02","SN02",25);
insert into hardware_profile_disk (id, name, size, hardware_profile_id) values (503,"sdab",3000592982016,19);
insert into hardware_profile_physical_disk (id, uuid, hardware_profile_disk_id, seq, model, firmware, serial, bay)  values (503,"966ba6b1-fa02-4dd4-b190-336d7c6779c7",503,0,"ST1000NM0011","SN02","SN02",26);
insert into hardware_profile_disk (id, name, size, hardware_profile_id) values (504,"sdac",3000592982016,19);
insert into hardware_profile_physical_disk (id, uuid, hardware_profile_disk_id, seq, model, firmware, serial, bay)  values (504,"2ee761d6-0a2e-410f-bd64-ebedcc192e6f",504,0,"ST1000NM0011","SN02","SN02",27);
insert into hardware_profile_disk (id, name, size, hardware_profile_id) values (505,"sdad",3000592982016,19);
insert into hardware_profile_physical_disk (id, uuid, hardware_profile_disk_id, seq, model, firmware, serial, bay)  values (505,"9a795e4c-56fe-4604-8414-87878e80771e",505,0,"ST1000NM0011","SN02","SN02",28);
insert into hardware_profile_disk (id, name, size, hardware_profile_id) values (506,"sdae",3000592982016,19);
insert into hardware_profile_physical_disk (id, uuid, hardware_profile_disk_id, seq, model, firmware, serial, bay)  values (506,"5d1d5b0a-e123-4378-b4f1-1d89e5799a11",506,0,"ST1000NM0011","SN02","SN02",29);
insert into hardware_profile_disk (id, name, size, hardware_profile_id) values (507,"sdaf",3000592982016,19);
insert into hardware_profile_physical_disk (id, uuid, hardware_profile_disk_id, seq, model, firmware, serial, bay)  values (507,"be66b57d-3949-4f31-8379-4d40eb9fb987",507,0,"ST1000NM0011","SN02","SN02",30);
insert into hardware_profile_disk (id, name, size, hardware_profile_id) values (508,"sdag",3000592982016,19);
insert into hardware_profile_physical_disk (id, uuid, hardware_profile_disk_id, seq, model, firmware, serial, bay)  values (508,"85f77603-f081-4b60-9053-e3ed19cf4d1c",508,0,"ST1000NM0011","SN02","SN02",31);
insert into hardware_profile_disk (id, name, size, hardware_profile_id) values (509,"sdah",3000592982016,19);
insert into hardware_profile_physical_disk (id, uuid, hardware_profile_disk_id, seq, model, firmware, serial, bay)  values (509,"8dbb008d-d7db-4ec9-a0e9-6963d2023f4c",509,0,"ST1000NM0011","SN02","SN02",32);
insert into hardware_profile_disk (id, name, size, hardware_profile_id) values (510,"sdai",3000592982016,19);
insert into hardware_profile_physical_disk (id, uuid, hardware_profile_disk_id, seq, model, firmware, serial, bay)  values (510,"7aa4d5dc-fa46-4e4d-a2ce-dd3f9312e113",510,0,"ST1000NM0011","SN02","SN02",33);
insert into hardware_profile_disk (id, name, size, hardware_profile_id) values (511,"sdaj",3000592982016,19);
insert into hardware_profile_physical_disk (id, uuid, hardware_profile_disk_id, seq, model, firmware, serial, bay)  values (511,"3a5c4f5b-7ae6-46cd-8d6c-57ff5d2b5d67",511,0,"ST1000NM0011","SN02","SN02",34);
insert into hardware_profile_disk (id, name, size, hardware_profile_id) values (512,"sdak",3000592982016,19);
insert into hardware_profile_physical_disk (id, uuid, hardware_profile_disk_id, seq, model, firmware, serial, bay)  values (512,"e74ab8c6-64ad-4408-930e-7ccaefa6acb5",512,0,"ST1000NM0011","SN02","SN02",35);
insert into hardware_profile_disk (id, name, size, hardware_profile_id) values (513,"sdal",3000592982016,19);
insert into hardware_profile_physical_disk (id, uuid, hardware_profile_disk_id, seq, model, firmware, serial, bay)  values (513,"3669aeb8-4827-4aca-bc0b-ddd67a37b3cd",513,0,"ST1000NM0011","SN02","SN02",36);
insert into hardware_profile_disk (id, name, size, hardware_profile_id) values (514,"sdam",3000592982016,19);
insert into hardware_profile_physical_disk (id, uuid, hardware_profile_disk_id, seq, model, firmware, serial, bay)  values (514,"b7cb5a09-66af-4d76-a289-b5d08eeba083",514,0,"ST1000NM0011","SN02","SN02",37);
insert into hardware_profile_disk (id, name, size, hardware_profile_id) values (515,"sdan",3000592982016,19);
insert into hardware_profile_physical_disk (id, uuid, hardware_profile_disk_id, seq, model, firmware, serial, bay)  values (515,"647f48bf-63e1-4e58-849f-360cde698480",515,0,"ST1000NM0011","SN02","SN02",38);
insert into hardware_profile_disk (id, name, size, hardware_profile_id) values (516,"sdao",3000592982016,19);
insert into hardware_profile_physical_disk (id, uuid, hardware_profile_disk_id, seq, model, firmware, serial, bay)  values (516,"37dfbcdc-c705-4bf1-9d26-b0d52358f69e",516,0,"ST1000NM0011","SN02","SN02",39);
insert into hardware_profile_disk (id, name, size, hardware_profile_id) values (517,"sdap",3000592982016,19);
insert into hardware_profile_physical_disk (id, uuid, hardware_profile_disk_id, seq, model, firmware, serial, bay)  values (517,"370ca395-7745-4385-b09c-44cd8eef9c02",517,0,"ST1000NM0011","SN02","SN02",40);
insert into hardware_profile_disk (id, name, size, hardware_profile_id) values (518,"sdaq",3000592982016,19);
insert into hardware_profile_physical_disk (id, uuid, hardware_profile_disk_id, seq, model, firmware, serial, bay)  values (518,"91a5baf7-cc1b-4718-a02b-f566c5473995",518,0,"ST1000NM0011","SN02","SN02",41);
insert into hardware_profile_disk (id, name, size, hardware_profile_id) values (519,"sdar",3000592982016,19);
insert into hardware_profile_physical_disk (id, uuid, hardware_profile_disk_id, seq, model, firmware, serial, bay)  values (519,"0c3d66b8-ea1b-47bd-9d27-52297bc9578e",519,0,"ST1000NM0011","SN02","SN02",42);
insert into hardware_profile_disk (id, name, size, hardware_profile_id) values (520,"sdas",3000592982016,19);
insert into hardware_profile_physical_disk (id, uuid, hardware_profile_disk_id, seq, model, firmware, serial, bay)  values (520,"040de594-0238-4d53-891a-373c45908b54",520,0,"ST1000NM0011","SN02","SN02",43);
insert into hardware_profile_disk (id, name, size, hardware_profile_id) values (521,"sdat",3000592982016,19);
insert into hardware_profile_physical_disk (id, uuid, hardware_profile_disk_id, seq, model, firmware, serial, bay)  values (521,"ebd06113-0865-42f3-8bfe-4a89f17ce0eb",521,0,"ST1000NM0011","SN02","SN02",44);
insert into hardware_profile_disk (id, name, size, hardware_profile_id) values (522,"sdau",3000592982016,19);
insert into hardware_profile_physical_disk (id, uuid, hardware_profile_disk_id, seq, model, firmware, serial, bay)  values (522,"0cada6dc-bc1d-4d4a-ad04-3d857f84dbea",522,0,"ST1000NM0011","SN02","SN02",45);
insert into hardware_profile_disk (id, name, size, hardware_profile_id) values (523,"sdav",3000592982016,19);
insert into hardware_profile_physical_disk (id, uuid, hardware_profile_disk_id, seq, model, firmware, serial, bay)  values (523,"bdfa3ab4-a80f-4ead-869a-3b95e24b789e",523,0,"ST1000NM0011","SN02","SN02",46);
insert into hardware_profile_disk (id, name, size, hardware_profile_id) values (524,"sdaw",3000592982016,19);
insert into hardware_profile_physical_disk (id, uuid, hardware_profile_disk_id, seq, model, firmware, serial, bay)  values (524,"67b96181-f7a6-4433-9396-ae73c26784a3",524,0,"ST1000NM0011","SN02","SN02",47);
update device set hardware_profile_id=19 where id=19;
insert into device(id, creation_date, hostname, uuid, device_type, dsnet_id, site_id, approved_through_date, hardware_profile_id, public_key_fingerprint) values (20,"11/11/2015","Slicestor 2440","ac909d78-6b5b-4cd0-aa72-f6dc889c110f","slicestor",1,null,"2015-11-11 11:23:52",null,"b5:a0:d8:4f:f0:bd:1c:bb:d1:09:26:7a:c1:7f:31:19:2b:d2:fa:b20");
insert into hardware_profile (id, creation_date, version, model, model_code, device_id, serial, storage_size, bios_date, bios_version, bmc_firmware, os_drive_name) values (20, 1447187574944,"3.7.0.58","Slicestor 2440","S4U48-CHENBRO-TC",20,"258113122061",104193095770112,"11/11/2015","1.0b-1","3.21 [0x6, 0x0, 0x0, 0x0]","sda");
insert into hardware_profile_disk (id, name, size, hardware_profile_id) values (525,"sdb",3000592982016,20);
insert into hardware_profile_physical_disk (id, uuid, hardware_profile_disk_id, seq, model, firmware, serial, bay)  values (525,"60ae520b-1b7b-46f4-a32a-df1029653f20",525,0,"ST1000NM0011","SN02","SN02",0);
insert into hardware_profile_disk (id, name, size, hardware_profile_id) values (526,"sdc",3000592982016,20);
insert into hardware_profile_physical_disk (id, uuid, hardware_profile_disk_id, seq, model, firmware, serial, bay)  values (526,"52373adf-7d12-4c77-9ac6-1cf5ca8d7276",526,0,"ST1000NM0011","SN02","SN02",1);
insert into hardware_profile_disk (id, name, size, hardware_profile_id) values (527,"sdd",3000592982016,20);
insert into hardware_profile_physical_disk (id, uuid, hardware_profile_disk_id, seq, model, firmware, serial, bay)  values (527,"744f37b0-29ee-42b7-997c-db673e6f4c8e",527,0,"ST1000NM0011","SN02","SN02",2);
insert into hardware_profile_disk (id, name, size, hardware_profile_id) values (528,"sde",3000592982016,20);
insert into hardware_profile_physical_disk (id, uuid, hardware_profile_disk_id, seq, model, firmware, serial, bay)  values (528,"8a90fd7c-64c1-450f-a0de-925c2507fffc",528,0,"ST1000NM0011","SN02","SN02",3);
insert into hardware_profile_disk (id, name, size, hardware_profile_id) values (529,"sdf",3000592982016,20);
insert into hardware_profile_physical_disk (id, uuid, hardware_profile_disk_id, seq, model, firmware, serial, bay)  values (529,"1291580b-c4ec-4e15-944d-49d3d4272be1",529,0,"ST1000NM0011","SN02","SN02",4);
insert into hardware_profile_disk (id, name, size, hardware_profile_id) values (530,"sdg",3000592982016,20);
insert into hardware_profile_physical_disk (id, uuid, hardware_profile_disk_id, seq, model, firmware, serial, bay)  values (530,"6d254dc9-e94f-4ddb-8aaf-94b5368e5db5",530,0,"ST1000NM0011","SN02","SN02",5);
insert into hardware_profile_disk (id, name, size, hardware_profile_id) values (531,"sdh",3000592982016,20);
insert into hardware_profile_physical_disk (id, uuid, hardware_profile_disk_id, seq, model, firmware, serial, bay)  values (531,"f26b64c9-1d5f-4732-a22c-dacf25b1efba",531,0,"ST1000NM0011","SN02","SN02",6);
insert into hardware_profile_disk (id, name, size, hardware_profile_id) values (532,"sdi",3000592982016,20);
insert into hardware_profile_physical_disk (id, uuid, hardware_profile_disk_id, seq, model, firmware, serial, bay)  values (532,"1794ebd3-2e49-43e9-bc69-098391a5f27f",532,0,"ST1000NM0011","SN02","SN02",7);
insert into hardware_profile_disk (id, name, size, hardware_profile_id) values (533,"sdj",3000592982016,20);
insert into hardware_profile_physical_disk (id, uuid, hardware_profile_disk_id, seq, model, firmware, serial, bay)  values (533,"25927717-1b4b-4b5a-bd52-7826a5c7fe78",533,0,"ST1000NM0011","SN02","SN02",8);
insert into hardware_profile_disk (id, name, size, hardware_profile_id) values (534,"sdk",3000592982016,20);
insert into hardware_profile_physical_disk (id, uuid, hardware_profile_disk_id, seq, model, firmware, serial, bay)  values (534,"c9c34cf7-00ad-4834-a780-ad3ca4e64b67",534,0,"ST1000NM0011","SN02","SN02",9);
insert into hardware_profile_disk (id, name, size, hardware_profile_id) values (535,"sdl",3000592982016,20);
insert into hardware_profile_physical_disk (id, uuid, hardware_profile_disk_id, seq, model, firmware, serial, bay)  values (535,"75147418-aa40-48a2-8edb-7bf7adb95c2e",535,0,"ST1000NM0011","SN02","SN02",10);
insert into hardware_profile_disk (id, name, size, hardware_profile_id) values (536,"sdm",3000592982016,20);
insert into hardware_profile_physical_disk (id, uuid, hardware_profile_disk_id, seq, model, firmware, serial, bay)  values (536,"50b14184-1115-4c03-b4d9-4b21b55bbaac",536,0,"ST1000NM0011","SN02","SN02",11);
insert into hardware_profile_disk (id, name, size, hardware_profile_id) values (537,"sdn",3000592982016,20);
insert into hardware_profile_physical_disk (id, uuid, hardware_profile_disk_id, seq, model, firmware, serial, bay)  values (537,"8d1c6adb-2f12-48e5-be39-13527345b6bd",537,0,"ST1000NM0011","SN02","SN02",12);
insert into hardware_profile_disk (id, name, size, hardware_profile_id) values (538,"sdo",3000592982016,20);
insert into hardware_profile_physical_disk (id, uuid, hardware_profile_disk_id, seq, model, firmware, serial, bay)  values (538,"d59ac3e9-76a5-481f-aed1-689c98dfa426",538,0,"ST1000NM0011","SN02","SN02",13);
insert into hardware_profile_disk (id, name, size, hardware_profile_id) values (539,"sdp",3000592982016,20);
insert into hardware_profile_physical_disk (id, uuid, hardware_profile_disk_id, seq, model, firmware, serial, bay)  values (539,"75ee4a69-cb2b-479d-b9a3-dc1ae1d97957",539,0,"ST1000NM0011","SN02","SN02",14);
insert into hardware_profile_disk (id, name, size, hardware_profile_id) values (540,"sdq",3000592982016,20);
insert into hardware_profile_physical_disk (id, uuid, hardware_profile_disk_id, seq, model, firmware, serial, bay)  values (540,"32f96216-2e1e-4d1c-8355-bfab7aa2260f",540,0,"ST1000NM0011","SN02","SN02",15);
insert into hardware_profile_disk (id, name, size, hardware_profile_id) values (541,"sdr",3000592982016,20);
insert into hardware_profile_physical_disk (id, uuid, hardware_profile_disk_id, seq, model, firmware, serial, bay)  values (541,"071157b8-641d-4714-9eb3-4f1c0bfc44e5",541,0,"ST1000NM0011","SN02","SN02",16);
insert into hardware_profile_disk (id, name, size, hardware_profile_id) values (542,"sds",3000592982016,20);
insert into hardware_profile_physical_disk (id, uuid, hardware_profile_disk_id, seq, model, firmware, serial, bay)  values (542,"ae545fd5-15d9-481a-bed3-c339bef8393a",542,0,"ST1000NM0011","SN02","SN02",17);
insert into hardware_profile_disk (id, name, size, hardware_profile_id) values (543,"sdt",3000592982016,20);
insert into hardware_profile_physical_disk (id, uuid, hardware_profile_disk_id, seq, model, firmware, serial, bay)  values (543,"ddfa4152-a89a-4afd-80d7-2ff3d6a25928",543,0,"ST1000NM0011","SN02","SN02",18);
insert into hardware_profile_disk (id, name, size, hardware_profile_id) values (544,"sdu",3000592982016,20);
insert into hardware_profile_physical_disk (id, uuid, hardware_profile_disk_id, seq, model, firmware, serial, bay)  values (544,"e6048b5a-cfe5-4083-8cfa-357b9fa731fc",544,0,"ST1000NM0011","SN02","SN02",19);
insert into hardware_profile_disk (id, name, size, hardware_profile_id) values (545,"sdv",3000592982016,20);
insert into hardware_profile_physical_disk (id, uuid, hardware_profile_disk_id, seq, model, firmware, serial, bay)  values (545,"da2e92c1-5aa2-40a1-b399-4e5ae1331c54",545,0,"ST1000NM0011","SN02","SN02",20);
insert into hardware_profile_disk (id, name, size, hardware_profile_id) values (546,"sdw",3000592982016,20);
insert into hardware_profile_physical_disk (id, uuid, hardware_profile_disk_id, seq, model, firmware, serial, bay)  values (546,"cce1dc30-32f0-4125-81ef-e185fe9bde23",546,0,"ST1000NM0011","SN02","SN02",21);
insert into hardware_profile_disk (id, name, size, hardware_profile_id) values (547,"sdx",3000592982016,20);
insert into hardware_profile_physical_disk (id, uuid, hardware_profile_disk_id, seq, model, firmware, serial, bay)  values (547,"f3914280-6144-4576-a21e-4226bf4035bf",547,0,"ST1000NM0011","SN02","SN02",22);
insert into hardware_profile_disk (id, name, size, hardware_profile_id) values (548,"sdy",3000592982016,20);
insert into hardware_profile_physical_disk (id, uuid, hardware_profile_disk_id, seq, model, firmware, serial, bay)  values (548,"593258e0-ba59-4a7a-ae9d-354f25fede7a",548,0,"ST1000NM0011","SN02","SN02",23);
insert into hardware_profile_disk (id, name, size, hardware_profile_id) values (549,"sdz",3000592982016,20);
insert into hardware_profile_physical_disk (id, uuid, hardware_profile_disk_id, seq, model, firmware, serial, bay)  values (549,"f3e63916-088b-4e84-aa2b-592dd31dcaeb",549,0,"ST1000NM0011","SN02","SN02",24);
insert into hardware_profile_disk (id, name, size, hardware_profile_id) values (550,"sdaa",3000592982016,20);
insert into hardware_profile_physical_disk (id, uuid, hardware_profile_disk_id, seq, model, firmware, serial, bay)  values (550,"357a1400-4722-4821-a074-27ae5905f26f",550,0,"ST1000NM0011","SN02","SN02",25);
insert into hardware_profile_disk (id, name, size, hardware_profile_id) values (551,"sdab",3000592982016,20);
insert into hardware_profile_physical_disk (id, uuid, hardware_profile_disk_id, seq, model, firmware, serial, bay)  values (551,"d9a56a2d-31b8-432e-8ebd-e10294afbe1f",551,0,"ST1000NM0011","SN02","SN02",26);
insert into hardware_profile_disk (id, name, size, hardware_profile_id) values (552,"sdac",3000592982016,20);
insert into hardware_profile_physical_disk (id, uuid, hardware_profile_disk_id, seq, model, firmware, serial, bay)  values (552,"e0b12ac8-4f4a-42f4-9dba-64c1f598a497",552,0,"ST1000NM0011","SN02","SN02",27);
insert into hardware_profile_disk (id, name, size, hardware_profile_id) values (553,"sdad",3000592982016,20);
insert into hardware_profile_physical_disk (id, uuid, hardware_profile_disk_id, seq, model, firmware, serial, bay)  values (553,"54c01059-3840-4373-8c69-41c60125f1f9",553,0,"ST1000NM0011","SN02","SN02",28);
insert into hardware_profile_disk (id, name, size, hardware_profile_id) values (554,"sdae",3000592982016,20);
insert into hardware_profile_physical_disk (id, uuid, hardware_profile_disk_id, seq, model, firmware, serial, bay)  values (554,"d30ceab2-27e6-4a22-86e9-52ccb00ff5ef",554,0,"ST1000NM0011","SN02","SN02",29);
insert into hardware_profile_disk (id, name, size, hardware_profile_id) values (555,"sdaf",3000592982016,20);
insert into hardware_profile_physical_disk (id, uuid, hardware_profile_disk_id, seq, model, firmware, serial, bay)  values (555,"3590545d-475b-4f27-aa78-3b577476c838",555,0,"ST1000NM0011","SN02","SN02",30);
insert into hardware_profile_disk (id, name, size, hardware_profile_id) values (556,"sdag",3000592982016,20);
insert into hardware_profile_physical_disk (id, uuid, hardware_profile_disk_id, seq, model, firmware, serial, bay)  values (556,"4ae1fbb1-9b39-4848-affa-7b2d12d10419",556,0,"ST1000NM0011","SN02","SN02",31);
insert into hardware_profile_disk (id, name, size, hardware_profile_id) values (557,"sdah",3000592982016,20);
insert into hardware_profile_physical_disk (id, uuid, hardware_profile_disk_id, seq, model, firmware, serial, bay)  values (557,"7ffd4276-4da5-4265-bf57-858644d77e2e",557,0,"ST1000NM0011","SN02","SN02",32);
insert into hardware_profile_disk (id, name, size, hardware_profile_id) values (558,"sdai",3000592982016,20);
insert into hardware_profile_physical_disk (id, uuid, hardware_profile_disk_id, seq, model, firmware, serial, bay)  values (558,"afc7f8dd-a2ad-44ab-8972-7aaa200203a7",558,0,"ST1000NM0011","SN02","SN02",33);
insert into hardware_profile_disk (id, name, size, hardware_profile_id) values (559,"sdaj",3000592982016,20);
insert into hardware_profile_physical_disk (id, uuid, hardware_profile_disk_id, seq, model, firmware, serial, bay)  values (559,"1ad0b301-f331-498e-8a92-8f6d78d5d3f2",559,0,"ST1000NM0011","SN02","SN02",34);
insert into hardware_profile_disk (id, name, size, hardware_profile_id) values (560,"sdak",3000592982016,20);
insert into hardware_profile_physical_disk (id, uuid, hardware_profile_disk_id, seq, model, firmware, serial, bay)  values (560,"5d37b85a-6308-4a91-a969-6e4e8955cc1a",560,0,"ST1000NM0011","SN02","SN02",35);
insert into hardware_profile_disk (id, name, size, hardware_profile_id) values (561,"sdal",3000592982016,20);
insert into hardware_profile_physical_disk (id, uuid, hardware_profile_disk_id, seq, model, firmware, serial, bay)  values (561,"c02a9099-714e-44b2-8ada-1c3cdaa1812a",561,0,"ST1000NM0011","SN02","SN02",36);
insert into hardware_profile_disk (id, name, size, hardware_profile_id) values (562,"sdam",3000592982016,20);
insert into hardware_profile_physical_disk (id, uuid, hardware_profile_disk_id, seq, model, firmware, serial, bay)  values (562,"890d1a2d-d8d6-4152-9eec-577de877a25e",562,0,"ST1000NM0011","SN02","SN02",37);
insert into hardware_profile_disk (id, name, size, hardware_profile_id) values (563,"sdan",3000592982016,20);
insert into hardware_profile_physical_disk (id, uuid, hardware_profile_disk_id, seq, model, firmware, serial, bay)  values (563,"03de665f-ec91-40bd-9d58-bb81325efa9b",563,0,"ST1000NM0011","SN02","SN02",38);
insert into hardware_profile_disk (id, name, size, hardware_profile_id) values (564,"sdao",3000592982016,20);
insert into hardware_profile_physical_disk (id, uuid, hardware_profile_disk_id, seq, model, firmware, serial, bay)  values (564,"6741aa44-be91-4d3e-813f-67d18f1516c1",564,0,"ST1000NM0011","SN02","SN02",39);
insert into hardware_profile_disk (id, name, size, hardware_profile_id) values (565,"sdap",3000592982016,20);
insert into hardware_profile_physical_disk (id, uuid, hardware_profile_disk_id, seq, model, firmware, serial, bay)  values (565,"8f7b2cf0-d535-4239-9ee4-0fddac715251",565,0,"ST1000NM0011","SN02","SN02",40);
insert into hardware_profile_disk (id, name, size, hardware_profile_id) values (566,"sdaq",3000592982016,20);
insert into hardware_profile_physical_disk (id, uuid, hardware_profile_disk_id, seq, model, firmware, serial, bay)  values (566,"ecdf94c6-2696-4d66-b2a1-fbb0a5f23e0b",566,0,"ST1000NM0011","SN02","SN02",41);
insert into hardware_profile_disk (id, name, size, hardware_profile_id) values (567,"sdar",3000592982016,20);
insert into hardware_profile_physical_disk (id, uuid, hardware_profile_disk_id, seq, model, firmware, serial, bay)  values (567,"7126e5c7-6bb4-44db-af5b-9cfeea7a6703",567,0,"ST1000NM0011","SN02","SN02",42);
insert into hardware_profile_disk (id, name, size, hardware_profile_id) values (568,"sdas",3000592982016,20);
insert into hardware_profile_physical_disk (id, uuid, hardware_profile_disk_id, seq, model, firmware, serial, bay)  values (568,"de324202-4e07-4dce-aa75-1df717ffe0c3",568,0,"ST1000NM0011","SN02","SN02",43);
insert into hardware_profile_disk (id, name, size, hardware_profile_id) values (569,"sdat",3000592982016,20);
insert into hardware_profile_physical_disk (id, uuid, hardware_profile_disk_id, seq, model, firmware, serial, bay)  values (569,"301f7fb0-f139-4f3f-a480-593e98b36e04",569,0,"ST1000NM0011","SN02","SN02",44);
insert into hardware_profile_disk (id, name, size, hardware_profile_id) values (570,"sdau",3000592982016,20);
insert into hardware_profile_physical_disk (id, uuid, hardware_profile_disk_id, seq, model, firmware, serial, bay)  values (570,"f37b95c4-51fe-454b-afb7-0575443b64e6",570,0,"ST1000NM0011","SN02","SN02",45);
insert into hardware_profile_disk (id, name, size, hardware_profile_id) values (571,"sdav",3000592982016,20);
insert into hardware_profile_physical_disk (id, uuid, hardware_profile_disk_id, seq, model, firmware, serial, bay)  values (571,"00bcfa76-c118-4a81-aca4-b89cf3d13ab2",571,0,"ST1000NM0011","SN02","SN02",46);
insert into hardware_profile_disk (id, name, size, hardware_profile_id) values (572,"sdaw",3000592982016,20);
insert into hardware_profile_physical_disk (id, uuid, hardware_profile_disk_id, seq, model, firmware, serial, bay)  values (572,"029e630f-91fd-4869-973a-60ae4368eb48",572,0,"ST1000NM0011","SN02","SN02",47);
update device set hardware_profile_id=20 where id=20;
insert into device(id, creation_date, hostname, uuid, device_type, dsnet_id, site_id, approved_through_date, hardware_profile_id, public_key_fingerprint) values (21,"11/11/2015","Slicestor 2440 v2","e1973c8e-1ecb-492c-99dd-f4cbb705eebe","slicestor",1,null,"2015-11-11 11:23:52",null,"b5:a0:d8:4f:f0:bd:1c:bb:d1:09:26:7a:c1:7f:31:19:2b:d2:fa:b21");
insert into hardware_profile (id, creation_date, version, model, model_code, device_id, serial, storage_size, bios_date, bios_version, bmc_firmware, os_drive_name) values (21, 1447187574944,"3.7.0.58","Slicestor 2440 v2","S4U48-CHENBRO-V3",21,"258113122061",104193095770112,"11/11/2015","1.0b-1","3.21 [0x6, 0x0, 0x0, 0x0]","sda");
insert into hardware_profile_disk (id, name, size, hardware_profile_id) values (573,"sdb",3000592982016,21);
insert into hardware_profile_physical_disk (id, uuid, hardware_profile_disk_id, seq, model, firmware, serial, bay)  values (573,"bcbbe666-5dde-4757-b45b-84f3ad1aeafa",573,0,"ST1000NM0011","SN02","SN02",0);
insert into hardware_profile_disk (id, name, size, hardware_profile_id) values (574,"sdc",3000592982016,21);
insert into hardware_profile_physical_disk (id, uuid, hardware_profile_disk_id, seq, model, firmware, serial, bay)  values (574,"fcd2d609-749b-46f3-91ee-e999bdc049f0",574,0,"ST1000NM0011","SN02","SN02",1);
insert into hardware_profile_disk (id, name, size, hardware_profile_id) values (575,"sdd",3000592982016,21);
insert into hardware_profile_physical_disk (id, uuid, hardware_profile_disk_id, seq, model, firmware, serial, bay)  values (575,"ef8d6343-279f-4431-8636-a3799826e843",575,0,"ST1000NM0011","SN02","SN02",2);
insert into hardware_profile_disk (id, name, size, hardware_profile_id) values (576,"sde",3000592982016,21);
insert into hardware_profile_physical_disk (id, uuid, hardware_profile_disk_id, seq, model, firmware, serial, bay)  values (576,"a3e37a9d-bd02-4d4c-afa3-4581d5e121f1",576,0,"ST1000NM0011","SN02","SN02",3);
insert into hardware_profile_disk (id, name, size, hardware_profile_id) values (577,"sdf",3000592982016,21);
insert into hardware_profile_physical_disk (id, uuid, hardware_profile_disk_id, seq, model, firmware, serial, bay)  values (577,"f4979f04-d95c-4bab-8ce3-a897d978be37",577,0,"ST1000NM0011","SN02","SN02",4);
insert into hardware_profile_disk (id, name, size, hardware_profile_id) values (578,"sdg",3000592982016,21);
insert into hardware_profile_physical_disk (id, uuid, hardware_profile_disk_id, seq, model, firmware, serial, bay)  values (578,"a3095c3a-8dc2-4d23-b1b9-b7dde45d2462",578,0,"ST1000NM0011","SN02","SN02",5);
insert into hardware_profile_disk (id, name, size, hardware_profile_id) values (579,"sdh",3000592982016,21);
insert into hardware_profile_physical_disk (id, uuid, hardware_profile_disk_id, seq, model, firmware, serial, bay)  values (579,"38fc83a1-67d3-4256-b695-0034f717f67b",579,0,"ST1000NM0011","SN02","SN02",6);
insert into hardware_profile_disk (id, name, size, hardware_profile_id) values (580,"sdi",3000592982016,21);
insert into hardware_profile_physical_disk (id, uuid, hardware_profile_disk_id, seq, model, firmware, serial, bay)  values (580,"2e42ff72-d6b6-4d6c-bdc2-f336ef92f873",580,0,"ST1000NM0011","SN02","SN02",7);
insert into hardware_profile_disk (id, name, size, hardware_profile_id) values (581,"sdj",3000592982016,21);
insert into hardware_profile_physical_disk (id, uuid, hardware_profile_disk_id, seq, model, firmware, serial, bay)  values (581,"573dbc4d-45f8-4f4d-86e5-694d70ec541f",581,0,"ST1000NM0011","SN02","SN02",8);
insert into hardware_profile_disk (id, name, size, hardware_profile_id) values (582,"sdk",3000592982016,21);
insert into hardware_profile_physical_disk (id, uuid, hardware_profile_disk_id, seq, model, firmware, serial, bay)  values (582,"a7d89523-0709-4508-9464-7245a4d06552",582,0,"ST1000NM0011","SN02","SN02",9);
insert into hardware_profile_disk (id, name, size, hardware_profile_id) values (583,"sdl",3000592982016,21);
insert into hardware_profile_physical_disk (id, uuid, hardware_profile_disk_id, seq, model, firmware, serial, bay)  values (583,"e2db44db-8451-4ac7-8d39-120fd9aa7790",583,0,"ST1000NM0011","SN02","SN02",10);
insert into hardware_profile_disk (id, name, size, hardware_profile_id) values (584,"sdm",3000592982016,21);
insert into hardware_profile_physical_disk (id, uuid, hardware_profile_disk_id, seq, model, firmware, serial, bay)  values (584,"7415c6a4-25b2-4fd6-a13a-f819b46b4edd",584,0,"ST1000NM0011","SN02","SN02",11);
insert into hardware_profile_disk (id, name, size, hardware_profile_id) values (585,"sdn",3000592982016,21);
insert into hardware_profile_physical_disk (id, uuid, hardware_profile_disk_id, seq, model, firmware, serial, bay)  values (585,"3b3d5a4d-87e2-44e7-864b-f9a31d7dfaa2",585,0,"ST1000NM0011","SN02","SN02",12);
insert into hardware_profile_disk (id, name, size, hardware_profile_id) values (586,"sdo",3000592982016,21);
insert into hardware_profile_physical_disk (id, uuid, hardware_profile_disk_id, seq, model, firmware, serial, bay)  values (586,"afef9132-39e6-4820-ba2b-9445e4a618d1",586,0,"ST1000NM0011","SN02","SN02",13);
insert into hardware_profile_disk (id, name, size, hardware_profile_id) values (587,"sdp",3000592982016,21);
insert into hardware_profile_physical_disk (id, uuid, hardware_profile_disk_id, seq, model, firmware, serial, bay)  values (587,"af595e2e-4b3b-40c7-ba56-fce9c64d0824",587,0,"ST1000NM0011","SN02","SN02",14);
insert into hardware_profile_disk (id, name, size, hardware_profile_id) values (588,"sdq",3000592982016,21);
insert into hardware_profile_physical_disk (id, uuid, hardware_profile_disk_id, seq, model, firmware, serial, bay)  values (588,"62d5356d-fe5e-4235-9fa1-06addbf1cdb4",588,0,"ST1000NM0011","SN02","SN02",15);
insert into hardware_profile_disk (id, name, size, hardware_profile_id) values (589,"sdr",3000592982016,21);
insert into hardware_profile_physical_disk (id, uuid, hardware_profile_disk_id, seq, model, firmware, serial, bay)  values (589,"4e017460-7dae-4b95-a1e9-be13a8103f30",589,0,"ST1000NM0011","SN02","SN02",16);
insert into hardware_profile_disk (id, name, size, hardware_profile_id) values (590,"sds",3000592982016,21);
insert into hardware_profile_physical_disk (id, uuid, hardware_profile_disk_id, seq, model, firmware, serial, bay)  values (590,"bad00d98-f8e9-4aa5-8b36-d6e53e5c1266",590,0,"ST1000NM0011","SN02","SN02",17);
insert into hardware_profile_disk (id, name, size, hardware_profile_id) values (591,"sdt",3000592982016,21);
insert into hardware_profile_physical_disk (id, uuid, hardware_profile_disk_id, seq, model, firmware, serial, bay)  values (591,"72564431-3f05-411d-840b-801aac4004ad",591,0,"ST1000NM0011","SN02","SN02",18);
insert into hardware_profile_disk (id, name, size, hardware_profile_id) values (592,"sdu",3000592982016,21);
insert into hardware_profile_physical_disk (id, uuid, hardware_profile_disk_id, seq, model, firmware, serial, bay)  values (592,"5a78396b-ead1-4efe-b2cf-6f5931011a7b",592,0,"ST1000NM0011","SN02","SN02",19);
insert into hardware_profile_disk (id, name, size, hardware_profile_id) values (593,"sdv",3000592982016,21);
insert into hardware_profile_physical_disk (id, uuid, hardware_profile_disk_id, seq, model, firmware, serial, bay)  values (593,"6f8b16d3-2b44-4891-83f7-fa8818f8abe8",593,0,"ST1000NM0011","SN02","SN02",20);
insert into hardware_profile_disk (id, name, size, hardware_profile_id) values (594,"sdw",3000592982016,21);
insert into hardware_profile_physical_disk (id, uuid, hardware_profile_disk_id, seq, model, firmware, serial, bay)  values (594,"87c2512e-8a8d-4cef-b1e6-a75eef7b6777",594,0,"ST1000NM0011","SN02","SN02",21);
insert into hardware_profile_disk (id, name, size, hardware_profile_id) values (595,"sdx",3000592982016,21);
insert into hardware_profile_physical_disk (id, uuid, hardware_profile_disk_id, seq, model, firmware, serial, bay)  values (595,"004c4afc-b1ce-4613-a507-882f9292fcdf",595,0,"ST1000NM0011","SN02","SN02",22);
insert into hardware_profile_disk (id, name, size, hardware_profile_id) values (596,"sdy",3000592982016,21);
insert into hardware_profile_physical_disk (id, uuid, hardware_profile_disk_id, seq, model, firmware, serial, bay)  values (596,"02ae74a9-bcb0-4478-9503-b5fba3f21d6a",596,0,"ST1000NM0011","SN02","SN02",23);
insert into hardware_profile_disk (id, name, size, hardware_profile_id) values (597,"sdz",3000592982016,21);
insert into hardware_profile_physical_disk (id, uuid, hardware_profile_disk_id, seq, model, firmware, serial, bay)  values (597,"bd668057-31eb-4c5d-b91f-b41abcb96558",597,0,"ST1000NM0011","SN02","SN02",24);
insert into hardware_profile_disk (id, name, size, hardware_profile_id) values (598,"sdaa",3000592982016,21);
insert into hardware_profile_physical_disk (id, uuid, hardware_profile_disk_id, seq, model, firmware, serial, bay)  values (598,"c92b8f0d-ae1b-4787-a12f-16494aa73912",598,0,"ST1000NM0011","SN02","SN02",25);
insert into hardware_profile_disk (id, name, size, hardware_profile_id) values (599,"sdab",3000592982016,21);
insert into hardware_profile_physical_disk (id, uuid, hardware_profile_disk_id, seq, model, firmware, serial, bay)  values (599,"8d1fd9f2-2345-4e59-9d4a-287aade00f1b",599,0,"ST1000NM0011","SN02","SN02",26);
insert into hardware_profile_disk (id, name, size, hardware_profile_id) values (600,"sdac",3000592982016,21);
insert into hardware_profile_physical_disk (id, uuid, hardware_profile_disk_id, seq, model, firmware, serial, bay)  values (600,"6c5a6d74-ed75-425d-b6f5-90736f0ba954",600,0,"ST1000NM0011","SN02","SN02",27);
insert into hardware_profile_disk (id, name, size, hardware_profile_id) values (601,"sdad",3000592982016,21);
insert into hardware_profile_physical_disk (id, uuid, hardware_profile_disk_id, seq, model, firmware, serial, bay)  values (601,"43c4039b-316f-47ea-8c50-e16e787ce0e5",601,0,"ST1000NM0011","SN02","SN02",28);
insert into hardware_profile_disk (id, name, size, hardware_profile_id) values (602,"sdae",3000592982016,21);
insert into hardware_profile_physical_disk (id, uuid, hardware_profile_disk_id, seq, model, firmware, serial, bay)  values (602,"93551e1c-0d40-4740-ae2e-52d1adef006d",602,0,"ST1000NM0011","SN02","SN02",29);
insert into hardware_profile_disk (id, name, size, hardware_profile_id) values (603,"sdaf",3000592982016,21);
insert into hardware_profile_physical_disk (id, uuid, hardware_profile_disk_id, seq, model, firmware, serial, bay)  values (603,"a92a1a44-b71f-486c-9390-68f839eb44db",603,0,"ST1000NM0011","SN02","SN02",30);
insert into hardware_profile_disk (id, name, size, hardware_profile_id) values (604,"sdag",3000592982016,21);
insert into hardware_profile_physical_disk (id, uuid, hardware_profile_disk_id, seq, model, firmware, serial, bay)  values (604,"29021096-ba7d-44a4-9a47-46e3e9beec2d",604,0,"ST1000NM0011","SN02","SN02",31);
insert into hardware_profile_disk (id, name, size, hardware_profile_id) values (605,"sdah",3000592982016,21);
insert into hardware_profile_physical_disk (id, uuid, hardware_profile_disk_id, seq, model, firmware, serial, bay)  values (605,"5fcd0d11-084c-4618-88c4-99ee0da79043",605,0,"ST1000NM0011","SN02","SN02",32);
insert into hardware_profile_disk (id, name, size, hardware_profile_id) values (606,"sdai",3000592982016,21);
insert into hardware_profile_physical_disk (id, uuid, hardware_profile_disk_id, seq, model, firmware, serial, bay)  values (606,"1be6a8e8-5ebf-445a-8c5a-e37639cb6c3c",606,0,"ST1000NM0011","SN02","SN02",33);
insert into hardware_profile_disk (id, name, size, hardware_profile_id) values (607,"sdaj",3000592982016,21);
insert into hardware_profile_physical_disk (id, uuid, hardware_profile_disk_id, seq, model, firmware, serial, bay)  values (607,"cad6a866-898e-4cc1-bf04-fc08fa81fbc9",607,0,"ST1000NM0011","SN02","SN02",34);
insert into hardware_profile_disk (id, name, size, hardware_profile_id) values (608,"sdak",3000592982016,21);
insert into hardware_profile_physical_disk (id, uuid, hardware_profile_disk_id, seq, model, firmware, serial, bay)  values (608,"c0193178-499a-4ac6-87b1-4e00968ea86d",608,0,"ST1000NM0011","SN02","SN02",35);
insert into hardware_profile_disk (id, name, size, hardware_profile_id) values (609,"sdal",3000592982016,21);
insert into hardware_profile_physical_disk (id, uuid, hardware_profile_disk_id, seq, model, firmware, serial, bay)  values (609,"1c22058c-f1ad-424c-af78-f5c94da9ea22",609,0,"ST1000NM0011","SN02","SN02",36);
insert into hardware_profile_disk (id, name, size, hardware_profile_id) values (610,"sdam",3000592982016,21);
insert into hardware_profile_physical_disk (id, uuid, hardware_profile_disk_id, seq, model, firmware, serial, bay)  values (610,"f8bb382c-561a-49dc-9074-e5a87b8f475a",610,0,"ST1000NM0011","SN02","SN02",37);
insert into hardware_profile_disk (id, name, size, hardware_profile_id) values (611,"sdan",3000592982016,21);
insert into hardware_profile_physical_disk (id, uuid, hardware_profile_disk_id, seq, model, firmware, serial, bay)  values (611,"316f1310-9ea7-44f3-91b6-a17e0594cc77",611,0,"ST1000NM0011","SN02","SN02",38);
insert into hardware_profile_disk (id, name, size, hardware_profile_id) values (612,"sdao",3000592982016,21);
insert into hardware_profile_physical_disk (id, uuid, hardware_profile_disk_id, seq, model, firmware, serial, bay)  values (612,"8d0d5c30-dfd7-43f2-95e0-03f3f6adfde0",612,0,"ST1000NM0011","SN02","SN02",39);
insert into hardware_profile_disk (id, name, size, hardware_profile_id) values (613,"sdap",3000592982016,21);
insert into hardware_profile_physical_disk (id, uuid, hardware_profile_disk_id, seq, model, firmware, serial, bay)  values (613,"62faeb46-f463-48a1-9527-26ecb098d87d",613,0,"ST1000NM0011","SN02","SN02",40);
insert into hardware_profile_disk (id, name, size, hardware_profile_id) values (614,"sdaq",3000592982016,21);
insert into hardware_profile_physical_disk (id, uuid, hardware_profile_disk_id, seq, model, firmware, serial, bay)  values (614,"2a2e8c06-a9db-4576-979e-7228218b0b30",614,0,"ST1000NM0011","SN02","SN02",41);
insert into hardware_profile_disk (id, name, size, hardware_profile_id) values (615,"sdar",3000592982016,21);
insert into hardware_profile_physical_disk (id, uuid, hardware_profile_disk_id, seq, model, firmware, serial, bay)  values (615,"4c2bc186-8c06-4726-9490-3ce849150f0b",615,0,"ST1000NM0011","SN02","SN02",42);
insert into hardware_profile_disk (id, name, size, hardware_profile_id) values (616,"sdas",3000592982016,21);
insert into hardware_profile_physical_disk (id, uuid, hardware_profile_disk_id, seq, model, firmware, serial, bay)  values (616,"8f911f7a-1645-4019-b0cc-efd36efa0a62",616,0,"ST1000NM0011","SN02","SN02",43);
insert into hardware_profile_disk (id, name, size, hardware_profile_id) values (617,"sdat",3000592982016,21);
insert into hardware_profile_physical_disk (id, uuid, hardware_profile_disk_id, seq, model, firmware, serial, bay)  values (617,"4b2f8d96-b5a9-41e0-8564-8686c815ae28",617,0,"ST1000NM0011","SN02","SN02",44);
insert into hardware_profile_disk (id, name, size, hardware_profile_id) values (618,"sdau",3000592982016,21);
insert into hardware_profile_physical_disk (id, uuid, hardware_profile_disk_id, seq, model, firmware, serial, bay)  values (618,"f1cee976-1daf-43af-895b-592d997083e4",618,0,"ST1000NM0011","SN02","SN02",45);
insert into hardware_profile_disk (id, name, size, hardware_profile_id) values (619,"sdav",3000592982016,21);
insert into hardware_profile_physical_disk (id, uuid, hardware_profile_disk_id, seq, model, firmware, serial, bay)  values (619,"444426b6-285a-4b87-9ca6-e00daf0055ff",619,0,"ST1000NM0011","SN02","SN02",46);
insert into hardware_profile_disk (id, name, size, hardware_profile_id) values (620,"sdaw",3000592982016,21);
insert into hardware_profile_physical_disk (id, uuid, hardware_profile_disk_id, seq, model, firmware, serial, bay)  values (620,"40abea40-7d69-429c-83b1-f2960386cec7",620,0,"ST1000NM0011","SN02","SN02",47);
update device set hardware_profile_id=21 where id=21;
insert into device(id, creation_date, hostname, uuid, device_type, dsnet_id, site_id, approved_through_date, hardware_profile_id, public_key_fingerprint) values (22,"11/11/2015","Slicestor NDS-4600","a62a1d44-318e-46c0-a336-844916ad38c7","slicestor",1,null,"2015-11-11 11:23:52",null,"b5:a0:d8:4f:f0:bd:1c:bb:d1:09:26:7a:c1:7f:31:19:2b:d2:fa:b22");
insert into hardware_profile (id, creation_date, version, model, model_code, device_id, serial, storage_size, bios_date, bios_version, bmc_firmware, os_drive_name) values (22, 1447187574944,"3.7.0.58","Slicestor NDS-4600","NEWISYS-NDS4600-V1",22,"258113122061",104193095770112,"11/11/2015","1.0b-1","3.21 [0x6, 0x0, 0x0, 0x0]","sda");
insert into hardware_profile_disk (id, name, size, hardware_profile_id) values (621,"sdb",3000592982016,22);
insert into hardware_profile_physical_disk (id, uuid, hardware_profile_disk_id, seq, model, firmware, serial, bay)  values (621,"1170d23a-7761-4942-9730-a6b3fa673ea0",621,0,"ST1000NM0011","SN02","SN02",0);
insert into hardware_profile_disk (id, name, size, hardware_profile_id) values (622,"sdc",3000592982016,22);
insert into hardware_profile_physical_disk (id, uuid, hardware_profile_disk_id, seq, model, firmware, serial, bay)  values (622,"9051c825-0447-46a8-ae2c-2015006bba33",622,0,"ST1000NM0011","SN02","SN02",1);
insert into hardware_profile_disk (id, name, size, hardware_profile_id) values (623,"sdd",3000592982016,22);
insert into hardware_profile_physical_disk (id, uuid, hardware_profile_disk_id, seq, model, firmware, serial, bay)  values (623,"948ed318-81a3-4474-9fa4-32d1a2ea4db0",623,0,"ST1000NM0011","SN02","SN02",2);
insert into hardware_profile_disk (id, name, size, hardware_profile_id) values (624,"sde",3000592982016,22);
insert into hardware_profile_physical_disk (id, uuid, hardware_profile_disk_id, seq, model, firmware, serial, bay)  values (624,"4a8f4d3a-2c9d-4e6e-be3e-ca2ead1f414b",624,0,"ST1000NM0011","SN02","SN02",3);
insert into hardware_profile_disk (id, name, size, hardware_profile_id) values (625,"sdf",3000592982016,22);
insert into hardware_profile_physical_disk (id, uuid, hardware_profile_disk_id, seq, model, firmware, serial, bay)  values (625,"2f7ee4ea-f5b1-4c44-b428-ceaf624edffd",625,0,"ST1000NM0011","SN02","SN02",4);
insert into hardware_profile_disk (id, name, size, hardware_profile_id) values (626,"sdg",3000592982016,22);
insert into hardware_profile_physical_disk (id, uuid, hardware_profile_disk_id, seq, model, firmware, serial, bay)  values (626,"b01ed17c-d80a-4a42-920f-60cbc111c149",626,0,"ST1000NM0011","SN02","SN02",5);
insert into hardware_profile_disk (id, name, size, hardware_profile_id) values (627,"sdh",3000592982016,22);
insert into hardware_profile_physical_disk (id, uuid, hardware_profile_disk_id, seq, model, firmware, serial, bay)  values (627,"3c60004a-b5bf-483c-a620-2a5a837a0f4f",627,0,"ST1000NM0011","SN02","SN02",6);
insert into hardware_profile_disk (id, name, size, hardware_profile_id) values (628,"sdi",3000592982016,22);
insert into hardware_profile_physical_disk (id, uuid, hardware_profile_disk_id, seq, model, firmware, serial, bay)  values (628,"f44f10d2-3a48-47d9-9f5c-9753b9e49252",628,0,"ST1000NM0011","SN02","SN02",7);
insert into hardware_profile_disk (id, name, size, hardware_profile_id) values (629,"sdj",3000592982016,22);
insert into hardware_profile_physical_disk (id, uuid, hardware_profile_disk_id, seq, model, firmware, serial, bay)  values (629,"8c8cd971-60e1-4b7f-bf25-84ca997833ca",629,0,"ST1000NM0011","SN02","SN02",8);
insert into hardware_profile_disk (id, name, size, hardware_profile_id) values (630,"sdk",3000592982016,22);
insert into hardware_profile_physical_disk (id, uuid, hardware_profile_disk_id, seq, model, firmware, serial, bay)  values (630,"3b9a54c8-e6d0-40f4-8273-301333d2438c",630,0,"ST1000NM0011","SN02","SN02",9);
insert into hardware_profile_disk (id, name, size, hardware_profile_id) values (631,"sdl",3000592982016,22);
insert into hardware_profile_physical_disk (id, uuid, hardware_profile_disk_id, seq, model, firmware, serial, bay)  values (631,"59973902-dd6c-480f-adb0-9ab8152468d3",631,0,"ST1000NM0011","SN02","SN02",10);
insert into hardware_profile_disk (id, name, size, hardware_profile_id) values (632,"sdm",3000592982016,22);
insert into hardware_profile_physical_disk (id, uuid, hardware_profile_disk_id, seq, model, firmware, serial, bay)  values (632,"064e33a9-a2e9-4f00-9668-3f7ddf1172a4",632,0,"ST1000NM0011","SN02","SN02",11);
insert into hardware_profile_disk (id, name, size, hardware_profile_id) values (633,"sdn",3000592982016,22);
insert into hardware_profile_physical_disk (id, uuid, hardware_profile_disk_id, seq, model, firmware, serial, bay)  values (633,"95a80079-ad25-4fd6-82a8-ecf493cdc21b",633,0,"ST1000NM0011","SN02","SN02",12);
insert into hardware_profile_disk (id, name, size, hardware_profile_id) values (634,"sdo",3000592982016,22);
insert into hardware_profile_physical_disk (id, uuid, hardware_profile_disk_id, seq, model, firmware, serial, bay)  values (634,"c2cc94bd-63a2-4bff-a23b-e1c513b4524d",634,0,"ST1000NM0011","SN02","SN02",13);
insert into hardware_profile_disk (id, name, size, hardware_profile_id) values (635,"sdp",3000592982016,22);
insert into hardware_profile_physical_disk (id, uuid, hardware_profile_disk_id, seq, model, firmware, serial, bay)  values (635,"2145d15d-2ced-4407-9f64-675e4a6ded58",635,0,"ST1000NM0011","SN02","SN02",14);
insert into hardware_profile_disk (id, name, size, hardware_profile_id) values (636,"sdq",3000592982016,22);
insert into hardware_profile_physical_disk (id, uuid, hardware_profile_disk_id, seq, model, firmware, serial, bay)  values (636,"2d2b9ff8-fbb1-4054-9ebc-63fee9ebfc80",636,0,"ST1000NM0011","SN02","SN02",15);
insert into hardware_profile_disk (id, name, size, hardware_profile_id) values (637,"sdr",3000592982016,22);
insert into hardware_profile_physical_disk (id, uuid, hardware_profile_disk_id, seq, model, firmware, serial, bay)  values (637,"552a24ec-35ba-48a6-ba42-a06569c2c61d",637,0,"ST1000NM0011","SN02","SN02",16);
insert into hardware_profile_disk (id, name, size, hardware_profile_id) values (638,"sds",3000592982016,22);
insert into hardware_profile_physical_disk (id, uuid, hardware_profile_disk_id, seq, model, firmware, serial, bay)  values (638,"ba55c70e-6062-47ce-8a30-e1ad68bbb1eb",638,0,"ST1000NM0011","SN02","SN02",17);
insert into hardware_profile_disk (id, name, size, hardware_profile_id) values (639,"sdt",3000592982016,22);
insert into hardware_profile_physical_disk (id, uuid, hardware_profile_disk_id, seq, model, firmware, serial, bay)  values (639,"2bafd980-b3e3-4a47-8d6a-491275b60f7e",639,0,"ST1000NM0011","SN02","SN02",18);
insert into hardware_profile_disk (id, name, size, hardware_profile_id) values (640,"sdu",3000592982016,22);
insert into hardware_profile_physical_disk (id, uuid, hardware_profile_disk_id, seq, model, firmware, serial, bay)  values (640,"37ea6072-060a-4796-8df3-ed191c0ef280",640,0,"ST1000NM0011","SN02","SN02",19);
insert into hardware_profile_disk (id, name, size, hardware_profile_id) values (641,"sdv",3000592982016,22);
insert into hardware_profile_physical_disk (id, uuid, hardware_profile_disk_id, seq, model, firmware, serial, bay)  values (641,"f3866ed7-33ae-43ce-acf9-adee3d479310",641,0,"ST1000NM0011","SN02","SN02",20);
insert into hardware_profile_disk (id, name, size, hardware_profile_id) values (642,"sdw",3000592982016,22);
insert into hardware_profile_physical_disk (id, uuid, hardware_profile_disk_id, seq, model, firmware, serial, bay)  values (642,"6b59a6e7-8464-401d-81a8-8d635f6ec011",642,0,"ST1000NM0011","SN02","SN02",21);
insert into hardware_profile_disk (id, name, size, hardware_profile_id) values (643,"sdx",3000592982016,22);
insert into hardware_profile_physical_disk (id, uuid, hardware_profile_disk_id, seq, model, firmware, serial, bay)  values (643,"14e69dcf-0e83-4f43-94ba-a64886422378",643,0,"ST1000NM0011","SN02","SN02",22);
insert into hardware_profile_disk (id, name, size, hardware_profile_id) values (644,"sdy",3000592982016,22);
insert into hardware_profile_physical_disk (id, uuid, hardware_profile_disk_id, seq, model, firmware, serial, bay)  values (644,"5637ffc9-689a-4cd9-99a6-98aa51672595",644,0,"ST1000NM0011","SN02","SN02",23);
insert into hardware_profile_disk (id, name, size, hardware_profile_id) values (645,"sdz",3000592982016,22);
insert into hardware_profile_physical_disk (id, uuid, hardware_profile_disk_id, seq, model, firmware, serial, bay)  values (645,"5b368d17-9038-4f33-b7cd-f2ab1ec08828",645,0,"ST1000NM0011","SN02","SN02",24);
insert into hardware_profile_disk (id, name, size, hardware_profile_id) values (646,"sdaa",3000592982016,22);
insert into hardware_profile_physical_disk (id, uuid, hardware_profile_disk_id, seq, model, firmware, serial, bay)  values (646,"d2b19aaf-2bd0-4f39-8a3a-10c375debeb6",646,0,"ST1000NM0011","SN02","SN02",25);
insert into hardware_profile_disk (id, name, size, hardware_profile_id) values (647,"sdab",3000592982016,22);
insert into hardware_profile_physical_disk (id, uuid, hardware_profile_disk_id, seq, model, firmware, serial, bay)  values (647,"8b8f0c84-43bc-4600-be83-0032187675e1",647,0,"ST1000NM0011","SN02","SN02",26);
insert into hardware_profile_disk (id, name, size, hardware_profile_id) values (648,"sdac",3000592982016,22);
insert into hardware_profile_physical_disk (id, uuid, hardware_profile_disk_id, seq, model, firmware, serial, bay)  values (648,"99b815ab-42da-4f4a-8b99-cce913ceeaaa",648,0,"ST1000NM0011","SN02","SN02",27);
insert into hardware_profile_disk (id, name, size, hardware_profile_id) values (649,"sdad",3000592982016,22);
insert into hardware_profile_physical_disk (id, uuid, hardware_profile_disk_id, seq, model, firmware, serial, bay)  values (649,"9f7a894b-aa73-48c2-891d-57f6c29707bd",649,0,"ST1000NM0011","SN02","SN02",28);
insert into hardware_profile_disk (id, name, size, hardware_profile_id) values (650,"sdae",3000592982016,22);
insert into hardware_profile_physical_disk (id, uuid, hardware_profile_disk_id, seq, model, firmware, serial, bay)  values (650,"bab702fb-aaa1-4fa1-ab2d-ac759a045b26",650,0,"ST1000NM0011","SN02","SN02",29);
insert into hardware_profile_disk (id, name, size, hardware_profile_id) values (651,"sdaf",3000592982016,22);
insert into hardware_profile_physical_disk (id, uuid, hardware_profile_disk_id, seq, model, firmware, serial, bay)  values (651,"9a9eb4b2-a038-4c71-bf2f-ee593a6b0314",651,0,"ST1000NM0011","SN02","SN02",30);
insert into hardware_profile_disk (id, name, size, hardware_profile_id) values (652,"sdag",3000592982016,22);
insert into hardware_profile_physical_disk (id, uuid, hardware_profile_disk_id, seq, model, firmware, serial, bay)  values (652,"e82a901e-abc3-4946-a7af-7e5c92e0d8c1",652,0,"ST1000NM0011","SN02","SN02",31);
insert into hardware_profile_disk (id, name, size, hardware_profile_id) values (653,"sdah",3000592982016,22);
insert into hardware_profile_physical_disk (id, uuid, hardware_profile_disk_id, seq, model, firmware, serial, bay)  values (653,"7d65d7c6-1fbc-4a98-bc9e-f874562d7d5d",653,0,"ST1000NM0011","SN02","SN02",32);
insert into hardware_profile_disk (id, name, size, hardware_profile_id) values (654,"sdai",3000592982016,22);
insert into hardware_profile_physical_disk (id, uuid, hardware_profile_disk_id, seq, model, firmware, serial, bay)  values (654,"9da6b924-5893-4269-ba6f-e8eb590d7bc7",654,0,"ST1000NM0011","SN02","SN02",33);
insert into hardware_profile_disk (id, name, size, hardware_profile_id) values (655,"sdaj",3000592982016,22);
insert into hardware_profile_physical_disk (id, uuid, hardware_profile_disk_id, seq, model, firmware, serial, bay)  values (655,"97706deb-9e0b-4541-818e-284e8d664b16",655,0,"ST1000NM0011","SN02","SN02",34);
insert into hardware_profile_disk (id, name, size, hardware_profile_id) values (656,"sdak",3000592982016,22);
insert into hardware_profile_physical_disk (id, uuid, hardware_profile_disk_id, seq, model, firmware, serial, bay)  values (656,"0f150cf3-9d4c-4063-841f-c76401c230c0",656,0,"ST1000NM0011","SN02","SN02",35);
insert into hardware_profile_disk (id, name, size, hardware_profile_id) values (657,"sdal",3000592982016,22);
insert into hardware_profile_physical_disk (id, uuid, hardware_profile_disk_id, seq, model, firmware, serial, bay)  values (657,"992727b6-1498-48fe-ba43-6db1a3e8c15f",657,0,"ST1000NM0011","SN02","SN02",36);
insert into hardware_profile_disk (id, name, size, hardware_profile_id) values (658,"sdam",3000592982016,22);
insert into hardware_profile_physical_disk (id, uuid, hardware_profile_disk_id, seq, model, firmware, serial, bay)  values (658,"7a67faea-0465-4c6c-a95f-b4a70771687d",658,0,"ST1000NM0011","SN02","SN02",37);
insert into hardware_profile_disk (id, name, size, hardware_profile_id) values (659,"sdan",3000592982016,22);
insert into hardware_profile_physical_disk (id, uuid, hardware_profile_disk_id, seq, model, firmware, serial, bay)  values (659,"dddbe580-7e4a-424e-9003-5439a8521713",659,0,"ST1000NM0011","SN02","SN02",38);
insert into hardware_profile_disk (id, name, size, hardware_profile_id) values (660,"sdao",3000592982016,22);
insert into hardware_profile_physical_disk (id, uuid, hardware_profile_disk_id, seq, model, firmware, serial, bay)  values (660,"a0256c9d-822b-4049-a351-073c5f9b6c2e",660,0,"ST1000NM0011","SN02","SN02",39);
insert into hardware_profile_disk (id, name, size, hardware_profile_id) values (661,"sdap",3000592982016,22);
insert into hardware_profile_physical_disk (id, uuid, hardware_profile_disk_id, seq, model, firmware, serial, bay)  values (661,"4e0a8507-c67a-42ce-95c6-234c8ddd4911",661,0,"ST1000NM0011","SN02","SN02",40);
insert into hardware_profile_disk (id, name, size, hardware_profile_id) values (662,"sdaq",3000592982016,22);
insert into hardware_profile_physical_disk (id, uuid, hardware_profile_disk_id, seq, model, firmware, serial, bay)  values (662,"83002453-ef5b-4bab-b69d-1468324dfc2d",662,0,"ST1000NM0011","SN02","SN02",41);
insert into hardware_profile_disk (id, name, size, hardware_profile_id) values (663,"sdar",3000592982016,22);
insert into hardware_profile_physical_disk (id, uuid, hardware_profile_disk_id, seq, model, firmware, serial, bay)  values (663,"c390b091-18a9-48e8-95f5-81e269e33ab1",663,0,"ST1000NM0011","SN02","SN02",42);
insert into hardware_profile_disk (id, name, size, hardware_profile_id) values (664,"sdas",3000592982016,22);
insert into hardware_profile_physical_disk (id, uuid, hardware_profile_disk_id, seq, model, firmware, serial, bay)  values (664,"1787e4a0-0a12-4efa-a06e-20b82db341b1",664,0,"ST1000NM0011","SN02","SN02",43);
insert into hardware_profile_disk (id, name, size, hardware_profile_id) values (665,"sdat",3000592982016,22);
insert into hardware_profile_physical_disk (id, uuid, hardware_profile_disk_id, seq, model, firmware, serial, bay)  values (665,"d56c30b6-676f-4c90-b929-70a9a8ca4930",665,0,"ST1000NM0011","SN02","SN02",44);
insert into hardware_profile_disk (id, name, size, hardware_profile_id) values (666,"sdau",3000592982016,22);
insert into hardware_profile_physical_disk (id, uuid, hardware_profile_disk_id, seq, model, firmware, serial, bay)  values (666,"d9af81b3-18ff-419c-bef1-cc9d56d622cb",666,0,"ST1000NM0011","SN02","SN02",45);
insert into hardware_profile_disk (id, name, size, hardware_profile_id) values (667,"sdav",3000592982016,22);
insert into hardware_profile_physical_disk (id, uuid, hardware_profile_disk_id, seq, model, firmware, serial, bay)  values (667,"4b39ed54-d5ac-4e62-9bbb-2c0b6849854e",667,0,"ST1000NM0011","SN02","SN02",46);
insert into hardware_profile_disk (id, name, size, hardware_profile_id) values (668,"sdaw",3000592982016,22);
insert into hardware_profile_physical_disk (id, uuid, hardware_profile_disk_id, seq, model, firmware, serial, bay)  values (668,"bc11dbe5-e343-4cb0-8962-8f21a9f13a8e",668,0,"ST1000NM0011","SN02","SN02",47);
insert into hardware_profile_disk (id, name, size, hardware_profile_id) values (669,"sdax",3000592982016,22);
insert into hardware_profile_physical_disk (id, uuid, hardware_profile_disk_id, seq, model, firmware, serial, bay)  values (669,"6f157cd1-3e18-4459-bf43-634643b44ac2",669,0,"ST1000NM0011","SN02","SN02",48);
insert into hardware_profile_disk (id, name, size, hardware_profile_id) values (670,"sday",3000592982016,22);
insert into hardware_profile_physical_disk (id, uuid, hardware_profile_disk_id, seq, model, firmware, serial, bay)  values (670,"f2734490-4a50-470a-b64f-643ebe42e59a",670,0,"ST1000NM0011","SN02","SN02",49);
insert into hardware_profile_disk (id, name, size, hardware_profile_id) values (671,"sdaz",3000592982016,22);
insert into hardware_profile_physical_disk (id, uuid, hardware_profile_disk_id, seq, model, firmware, serial, bay)  values (671,"b8fe0f35-aec6-4873-afbe-9f077ef0d6f7",671,0,"ST1000NM0011","SN02","SN02",50);
insert into hardware_profile_disk (id, name, size, hardware_profile_id) values (672,"sdba",3000592982016,22);
insert into hardware_profile_physical_disk (id, uuid, hardware_profile_disk_id, seq, model, firmware, serial, bay)  values (672,"694315ca-24fc-42ba-afdb-e974d56a7200",672,0,"ST1000NM0011","SN02","SN02",51);
insert into hardware_profile_disk (id, name, size, hardware_profile_id) values (673,"sdbb",3000592982016,22);
insert into hardware_profile_physical_disk (id, uuid, hardware_profile_disk_id, seq, model, firmware, serial, bay)  values (673,"4de2923e-b1bc-491c-abfa-ba6824ea17e6",673,0,"ST1000NM0011","SN02","SN02",52);
insert into hardware_profile_disk (id, name, size, hardware_profile_id) values (674,"sdbc",3000592982016,22);
insert into hardware_profile_physical_disk (id, uuid, hardware_profile_disk_id, seq, model, firmware, serial, bay)  values (674,"17004924-716b-4c12-8879-9e05d100a90e",674,0,"ST1000NM0011","SN02","SN02",53);
insert into hardware_profile_disk (id, name, size, hardware_profile_id) values (675,"sdbd",3000592982016,22);
insert into hardware_profile_physical_disk (id, uuid, hardware_profile_disk_id, seq, model, firmware, serial, bay)  values (675,"5abc5528-a8f0-4c8d-94a4-f06f47491ddd",675,0,"ST1000NM0011","SN02","SN02",54);
insert into hardware_profile_disk (id, name, size, hardware_profile_id) values (676,"sdbe",3000592982016,22);
insert into hardware_profile_physical_disk (id, uuid, hardware_profile_disk_id, seq, model, firmware, serial, bay)  values (676,"9f60b4e0-65b8-4752-96d0-0c84d555f8eb",676,0,"ST1000NM0011","SN02","SN02",55);
insert into hardware_profile_disk (id, name, size, hardware_profile_id) values (677,"sdbf",3000592982016,22);
insert into hardware_profile_physical_disk (id, uuid, hardware_profile_disk_id, seq, model, firmware, serial, bay)  values (677,"33f462d0-bc78-4976-8241-ef8b9f259c79",677,0,"ST1000NM0011","SN02","SN02",56);
insert into hardware_profile_disk (id, name, size, hardware_profile_id) values (678,"sdbg",3000592982016,22);
insert into hardware_profile_physical_disk (id, uuid, hardware_profile_disk_id, seq, model, firmware, serial, bay)  values (678,"a541d009-a622-4d35-8226-7446e94a9cde",678,0,"ST1000NM0011","SN02","SN02",57);
insert into hardware_profile_disk (id, name, size, hardware_profile_id) values (679,"sdbh",3000592982016,22);
insert into hardware_profile_physical_disk (id, uuid, hardware_profile_disk_id, seq, model, firmware, serial, bay)  values (679,"a61d3e66-7ca0-4549-890e-6ce1800a2a40",679,0,"ST1000NM0011","SN02","SN02",58);
insert into hardware_profile_disk (id, name, size, hardware_profile_id) values (680,"sdbi",3000592982016,22);
insert into hardware_profile_physical_disk (id, uuid, hardware_profile_disk_id, seq, model, firmware, serial, bay)  values (680,"e0da97de-9dd2-434b-8aa3-bfabaf4a1f6b",680,0,"ST1000NM0011","SN02","SN02",59);
update device set hardware_profile_id=22 where id=22;
insert into device(id, creation_date, hostname, uuid, device_type, dsnet_id, site_id, approved_through_date, hardware_profile_id, public_key_fingerprint) values (23,"11/11/2015","Seagate OneStor AP-2584","901a99ef-7853-42f8-8788-d60aad1eb909","slicestor",1,null,"2015-11-11 11:23:52",null,"b5:a0:d8:4f:f0:bd:1c:bb:d1:09:26:7a:c1:7f:31:19:2b:d2:fa:b23");
insert into hardware_profile (id, creation_date, version, model, model_code, device_id, serial, storage_size, bios_date, bios_version, bmc_firmware, os_drive_name) values (23, 1447187574944,"3.7.0.58","Seagate OneStor AP-2584","SATI-TL",23,"258113122061",104193095770112,"11/11/2015","1.0b-1","3.21 [0x6, 0x0, 0x0, 0x0]","sda");
insert into hardware_profile_disk (id, name, size, hardware_profile_id) values (681,"sdb",3000592982016,23);
insert into hardware_profile_physical_disk (id, uuid, hardware_profile_disk_id, seq, model, firmware, serial, bay)  values (681,"53453f63-8cca-42d7-a88a-05485fd41fce",681,0,"ST1000NM0011","SN02","SN02",0);
insert into hardware_profile_disk (id, name, size, hardware_profile_id) values (682,"sdc",3000592982016,23);
insert into hardware_profile_physical_disk (id, uuid, hardware_profile_disk_id, seq, model, firmware, serial, bay)  values (682,"0e0995f9-1b5a-420b-878c-4cac592f4ac1",682,0,"ST1000NM0011","SN02","SN02",1);
insert into hardware_profile_disk (id, name, size, hardware_profile_id) values (683,"sdd",3000592982016,23);
insert into hardware_profile_physical_disk (id, uuid, hardware_profile_disk_id, seq, model, firmware, serial, bay)  values (683,"44741e26-74e8-4f7e-b5d6-7b66d2fac144",683,0,"ST1000NM0011","SN02","SN02",2);
insert into hardware_profile_disk (id, name, size, hardware_profile_id) values (684,"sde",3000592982016,23);
insert into hardware_profile_physical_disk (id, uuid, hardware_profile_disk_id, seq, model, firmware, serial, bay)  values (684,"175e913f-5010-4042-ab5d-2ce19184ec7e",684,0,"ST1000NM0011","SN02","SN02",3);
insert into hardware_profile_disk (id, name, size, hardware_profile_id) values (685,"sdf",3000592982016,23);
insert into hardware_profile_physical_disk (id, uuid, hardware_profile_disk_id, seq, model, firmware, serial, bay)  values (685,"d8632198-6439-4bf6-98fe-beec522540b5",685,0,"ST1000NM0011","SN02","SN02",4);
insert into hardware_profile_disk (id, name, size, hardware_profile_id) values (686,"sdg",3000592982016,23);
insert into hardware_profile_physical_disk (id, uuid, hardware_profile_disk_id, seq, model, firmware, serial, bay)  values (686,"b9a93fcd-ebf6-4a05-8146-7cbec95aa069",686,0,"ST1000NM0011","SN02","SN02",5);
insert into hardware_profile_disk (id, name, size, hardware_profile_id) values (687,"sdh",3000592982016,23);
insert into hardware_profile_physical_disk (id, uuid, hardware_profile_disk_id, seq, model, firmware, serial, bay)  values (687,"f97c3453-7e2e-4fc2-b5f2-11723ca0df84",687,0,"ST1000NM0011","SN02","SN02",6);
insert into hardware_profile_disk (id, name, size, hardware_profile_id) values (688,"sdi",3000592982016,23);
insert into hardware_profile_physical_disk (id, uuid, hardware_profile_disk_id, seq, model, firmware, serial, bay)  values (688,"05fb7a29-a78e-4792-a5fd-a79caeff94e5",688,0,"ST1000NM0011","SN02","SN02",7);
insert into hardware_profile_disk (id, name, size, hardware_profile_id) values (689,"sdj",3000592982016,23);
insert into hardware_profile_physical_disk (id, uuid, hardware_profile_disk_id, seq, model, firmware, serial, bay)  values (689,"7cf4b3a8-193b-429d-8d68-b24f08507e9a",689,0,"ST1000NM0011","SN02","SN02",8);
insert into hardware_profile_disk (id, name, size, hardware_profile_id) values (690,"sdk",3000592982016,23);
insert into hardware_profile_physical_disk (id, uuid, hardware_profile_disk_id, seq, model, firmware, serial, bay)  values (690,"efb86dbb-5ebd-4a96-afa6-2bcb8d05e015",690,0,"ST1000NM0011","SN02","SN02",9);
insert into hardware_profile_disk (id, name, size, hardware_profile_id) values (691,"sdl",3000592982016,23);
insert into hardware_profile_physical_disk (id, uuid, hardware_profile_disk_id, seq, model, firmware, serial, bay)  values (691,"552a9b93-1951-4ea1-8792-5461bf96e0f8",691,0,"ST1000NM0011","SN02","SN02",10);
insert into hardware_profile_disk (id, name, size, hardware_profile_id) values (692,"sdm",3000592982016,23);
insert into hardware_profile_physical_disk (id, uuid, hardware_profile_disk_id, seq, model, firmware, serial, bay)  values (692,"bcf5bd81-9f25-42a5-89f7-98ba053cac74",692,0,"ST1000NM0011","SN02","SN02",11);
insert into hardware_profile_disk (id, name, size, hardware_profile_id) values (693,"sdn",3000592982016,23);
insert into hardware_profile_physical_disk (id, uuid, hardware_profile_disk_id, seq, model, firmware, serial, bay)  values (693,"5c9a91f1-cee3-4849-8d01-8a7c24b6be5d",693,0,"ST1000NM0011","SN02","SN02",12);
insert into hardware_profile_disk (id, name, size, hardware_profile_id) values (694,"sdo",3000592982016,23);
insert into hardware_profile_physical_disk (id, uuid, hardware_profile_disk_id, seq, model, firmware, serial, bay)  values (694,"775a116c-d098-4a7e-80e9-184124d24f31",694,0,"ST1000NM0011","SN02","SN02",13);
insert into hardware_profile_disk (id, name, size, hardware_profile_id) values (695,"sdp",3000592982016,23);
insert into hardware_profile_physical_disk (id, uuid, hardware_profile_disk_id, seq, model, firmware, serial, bay)  values (695,"960b3888-055c-4df9-a07d-a008d1d19e19",695,0,"ST1000NM0011","SN02","SN02",14);
insert into hardware_profile_disk (id, name, size, hardware_profile_id) values (696,"sdq",3000592982016,23);
insert into hardware_profile_physical_disk (id, uuid, hardware_profile_disk_id, seq, model, firmware, serial, bay)  values (696,"4c6b7e78-d61a-4875-b734-92c03b5a7c03",696,0,"ST1000NM0011","SN02","SN02",15);
insert into hardware_profile_disk (id, name, size, hardware_profile_id) values (697,"sdr",3000592982016,23);
insert into hardware_profile_physical_disk (id, uuid, hardware_profile_disk_id, seq, model, firmware, serial, bay)  values (697,"963dae71-270b-48ad-8719-fc9d0d84b26b",697,0,"ST1000NM0011","SN02","SN02",16);
insert into hardware_profile_disk (id, name, size, hardware_profile_id) values (698,"sds",3000592982016,23);
insert into hardware_profile_physical_disk (id, uuid, hardware_profile_disk_id, seq, model, firmware, serial, bay)  values (698,"94360526-da62-410f-a8b9-9711e367ca49",698,0,"ST1000NM0011","SN02","SN02",17);
insert into hardware_profile_disk (id, name, size, hardware_profile_id) values (699,"sdt",3000592982016,23);
insert into hardware_profile_physical_disk (id, uuid, hardware_profile_disk_id, seq, model, firmware, serial, bay)  values (699,"ac31cfeb-898c-4978-993f-353e5c4f8c52",699,0,"ST1000NM0011","SN02","SN02",18);
insert into hardware_profile_disk (id, name, size, hardware_profile_id) values (700,"sdu",3000592982016,23);
insert into hardware_profile_physical_disk (id, uuid, hardware_profile_disk_id, seq, model, firmware, serial, bay)  values (700,"d2f0246a-4d07-4358-8505-2d7ea1f4c2fc",700,0,"ST1000NM0011","SN02","SN02",19);
insert into hardware_profile_disk (id, name, size, hardware_profile_id) values (701,"sdv",3000592982016,23);
insert into hardware_profile_physical_disk (id, uuid, hardware_profile_disk_id, seq, model, firmware, serial, bay)  values (701,"b7009410-73fa-49c1-9b09-432d1d09c0a9",701,0,"ST1000NM0011","SN02","SN02",20);
insert into hardware_profile_disk (id, name, size, hardware_profile_id) values (702,"sdw",3000592982016,23);
insert into hardware_profile_physical_disk (id, uuid, hardware_profile_disk_id, seq, model, firmware, serial, bay)  values (702,"f1e007ab-82a0-4783-87df-418443109c38",702,0,"ST1000NM0011","SN02","SN02",21);
insert into hardware_profile_disk (id, name, size, hardware_profile_id) values (703,"sdx",3000592982016,23);
insert into hardware_profile_physical_disk (id, uuid, hardware_profile_disk_id, seq, model, firmware, serial, bay)  values (703,"e3a802f1-6885-4fb7-a175-c00122661fa7",703,0,"ST1000NM0011","SN02","SN02",22);
insert into hardware_profile_disk (id, name, size, hardware_profile_id) values (704,"sdy",3000592982016,23);
insert into hardware_profile_physical_disk (id, uuid, hardware_profile_disk_id, seq, model, firmware, serial, bay)  values (704,"8ff1346a-1812-4a92-a2d6-76b072995c99",704,0,"ST1000NM0011","SN02","SN02",23);
insert into hardware_profile_disk (id, name, size, hardware_profile_id) values (705,"sdz",3000592982016,23);
insert into hardware_profile_physical_disk (id, uuid, hardware_profile_disk_id, seq, model, firmware, serial, bay)  values (705,"8bf1bf0f-5913-4f5a-996b-32b23a99b918",705,0,"ST1000NM0011","SN02","SN02",24);
insert into hardware_profile_disk (id, name, size, hardware_profile_id) values (706,"sdaa",3000592982016,23);
insert into hardware_profile_physical_disk (id, uuid, hardware_profile_disk_id, seq, model, firmware, serial, bay)  values (706,"6cbd5bc2-8444-4930-8600-2dfe16e5dd2a",706,0,"ST1000NM0011","SN02","SN02",25);
insert into hardware_profile_disk (id, name, size, hardware_profile_id) values (707,"sdab",3000592982016,23);
insert into hardware_profile_physical_disk (id, uuid, hardware_profile_disk_id, seq, model, firmware, serial, bay)  values (707,"c5d2ef78-7f05-46b7-bb1d-4466db1c3566",707,0,"ST1000NM0011","SN02","SN02",26);
insert into hardware_profile_disk (id, name, size, hardware_profile_id) values (708,"sdac",3000592982016,23);
insert into hardware_profile_physical_disk (id, uuid, hardware_profile_disk_id, seq, model, firmware, serial, bay)  values (708,"ca1f69c8-ef9f-46a6-82bc-7fed0e738a0c",708,0,"ST1000NM0011","SN02","SN02",27);
insert into hardware_profile_disk (id, name, size, hardware_profile_id) values (709,"sdad",3000592982016,23);
insert into hardware_profile_physical_disk (id, uuid, hardware_profile_disk_id, seq, model, firmware, serial, bay)  values (709,"79fcbe93-8b22-4501-ba73-59790bc17300",709,0,"ST1000NM0011","SN02","SN02",28);
insert into hardware_profile_disk (id, name, size, hardware_profile_id) values (710,"sdae",3000592982016,23);
insert into hardware_profile_physical_disk (id, uuid, hardware_profile_disk_id, seq, model, firmware, serial, bay)  values (710,"725cc9fc-131a-484a-a20d-e6c5259f21c2",710,0,"ST1000NM0011","SN02","SN02",29);
insert into hardware_profile_disk (id, name, size, hardware_profile_id) values (711,"sdaf",3000592982016,23);
insert into hardware_profile_physical_disk (id, uuid, hardware_profile_disk_id, seq, model, firmware, serial, bay)  values (711,"121a037a-74ea-4641-8fb9-fa29f0999261",711,0,"ST1000NM0011","SN02","SN02",30);
insert into hardware_profile_disk (id, name, size, hardware_profile_id) values (712,"sdag",3000592982016,23);
insert into hardware_profile_physical_disk (id, uuid, hardware_profile_disk_id, seq, model, firmware, serial, bay)  values (712,"4e26f27f-4846-42f7-856c-cab6e6b5ff9c",712,0,"ST1000NM0011","SN02","SN02",31);
insert into hardware_profile_disk (id, name, size, hardware_profile_id) values (713,"sdah",3000592982016,23);
insert into hardware_profile_physical_disk (id, uuid, hardware_profile_disk_id, seq, model, firmware, serial, bay)  values (713,"d9f59966-4595-4717-863c-fa82fce1fbd2",713,0,"ST1000NM0011","SN02","SN02",32);
insert into hardware_profile_disk (id, name, size, hardware_profile_id) values (714,"sdai",3000592982016,23);
insert into hardware_profile_physical_disk (id, uuid, hardware_profile_disk_id, seq, model, firmware, serial, bay)  values (714,"701d4a53-643b-4a92-b93a-0429f1915eba",714,0,"ST1000NM0011","SN02","SN02",33);
insert into hardware_profile_disk (id, name, size, hardware_profile_id) values (715,"sdaj",3000592982016,23);
insert into hardware_profile_physical_disk (id, uuid, hardware_profile_disk_id, seq, model, firmware, serial, bay)  values (715,"c642c5d4-58bf-4af1-bae7-5b6f6120fc41",715,0,"ST1000NM0011","SN02","SN02",34);
insert into hardware_profile_disk (id, name, size, hardware_profile_id) values (716,"sdak",3000592982016,23);
insert into hardware_profile_physical_disk (id, uuid, hardware_profile_disk_id, seq, model, firmware, serial, bay)  values (716,"eaa71ed4-ad4d-46fc-8c60-db1efd08c4af",716,0,"ST1000NM0011","SN02","SN02",35);
insert into hardware_profile_disk (id, name, size, hardware_profile_id) values (717,"sdal",3000592982016,23);
insert into hardware_profile_physical_disk (id, uuid, hardware_profile_disk_id, seq, model, firmware, serial, bay)  values (717,"69db561d-bfea-4fa4-9240-bcb91bf31aa5",717,0,"ST1000NM0011","SN02","SN02",36);
insert into hardware_profile_disk (id, name, size, hardware_profile_id) values (718,"sdam",3000592982016,23);
insert into hardware_profile_physical_disk (id, uuid, hardware_profile_disk_id, seq, model, firmware, serial, bay)  values (718,"3287dc0d-e0db-4592-9e21-8306a39cbf64",718,0,"ST1000NM0011","SN02","SN02",37);
insert into hardware_profile_disk (id, name, size, hardware_profile_id) values (719,"sdan",3000592982016,23);
insert into hardware_profile_physical_disk (id, uuid, hardware_profile_disk_id, seq, model, firmware, serial, bay)  values (719,"198cc8f6-86bb-4541-bf5b-8c60565ff09f",719,0,"ST1000NM0011","SN02","SN02",38);
insert into hardware_profile_disk (id, name, size, hardware_profile_id) values (720,"sdao",3000592982016,23);
insert into hardware_profile_physical_disk (id, uuid, hardware_profile_disk_id, seq, model, firmware, serial, bay)  values (720,"d38d2d6e-634d-438c-b73c-1e84b58c8bb9",720,0,"ST1000NM0011","SN02","SN02",39);
insert into hardware_profile_disk (id, name, size, hardware_profile_id) values (721,"sdap",3000592982016,23);
insert into hardware_profile_physical_disk (id, uuid, hardware_profile_disk_id, seq, model, firmware, serial, bay)  values (721,"1a28314d-782c-4994-abca-e2c3432c263d",721,0,"ST1000NM0011","SN02","SN02",40);
insert into hardware_profile_disk (id, name, size, hardware_profile_id) values (722,"sdaq",3000592982016,23);
insert into hardware_profile_physical_disk (id, uuid, hardware_profile_disk_id, seq, model, firmware, serial, bay)  values (722,"599a9534-3004-48ac-9b06-5a67bcba1a6c",722,0,"ST1000NM0011","SN02","SN02",41);
insert into hardware_profile_disk (id, name, size, hardware_profile_id) values (723,"sdar",3000592982016,23);
insert into hardware_profile_physical_disk (id, uuid, hardware_profile_disk_id, seq, model, firmware, serial, bay)  values (723,"33228f66-0262-49d4-bf05-9f14dd28918e",723,0,"ST1000NM0011","SN02","SN02",42);
insert into hardware_profile_disk (id, name, size, hardware_profile_id) values (724,"sdas",3000592982016,23);
insert into hardware_profile_physical_disk (id, uuid, hardware_profile_disk_id, seq, model, firmware, serial, bay)  values (724,"9aba6710-0465-4e46-b066-86f22115033f",724,0,"ST1000NM0011","SN02","SN02",43);
insert into hardware_profile_disk (id, name, size, hardware_profile_id) values (725,"sdat",3000592982016,23);
insert into hardware_profile_physical_disk (id, uuid, hardware_profile_disk_id, seq, model, firmware, serial, bay)  values (725,"97ee0c01-c294-4545-9138-348ae8ee5988",725,0,"ST1000NM0011","SN02","SN02",44);
insert into hardware_profile_disk (id, name, size, hardware_profile_id) values (726,"sdau",3000592982016,23);
insert into hardware_profile_physical_disk (id, uuid, hardware_profile_disk_id, seq, model, firmware, serial, bay)  values (726,"e4e3f508-aba9-4fca-9b4d-09396486c1aa",726,0,"ST1000NM0011","SN02","SN02",45);
insert into hardware_profile_disk (id, name, size, hardware_profile_id) values (727,"sdav",3000592982016,23);
insert into hardware_profile_physical_disk (id, uuid, hardware_profile_disk_id, seq, model, firmware, serial, bay)  values (727,"c51b193b-7420-489e-9de8-c156f1a14b0f",727,0,"ST1000NM0011","SN02","SN02",46);
insert into hardware_profile_disk (id, name, size, hardware_profile_id) values (728,"sdaw",3000592982016,23);
insert into hardware_profile_physical_disk (id, uuid, hardware_profile_disk_id, seq, model, firmware, serial, bay)  values (728,"f00aef91-81e0-4705-a80e-5d69a44fb9f0",728,0,"ST1000NM0011","SN02","SN02",47);
insert into hardware_profile_disk (id, name, size, hardware_profile_id) values (729,"sdax",3000592982016,23);
insert into hardware_profile_physical_disk (id, uuid, hardware_profile_disk_id, seq, model, firmware, serial, bay)  values (729,"a4652c10-1a8e-4440-a92f-827da7e86034",729,0,"ST1000NM0011","SN02","SN02",48);
insert into hardware_profile_disk (id, name, size, hardware_profile_id) values (730,"sday",3000592982016,23);
insert into hardware_profile_physical_disk (id, uuid, hardware_profile_disk_id, seq, model, firmware, serial, bay)  values (730,"5c9d7d8a-9ed4-488a-aaaf-1cc4ca3975ad",730,0,"ST1000NM0011","SN02","SN02",49);
insert into hardware_profile_disk (id, name, size, hardware_profile_id) values (731,"sdaz",3000592982016,23);
insert into hardware_profile_physical_disk (id, uuid, hardware_profile_disk_id, seq, model, firmware, serial, bay)  values (731,"4a092ed5-ebf4-439b-b024-31b60f9f8640",731,0,"ST1000NM0011","SN02","SN02",50);
insert into hardware_profile_disk (id, name, size, hardware_profile_id) values (732,"sdba",3000592982016,23);
insert into hardware_profile_physical_disk (id, uuid, hardware_profile_disk_id, seq, model, firmware, serial, bay)  values (732,"6d06f02d-83af-469f-9554-53127d26b81f",732,0,"ST1000NM0011","SN02","SN02",51);
insert into hardware_profile_disk (id, name, size, hardware_profile_id) values (733,"sdbb",3000592982016,23);
insert into hardware_profile_physical_disk (id, uuid, hardware_profile_disk_id, seq, model, firmware, serial, bay)  values (733,"ca005dab-bc3c-4020-9ecc-847bc894f5fc",733,0,"ST1000NM0011","SN02","SN02",52);
insert into hardware_profile_disk (id, name, size, hardware_profile_id) values (734,"sdbc",3000592982016,23);
insert into hardware_profile_physical_disk (id, uuid, hardware_profile_disk_id, seq, model, firmware, serial, bay)  values (734,"28d8e58a-8ca2-43c0-be81-d5b95f6f26f5",734,0,"ST1000NM0011","SN02","SN02",53);
insert into hardware_profile_disk (id, name, size, hardware_profile_id) values (735,"sdbd",3000592982016,23);
insert into hardware_profile_physical_disk (id, uuid, hardware_profile_disk_id, seq, model, firmware, serial, bay)  values (735,"a160c3fd-1381-456f-8ca5-1dbfbe1df3ec",735,0,"ST1000NM0011","SN02","SN02",54);
insert into hardware_profile_disk (id, name, size, hardware_profile_id) values (736,"sdbe",3000592982016,23);
insert into hardware_profile_physical_disk (id, uuid, hardware_profile_disk_id, seq, model, firmware, serial, bay)  values (736,"6b75f860-b96a-4ba1-80f9-97dc9bfa1fe9",736,0,"ST1000NM0011","SN02","SN02",55);
insert into hardware_profile_disk (id, name, size, hardware_profile_id) values (737,"sdbf",3000592982016,23);
insert into hardware_profile_physical_disk (id, uuid, hardware_profile_disk_id, seq, model, firmware, serial, bay)  values (737,"8d3e3c31-d0e3-42ac-8882-8d465f61f2cd",737,0,"ST1000NM0011","SN02","SN02",56);
insert into hardware_profile_disk (id, name, size, hardware_profile_id) values (738,"sdbg",3000592982016,23);
insert into hardware_profile_physical_disk (id, uuid, hardware_profile_disk_id, seq, model, firmware, serial, bay)  values (738,"e24300e5-ab23-4aa5-af34-9265c88c5900",738,0,"ST1000NM0011","SN02","SN02",57);
insert into hardware_profile_disk (id, name, size, hardware_profile_id) values (739,"sdbh",3000592982016,23);
insert into hardware_profile_physical_disk (id, uuid, hardware_profile_disk_id, seq, model, firmware, serial, bay)  values (739,"098c24c4-3da7-4b96-b1d5-662a2f088e1f",739,0,"ST1000NM0011","SN02","SN02",58);
insert into hardware_profile_disk (id, name, size, hardware_profile_id) values (740,"sdbi",3000592982016,23);
insert into hardware_profile_physical_disk (id, uuid, hardware_profile_disk_id, seq, model, firmware, serial, bay)  values (740,"bc8cc87d-73b4-41bc-8e32-c94d7c4a6fa4",740,0,"ST1000NM0011","SN02","SN02",59);
insert into hardware_profile_disk (id, name, size, hardware_profile_id) values (741,"sdbj",3000592982016,23);
insert into hardware_profile_physical_disk (id, uuid, hardware_profile_disk_id, seq, model, firmware, serial, bay)  values (741,"fe3c9bcb-d38d-493e-90c8-e928b1906974",741,0,"ST1000NM0011","SN02","SN02",60);
insert into hardware_profile_disk (id, name, size, hardware_profile_id) values (742,"sdbk",3000592982016,23);
insert into hardware_profile_physical_disk (id, uuid, hardware_profile_disk_id, seq, model, firmware, serial, bay)  values (742,"38a2e9ad-3577-4bc1-b6fc-8a4b39772cfd",742,0,"ST1000NM0011","SN02","SN02",61);
insert into hardware_profile_disk (id, name, size, hardware_profile_id) values (743,"sdbl",3000592982016,23);
insert into hardware_profile_physical_disk (id, uuid, hardware_profile_disk_id, seq, model, firmware, serial, bay)  values (743,"e8cb6695-2786-4e21-a028-62446913df49",743,0,"ST1000NM0011","SN02","SN02",62);
insert into hardware_profile_disk (id, name, size, hardware_profile_id) values (744,"sdbm",3000592982016,23);
insert into hardware_profile_physical_disk (id, uuid, hardware_profile_disk_id, seq, model, firmware, serial, bay)  values (744,"357cad75-3110-4ce4-9943-76389c7baaa0",744,0,"ST1000NM0011","SN02","SN02",63);
insert into hardware_profile_disk (id, name, size, hardware_profile_id) values (745,"sdbn",3000592982016,23);
insert into hardware_profile_physical_disk (id, uuid, hardware_profile_disk_id, seq, model, firmware, serial, bay)  values (745,"80096ce3-75bc-4967-a970-2021cbc532f0",745,0,"ST1000NM0011","SN02","SN02",64);
insert into hardware_profile_disk (id, name, size, hardware_profile_id) values (746,"sdbo",3000592982016,23);
insert into hardware_profile_physical_disk (id, uuid, hardware_profile_disk_id, seq, model, firmware, serial, bay)  values (746,"173bee53-444e-4a1c-a0a6-caf85117932d",746,0,"ST1000NM0011","SN02","SN02",65);
insert into hardware_profile_disk (id, name, size, hardware_profile_id) values (747,"sdbp",3000592982016,23);
insert into hardware_profile_physical_disk (id, uuid, hardware_profile_disk_id, seq, model, firmware, serial, bay)  values (747,"a9378eb3-52a8-4560-8699-0a72b4553f9a",747,0,"ST1000NM0011","SN02","SN02",66);
insert into hardware_profile_disk (id, name, size, hardware_profile_id) values (748,"sdbq",3000592982016,23);
insert into hardware_profile_physical_disk (id, uuid, hardware_profile_disk_id, seq, model, firmware, serial, bay)  values (748,"27d1fc05-4236-4355-8683-3d0cdade5b9e",748,0,"ST1000NM0011","SN02","SN02",67);
insert into hardware_profile_disk (id, name, size, hardware_profile_id) values (749,"sdbr",3000592982016,23);
insert into hardware_profile_physical_disk (id, uuid, hardware_profile_disk_id, seq, model, firmware, serial, bay)  values (749,"047f20dc-90bf-4fbc-8b45-4a6339978028",749,0,"ST1000NM0011","SN02","SN02",68);
insert into hardware_profile_disk (id, name, size, hardware_profile_id) values (750,"sdbs",3000592982016,23);
insert into hardware_profile_physical_disk (id, uuid, hardware_profile_disk_id, seq, model, firmware, serial, bay)  values (750,"794576fd-e254-41a5-9ad4-4056d6222884",750,0,"ST1000NM0011","SN02","SN02",69);
insert into hardware_profile_disk (id, name, size, hardware_profile_id) values (751,"sdbt",3000592982016,23);
insert into hardware_profile_physical_disk (id, uuid, hardware_profile_disk_id, seq, model, firmware, serial, bay)  values (751,"eebfb85e-3f82-4691-9b57-db5dd6714f5e",751,0,"ST1000NM0011","SN02","SN02",70);
insert into hardware_profile_disk (id, name, size, hardware_profile_id) values (752,"sdbu",3000592982016,23);
insert into hardware_profile_physical_disk (id, uuid, hardware_profile_disk_id, seq, model, firmware, serial, bay)  values (752,"3dbdc895-a20c-42db-b5da-e7b6d3318e08",752,0,"ST1000NM0011","SN02","SN02",71);
insert into hardware_profile_disk (id, name, size, hardware_profile_id) values (753,"sdbv",3000592982016,23);
insert into hardware_profile_physical_disk (id, uuid, hardware_profile_disk_id, seq, model, firmware, serial, bay)  values (753,"904710ca-1c69-468c-a3e1-01ae3e8922de",753,0,"ST1000NM0011","SN02","SN02",72);
insert into hardware_profile_disk (id, name, size, hardware_profile_id) values (754,"sdbw",3000592982016,23);
insert into hardware_profile_physical_disk (id, uuid, hardware_profile_disk_id, seq, model, firmware, serial, bay)  values (754,"75f6e91e-4124-41cb-a707-f6be5fe4515c",754,0,"ST1000NM0011","SN02","SN02",73);
insert into hardware_profile_disk (id, name, size, hardware_profile_id) values (755,"sdbx",3000592982016,23);
insert into hardware_profile_physical_disk (id, uuid, hardware_profile_disk_id, seq, model, firmware, serial, bay)  values (755,"6220754a-2b15-4fb2-81d2-b0192797837d",755,0,"ST1000NM0011","SN02","SN02",74);
insert into hardware_profile_disk (id, name, size, hardware_profile_id) values (756,"sdby",3000592982016,23);
insert into hardware_profile_physical_disk (id, uuid, hardware_profile_disk_id, seq, model, firmware, serial, bay)  values (756,"480ab614-79ed-44c5-9ec9-3e3c2e60c4a6",756,0,"ST1000NM0011","SN02","SN02",75);
insert into hardware_profile_disk (id, name, size, hardware_profile_id) values (757,"sdbz",3000592982016,23);
insert into hardware_profile_physical_disk (id, uuid, hardware_profile_disk_id, seq, model, firmware, serial, bay)  values (757,"0f079350-6800-4995-adb2-7d2e56351aa9",757,0,"ST1000NM0011","SN02","SN02",76);
insert into hardware_profile_disk (id, name, size, hardware_profile_id) values (758,"sdca",3000592982016,23);
insert into hardware_profile_physical_disk (id, uuid, hardware_profile_disk_id, seq, model, firmware, serial, bay)  values (758,"59879a5d-10a9-435d-aff4-58ab3bd04da8",758,0,"ST1000NM0011","SN02","SN02",77);
insert into hardware_profile_disk (id, name, size, hardware_profile_id) values (759,"sdcb",3000592982016,23);
insert into hardware_profile_physical_disk (id, uuid, hardware_profile_disk_id, seq, model, firmware, serial, bay)  values (759,"7b67e992-71ea-4ae9-b9ae-c34aa9878380",759,0,"ST1000NM0011","SN02","SN02",78);
insert into hardware_profile_disk (id, name, size, hardware_profile_id) values (760,"sdcc",3000592982016,23);
insert into hardware_profile_physical_disk (id, uuid, hardware_profile_disk_id, seq, model, firmware, serial, bay)  values (760,"a4a6d62b-ec35-4bbe-9619-33a025c61215",760,0,"ST1000NM0011","SN02","SN02",79);
insert into hardware_profile_disk (id, name, size, hardware_profile_id) values (761,"sdcd",3000592982016,23);
insert into hardware_profile_physical_disk (id, uuid, hardware_profile_disk_id, seq, model, firmware, serial, bay)  values (761,"2a1ba1bc-5df3-4abb-aec2-a8c1ebef36a9",761,0,"ST1000NM0011","SN02","SN02",80);
insert into hardware_profile_disk (id, name, size, hardware_profile_id) values (762,"sdce",3000592982016,23);
insert into hardware_profile_physical_disk (id, uuid, hardware_profile_disk_id, seq, model, firmware, serial, bay)  values (762,"8cd87ed7-1fe9-4746-822b-80f978328d97",762,0,"ST1000NM0011","SN02","SN02",81);
insert into hardware_profile_disk (id, name, size, hardware_profile_id) values (763,"sdcf",3000592982016,23);
insert into hardware_profile_physical_disk (id, uuid, hardware_profile_disk_id, seq, model, firmware, serial, bay)  values (763,"1acfa79a-b7bf-47f9-9e4e-3a2b45dc4403",763,0,"ST1000NM0011","SN02","SN02",82);
insert into hardware_profile_disk (id, name, size, hardware_profile_id) values (764,"sdcg",3000592982016,23);
insert into hardware_profile_physical_disk (id, uuid, hardware_profile_disk_id, seq, model, firmware, serial, bay)  values (764,"870c1092-265d-4616-9b65-3d13ad5d1432",764,0,"ST1000NM0011","SN02","SN02",83);
update device set hardware_profile_id=23 where id=23;
insert into device(id, creation_date, hostname, uuid, device_type, dsnet_id, site_id, approved_through_date, hardware_profile_id, public_key_fingerprint) values (24,"11/11/2015","HPDM","53be0b00-ba2f-45fd-9d6c-67814403935d","slicestor",1,null,"2015-11-11 11:23:52",null,"b5:a0:d8:4f:f0:bd:1c:bb:d1:09:26:7a:c1:7f:31:19:2b:d2:fa:b24");
insert into hardware_profile (id, creation_date, version, model, model_code, device_id, serial, storage_size, bios_date, bios_version, bmc_firmware, os_drive_name) values (24, 1447187574944,"3.7.0.58","HPDM","HP Cloudline",24,"258113122061",104193095770112,"11/11/2015","1.0b-1","3.21 [0x6, 0x0, 0x0, 0x0]","sda");
insert into hardware_profile_disk (id, name, size, hardware_profile_id) values (765,"sdb",3000592982016,24);
insert into hardware_profile_physical_disk (id, uuid, hardware_profile_disk_id, seq, model, firmware, serial, bay)  values (765,"eef73c8d-7948-488a-9ca1-29e7c25b1661",765,0,"ST1000NM0011","SN02","SN02",0);
insert into hardware_profile_disk (id, name, size, hardware_profile_id) values (766,"sdc",3000592982016,24);
insert into hardware_profile_physical_disk (id, uuid, hardware_profile_disk_id, seq, model, firmware, serial, bay)  values (766,"891d0b75-91c8-4369-958d-49195546a264",766,0,"ST1000NM0011","SN02","SN02",1);
insert into hardware_profile_disk (id, name, size, hardware_profile_id) values (767,"sdd",3000592982016,24);
insert into hardware_profile_physical_disk (id, uuid, hardware_profile_disk_id, seq, model, firmware, serial, bay)  values (767,"8f87629f-479b-40c6-82d2-150f20146f25",767,0,"ST1000NM0011","SN02","SN02",2);
insert into hardware_profile_disk (id, name, size, hardware_profile_id) values (768,"sde",3000592982016,24);
insert into hardware_profile_physical_disk (id, uuid, hardware_profile_disk_id, seq, model, firmware, serial, bay)  values (768,"6190d3a9-a79e-415e-8f26-d55028f604a3",768,0,"ST1000NM0011","SN02","SN02",3);
insert into hardware_profile_disk (id, name, size, hardware_profile_id) values (769,"sdf",3000592982016,24);
insert into hardware_profile_physical_disk (id, uuid, hardware_profile_disk_id, seq, model, firmware, serial, bay)  values (769,"50fb5e2e-8b1e-4468-8418-074e87ef3b12",769,0,"ST1000NM0011","SN02","SN02",4);
insert into hardware_profile_disk (id, name, size, hardware_profile_id) values (770,"sdg",3000592982016,24);
insert into hardware_profile_physical_disk (id, uuid, hardware_profile_disk_id, seq, model, firmware, serial, bay)  values (770,"119a70f2-3d07-4c2e-9902-f6d020bf8a37",770,0,"ST1000NM0011","SN02","SN02",5);
insert into hardware_profile_disk (id, name, size, hardware_profile_id) values (771,"sdh",3000592982016,24);
insert into hardware_profile_physical_disk (id, uuid, hardware_profile_disk_id, seq, model, firmware, serial, bay)  values (771,"547027da-3adf-4cb1-9f24-16133c426618",771,0,"ST1000NM0011","SN02","SN02",6);
insert into hardware_profile_disk (id, name, size, hardware_profile_id) values (772,"sdi",3000592982016,24);
insert into hardware_profile_physical_disk (id, uuid, hardware_profile_disk_id, seq, model, firmware, serial, bay)  values (772,"3f6d2fc8-abce-4570-b2e7-c41239055a01",772,0,"ST1000NM0011","SN02","SN02",7);
insert into hardware_profile_disk (id, name, size, hardware_profile_id) values (773,"sdj",3000592982016,24);
insert into hardware_profile_physical_disk (id, uuid, hardware_profile_disk_id, seq, model, firmware, serial, bay)  values (773,"6f8128c6-63ff-4c61-a7ca-8fca4fcc3db1",773,0,"ST1000NM0011","SN02","SN02",8);
insert into hardware_profile_disk (id, name, size, hardware_profile_id) values (774,"sdk",3000592982016,24);
insert into hardware_profile_physical_disk (id, uuid, hardware_profile_disk_id, seq, model, firmware, serial, bay)  values (774,"b875e403-20a3-422b-91be-9df43126978f",774,0,"ST1000NM0011","SN02","SN02",9);
insert into hardware_profile_disk (id, name, size, hardware_profile_id) values (775,"sdl",3000592982016,24);
insert into hardware_profile_physical_disk (id, uuid, hardware_profile_disk_id, seq, model, firmware, serial, bay)  values (775,"f6a02d27-3d1a-4a43-a63e-7d7da2aeca04",775,0,"ST1000NM0011","SN02","SN02",10);
insert into hardware_profile_disk (id, name, size, hardware_profile_id) values (776,"sdm",3000592982016,24);
insert into hardware_profile_physical_disk (id, uuid, hardware_profile_disk_id, seq, model, firmware, serial, bay)  values (776,"fc456cf8-eae3-479f-8ef5-5b853e00feb3",776,0,"ST1000NM0011","SN02","SN02",11);
insert into hardware_profile_disk (id, name, size, hardware_profile_id) values (777,"sdn",3000592982016,24);
insert into hardware_profile_physical_disk (id, uuid, hardware_profile_disk_id, seq, model, firmware, serial, bay)  values (777,"d040920d-3f39-419b-a725-b0703481ee62",777,0,"ST1000NM0011","SN02","SN02",12);
insert into hardware_profile_disk (id, name, size, hardware_profile_id) values (778,"sdo",3000592982016,24);
insert into hardware_profile_physical_disk (id, uuid, hardware_profile_disk_id, seq, model, firmware, serial, bay)  values (778,"405fb2be-0f24-40c3-a9e9-789c4645a00f",778,0,"ST1000NM0011","SN02","SN02",13);
insert into hardware_profile_disk (id, name, size, hardware_profile_id) values (779,"sdp",3000592982016,24);
insert into hardware_profile_physical_disk (id, uuid, hardware_profile_disk_id, seq, model, firmware, serial, bay)  values (779,"d4ab92d9-301b-4691-a564-28a0cf907202",779,0,"ST1000NM0011","SN02","SN02",14);
insert into hardware_profile_disk (id, name, size, hardware_profile_id) values (780,"sdq",3000592982016,24);
insert into hardware_profile_physical_disk (id, uuid, hardware_profile_disk_id, seq, model, firmware, serial, bay)  values (780,"1b72bab9-4195-4d49-8d29-e3b13769b35c",780,0,"ST1000NM0011","SN02","SN02",15);
insert into hardware_profile_disk (id, name, size, hardware_profile_id) values (781,"sdr",3000592982016,24);
insert into hardware_profile_physical_disk (id, uuid, hardware_profile_disk_id, seq, model, firmware, serial, bay)  values (781,"4d8e0704-be2c-45ef-8561-610112ab71af",781,0,"ST1000NM0011","SN02","SN02",16);
insert into hardware_profile_disk (id, name, size, hardware_profile_id) values (782,"sds",3000592982016,24);
insert into hardware_profile_physical_disk (id, uuid, hardware_profile_disk_id, seq, model, firmware, serial, bay)  values (782,"224140d3-2b77-4f55-a57b-e677d5cee53e",782,0,"ST1000NM0011","SN02","SN02",17);
insert into hardware_profile_disk (id, name, size, hardware_profile_id) values (783,"sdt",3000592982016,24);
insert into hardware_profile_physical_disk (id, uuid, hardware_profile_disk_id, seq, model, firmware, serial, bay)  values (783,"49c28165-d626-4d1d-aab4-9e2ec553709a",783,0,"ST1000NM0011","SN02","SN02",18);
insert into hardware_profile_disk (id, name, size, hardware_profile_id) values (784,"sdu",3000592982016,24);
insert into hardware_profile_physical_disk (id, uuid, hardware_profile_disk_id, seq, model, firmware, serial, bay)  values (784,"886803a9-52cf-4994-90b3-cc4e621229e1",784,0,"ST1000NM0011","SN02","SN02",19);
insert into hardware_profile_disk (id, name, size, hardware_profile_id) values (785,"sdv",3000592982016,24);
insert into hardware_profile_physical_disk (id, uuid, hardware_profile_disk_id, seq, model, firmware, serial, bay)  values (785,"c6888dd5-a452-4856-859c-178c23f62372",785,0,"ST1000NM0011","SN02","SN02",20);
insert into hardware_profile_disk (id, name, size, hardware_profile_id) values (786,"sdw",3000592982016,24);
insert into hardware_profile_physical_disk (id, uuid, hardware_profile_disk_id, seq, model, firmware, serial, bay)  values (786,"59139d88-032f-442a-a138-cff1834c7070",786,0,"ST1000NM0011","SN02","SN02",21);
insert into hardware_profile_disk (id, name, size, hardware_profile_id) values (787,"sdx",3000592982016,24);
insert into hardware_profile_physical_disk (id, uuid, hardware_profile_disk_id, seq, model, firmware, serial, bay)  values (787,"c915cdc5-9b38-4baf-b85e-94f81ddb108d",787,0,"ST1000NM0011","SN02","SN02",22);
insert into hardware_profile_disk (id, name, size, hardware_profile_id) values (788,"sdy",3000592982016,24);
insert into hardware_profile_physical_disk (id, uuid, hardware_profile_disk_id, seq, model, firmware, serial, bay)  values (788,"533b2ff4-c37a-4669-a33e-f4fb36126249",788,0,"ST1000NM0011","SN02","SN02",23);
insert into hardware_profile_disk (id, name, size, hardware_profile_id) values (789,"sdz",3000592982016,24);
insert into hardware_profile_physical_disk (id, uuid, hardware_profile_disk_id, seq, model, firmware, serial, bay)  values (789,"d8cf4e4c-a20f-4142-8140-78e800ecaac0",789,0,"ST1000NM0011","SN02","SN02",24);
insert into hardware_profile_disk (id, name, size, hardware_profile_id) values (790,"sdaa",3000592982016,24);
insert into hardware_profile_physical_disk (id, uuid, hardware_profile_disk_id, seq, model, firmware, serial, bay)  values (790,"90d4a8a9-01a4-45bb-b924-437c5a28c7dc",790,0,"ST1000NM0011","SN02","SN02",25);
insert into hardware_profile_disk (id, name, size, hardware_profile_id) values (791,"sdab",3000592982016,24);
insert into hardware_profile_physical_disk (id, uuid, hardware_profile_disk_id, seq, model, firmware, serial, bay)  values (791,"f9f3a3c2-e994-4e19-ba84-3123a18200b4",791,0,"ST1000NM0011","SN02","SN02",26);
insert into hardware_profile_disk (id, name, size, hardware_profile_id) values (792,"sdac",3000592982016,24);
insert into hardware_profile_physical_disk (id, uuid, hardware_profile_disk_id, seq, model, firmware, serial, bay)  values (792,"9c2b1d02-11e4-432a-9190-5d21e9310191",792,0,"ST1000NM0011","SN02","SN02",27);
insert into hardware_profile_disk (id, name, size, hardware_profile_id) values (793,"sdad",3000592982016,24);
insert into hardware_profile_physical_disk (id, uuid, hardware_profile_disk_id, seq, model, firmware, serial, bay)  values (793,"320ad081-147b-4bf9-8c94-5635bcb5c707",793,0,"ST1000NM0011","SN02","SN02",28);
insert into hardware_profile_disk (id, name, size, hardware_profile_id) values (794,"sdae",3000592982016,24);
insert into hardware_profile_physical_disk (id, uuid, hardware_profile_disk_id, seq, model, firmware, serial, bay)  values (794,"04a9b7e9-3296-4e3b-be2c-05970227e8a1",794,0,"ST1000NM0011","SN02","SN02",29);
insert into hardware_profile_disk (id, name, size, hardware_profile_id) values (795,"sdaf",3000592982016,24);
insert into hardware_profile_physical_disk (id, uuid, hardware_profile_disk_id, seq, model, firmware, serial, bay)  values (795,"36886675-8ef3-4408-ae78-97deb88ae555",795,0,"ST1000NM0011","SN02","SN02",30);
insert into hardware_profile_disk (id, name, size, hardware_profile_id) values (796,"sdag",3000592982016,24);
insert into hardware_profile_physical_disk (id, uuid, hardware_profile_disk_id, seq, model, firmware, serial, bay)  values (796,"d62fd7e6-f216-41d5-8d68-7bc93a916247",796,0,"ST1000NM0011","SN02","SN02",31);
insert into hardware_profile_disk (id, name, size, hardware_profile_id) values (797,"sdah",3000592982016,24);
insert into hardware_profile_physical_disk (id, uuid, hardware_profile_disk_id, seq, model, firmware, serial, bay)  values (797,"58350d62-53b6-44ac-9af6-e51b894fd326",797,0,"ST1000NM0011","SN02","SN02",32);
insert into hardware_profile_disk (id, name, size, hardware_profile_id) values (798,"sdai",3000592982016,24);
insert into hardware_profile_physical_disk (id, uuid, hardware_profile_disk_id, seq, model, firmware, serial, bay)  values (798,"13bb0c44-a72f-482c-b756-751ce3fc4a17",798,0,"ST1000NM0011","SN02","SN02",33);
insert into hardware_profile_disk (id, name, size, hardware_profile_id) values (799,"sdaj",3000592982016,24);
insert into hardware_profile_physical_disk (id, uuid, hardware_profile_disk_id, seq, model, firmware, serial, bay)  values (799,"d5444c8f-bc4e-43cd-9370-0658126169d1",799,0,"ST1000NM0011","SN02","SN02",34);
insert into hardware_profile_disk (id, name, size, hardware_profile_id) values (800,"sdak",3000592982016,24);
insert into hardware_profile_physical_disk (id, uuid, hardware_profile_disk_id, seq, model, firmware, serial, bay)  values (800,"aa83792e-c421-4c74-bd57-0ab09e33afe6",800,0,"ST1000NM0011","SN02","SN02",35);
insert into hardware_profile_disk (id, name, size, hardware_profile_id) values (801,"sdal",3000592982016,24);
insert into hardware_profile_physical_disk (id, uuid, hardware_profile_disk_id, seq, model, firmware, serial, bay)  values (801,"a662a42a-c4ab-462f-a920-27a9a2e5cf73",801,0,"ST1000NM0011","SN02","SN02",36);
insert into hardware_profile_disk (id, name, size, hardware_profile_id) values (802,"sdam",3000592982016,24);
insert into hardware_profile_physical_disk (id, uuid, hardware_profile_disk_id, seq, model, firmware, serial, bay)  values (802,"19b05fb5-179f-430f-a188-6732372bb3b4",802,0,"ST1000NM0011","SN02","SN02",37);
insert into hardware_profile_disk (id, name, size, hardware_profile_id) values (803,"sdan",3000592982016,24);
insert into hardware_profile_physical_disk (id, uuid, hardware_profile_disk_id, seq, model, firmware, serial, bay)  values (803,"27050051-8174-49f0-a5e7-c8d8556763d7",803,0,"ST1000NM0011","SN02","SN02",38);
insert into hardware_profile_disk (id, name, size, hardware_profile_id) values (804,"sdao",3000592982016,24);
insert into hardware_profile_physical_disk (id, uuid, hardware_profile_disk_id, seq, model, firmware, serial, bay)  values (804,"b705b732-e51c-4d79-a19a-df9b610c2db5",804,0,"ST1000NM0011","SN02","SN02",39);
insert into hardware_profile_disk (id, name, size, hardware_profile_id) values (805,"sdap",3000592982016,24);
insert into hardware_profile_physical_disk (id, uuid, hardware_profile_disk_id, seq, model, firmware, serial, bay)  values (805,"853c5115-34ec-4329-8778-fb942652fc2d",805,0,"ST1000NM0011","SN02","SN02",40);
insert into hardware_profile_disk (id, name, size, hardware_profile_id) values (806,"sdaq",3000592982016,24);
insert into hardware_profile_physical_disk (id, uuid, hardware_profile_disk_id, seq, model, firmware, serial, bay)  values (806,"3e9545a2-6ae0-49be-b220-e50f1b5e80a0",806,0,"ST1000NM0011","SN02","SN02",41);
insert into hardware_profile_disk (id, name, size, hardware_profile_id) values (807,"sdar",3000592982016,24);
insert into hardware_profile_physical_disk (id, uuid, hardware_profile_disk_id, seq, model, firmware, serial, bay)  values (807,"0f2b95b0-05d8-4ee2-859b-691a0111538d",807,0,"ST1000NM0011","SN02","SN02",42);
insert into hardware_profile_disk (id, name, size, hardware_profile_id) values (808,"sdas",3000592982016,24);
insert into hardware_profile_physical_disk (id, uuid, hardware_profile_disk_id, seq, model, firmware, serial, bay)  values (808,"f0f76b59-6a2c-4b4b-bdc1-fa032e3d0521",808,0,"ST1000NM0011","SN02","SN02",43);
insert into hardware_profile_disk (id, name, size, hardware_profile_id) values (809,"sdat",3000592982016,24);
insert into hardware_profile_physical_disk (id, uuid, hardware_profile_disk_id, seq, model, firmware, serial, bay)  values (809,"2a4b096f-0ab7-438d-8987-deded55e9643",809,0,"ST1000NM0011","SN02","SN02",44);
insert into hardware_profile_disk (id, name, size, hardware_profile_id) values (810,"sdau",3000592982016,24);
insert into hardware_profile_physical_disk (id, uuid, hardware_profile_disk_id, seq, model, firmware, serial, bay)  values (810,"0e19135f-66fa-43cf-95ba-2a33c902aaa3",810,0,"ST1000NM0011","SN02","SN02",45);
insert into hardware_profile_disk (id, name, size, hardware_profile_id) values (811,"sdav",3000592982016,24);
insert into hardware_profile_physical_disk (id, uuid, hardware_profile_disk_id, seq, model, firmware, serial, bay)  values (811,"9c758bd6-e0b5-497c-a69c-774d1044b7e1",811,0,"ST1000NM0011","SN02","SN02",46);
insert into hardware_profile_disk (id, name, size, hardware_profile_id) values (812,"sdaw",3000592982016,24);
insert into hardware_profile_physical_disk (id, uuid, hardware_profile_disk_id, seq, model, firmware, serial, bay)  values (812,"e5119569-40a9-4e4b-9192-472391288935",812,0,"ST1000NM0011","SN02","SN02",47);
insert into hardware_profile_disk (id, name, size, hardware_profile_id) values (813,"sdax",3000592982016,24);
insert into hardware_profile_physical_disk (id, uuid, hardware_profile_disk_id, seq, model, firmware, serial, bay)  values (813,"cec95d01-d8fd-4aff-8b88-c16667efd5d9",813,0,"ST1000NM0011","SN02","SN02",48);
insert into hardware_profile_disk (id, name, size, hardware_profile_id) values (814,"sday",3000592982016,24);
insert into hardware_profile_physical_disk (id, uuid, hardware_profile_disk_id, seq, model, firmware, serial, bay)  values (814,"e047da45-1add-4e35-bab7-60629a749463",814,0,"ST1000NM0011","SN02","SN02",49);
insert into hardware_profile_disk (id, name, size, hardware_profile_id) values (815,"sdaz",3000592982016,24);
insert into hardware_profile_physical_disk (id, uuid, hardware_profile_disk_id, seq, model, firmware, serial, bay)  values (815,"de614b5e-4fe3-4b6b-8ddc-62482fb4789f",815,0,"ST1000NM0011","SN02","SN02",50);
insert into hardware_profile_disk (id, name, size, hardware_profile_id) values (816,"sdba",3000592982016,24);
insert into hardware_profile_physical_disk (id, uuid, hardware_profile_disk_id, seq, model, firmware, serial, bay)  values (816,"20243f4d-0ce0-42de-b259-c86af42ec6f4",816,0,"ST1000NM0011","SN02","SN02",51);
insert into hardware_profile_disk (id, name, size, hardware_profile_id) values (817,"sdbb",3000592982016,24);
insert into hardware_profile_physical_disk (id, uuid, hardware_profile_disk_id, seq, model, firmware, serial, bay)  values (817,"fbcfdce5-d9d3-483f-bafe-624821a0bdcd",817,0,"ST1000NM0011","SN02","SN02",52);
insert into hardware_profile_disk (id, name, size, hardware_profile_id) values (818,"sdbc",3000592982016,24);
insert into hardware_profile_physical_disk (id, uuid, hardware_profile_disk_id, seq, model, firmware, serial, bay)  values (818,"393accca-28fc-4bcb-92b3-938b8ee2af05",818,0,"ST1000NM0011","SN02","SN02",53);
insert into hardware_profile_disk (id, name, size, hardware_profile_id) values (819,"sdbd",3000592982016,24);
insert into hardware_profile_physical_disk (id, uuid, hardware_profile_disk_id, seq, model, firmware, serial, bay)  values (819,"3ee62466-3919-470f-b9d7-0746e3b02c94",819,0,"ST1000NM0011","SN02","SN02",54);
insert into hardware_profile_disk (id, name, size, hardware_profile_id) values (820,"sdbe",3000592982016,24);
insert into hardware_profile_physical_disk (id, uuid, hardware_profile_disk_id, seq, model, firmware, serial, bay)  values (820,"bb3f5349-96ad-40f4-9ce2-c8c62146e903",820,0,"ST1000NM0011","SN02","SN02",55);
insert into hardware_profile_disk (id, name, size, hardware_profile_id) values (821,"sdbf",3000592982016,24);
insert into hardware_profile_physical_disk (id, uuid, hardware_profile_disk_id, seq, model, firmware, serial, bay)  values (821,"dbca4ab3-c847-4257-96b9-e77a9fa44046",821,0,"ST1000NM0011","SN02","SN02",56);
insert into hardware_profile_disk (id, name, size, hardware_profile_id) values (822,"sdbg",3000592982016,24);
insert into hardware_profile_physical_disk (id, uuid, hardware_profile_disk_id, seq, model, firmware, serial, bay)  values (822,"5e8ddcb3-84a5-466c-9247-afd0d4750518",822,0,"ST1000NM0011","SN02","SN02",57);
insert into hardware_profile_disk (id, name, size, hardware_profile_id) values (823,"sdbh",3000592982016,24);
insert into hardware_profile_physical_disk (id, uuid, hardware_profile_disk_id, seq, model, firmware, serial, bay)  values (823,"223a24fc-aa7d-455c-a10f-7a9587e0d436",823,0,"ST1000NM0011","SN02","SN02",58);
insert into hardware_profile_disk (id, name, size, hardware_profile_id) values (824,"sdbi",3000592982016,24);
insert into hardware_profile_physical_disk (id, uuid, hardware_profile_disk_id, seq, model, firmware, serial, bay)  values (824,"574ce3a8-7a26-4ef5-8a2c-1c32e9e9c93e",824,0,"ST1000NM0011","SN02","SN02",59);
insert into hardware_profile_disk (id, name, size, hardware_profile_id) values (825,"sdbj",3000592982016,24);
insert into hardware_profile_physical_disk (id, uuid, hardware_profile_disk_id, seq, model, firmware, serial, bay)  values (825,"f5e1cba0-7a98-4fad-8344-4a2c3c9eb913",825,0,"ST1000NM0011","SN02","SN02",60);
insert into hardware_profile_disk (id, name, size, hardware_profile_id) values (826,"sdbk",3000592982016,24);
insert into hardware_profile_physical_disk (id, uuid, hardware_profile_disk_id, seq, model, firmware, serial, bay)  values (826,"ec43a640-4bb3-4d6f-b651-4a0918e288dd",826,0,"ST1000NM0011","SN02","SN02",61);
insert into hardware_profile_disk (id, name, size, hardware_profile_id) values (827,"sdbl",3000592982016,24);
insert into hardware_profile_physical_disk (id, uuid, hardware_profile_disk_id, seq, model, firmware, serial, bay)  values (827,"ebbc4aad-b1e6-4074-ae62-71696a82889e",827,0,"ST1000NM0011","SN02","SN02",62);
insert into hardware_profile_disk (id, name, size, hardware_profile_id) values (828,"sdbm",3000592982016,24);
insert into hardware_profile_physical_disk (id, uuid, hardware_profile_disk_id, seq, model, firmware, serial, bay)  values (828,"ca36ea53-6df5-45e5-96c2-c092b3ded905",828,0,"ST1000NM0011","SN02","SN02",63);
insert into hardware_profile_disk (id, name, size, hardware_profile_id) values (829,"sdbn",3000592982016,24);
insert into hardware_profile_physical_disk (id, uuid, hardware_profile_disk_id, seq, model, firmware, serial, bay)  values (829,"4676ba04-5871-4694-8f21-00caeb0d76e5",829,0,"ST1000NM0011","SN02","SN02",64);
insert into hardware_profile_disk (id, name, size, hardware_profile_id) values (830,"sdbo",3000592982016,24);
insert into hardware_profile_physical_disk (id, uuid, hardware_profile_disk_id, seq, model, firmware, serial, bay)  values (830,"23f14300-6423-4075-8a70-edee617b2a66",830,0,"ST1000NM0011","SN02","SN02",65);
insert into hardware_profile_disk (id, name, size, hardware_profile_id) values (831,"sdbp",3000592982016,24);
insert into hardware_profile_physical_disk (id, uuid, hardware_profile_disk_id, seq, model, firmware, serial, bay)  values (831,"7476321d-73ce-4d6a-a407-9e2d614ab5cf",831,0,"ST1000NM0011","SN02","SN02",66);
insert into hardware_profile_disk (id, name, size, hardware_profile_id) values (832,"sdbq",3000592982016,24);
insert into hardware_profile_physical_disk (id, uuid, hardware_profile_disk_id, seq, model, firmware, serial, bay)  values (832,"42789fb8-7c2e-4aa0-951d-c13330fba947",832,0,"ST1000NM0011","SN02","SN02",67);
insert into hardware_profile_disk (id, name, size, hardware_profile_id) values (833,"sdbr",3000592982016,24);
insert into hardware_profile_physical_disk (id, uuid, hardware_profile_disk_id, seq, model, firmware, serial, bay)  values (833,"d41b74db-cf57-48e2-b233-d12e5fb64a55",833,0,"ST1000NM0011","SN02","SN02",68);
insert into hardware_profile_disk (id, name, size, hardware_profile_id) values (834,"sdbs",3000592982016,24);
insert into hardware_profile_physical_disk (id, uuid, hardware_profile_disk_id, seq, model, firmware, serial, bay)  values (834,"3b4211d6-3023-4086-ba4c-5365fbf47901",834,0,"ST1000NM0011","SN02","SN02",69);
insert into hardware_profile_disk (id, name, size, hardware_profile_id) values (835,"sdbt",3000592982016,24);
insert into hardware_profile_physical_disk (id, uuid, hardware_profile_disk_id, seq, model, firmware, serial, bay)  values (835,"1f49af78-b78a-47cf-b22e-bb6f3dbf3ac9",835,0,"ST1000NM0011","SN02","SN02",70);
insert into hardware_profile_disk (id, name, size, hardware_profile_id) values (836,"sdbu",3000592982016,24);
insert into hardware_profile_physical_disk (id, uuid, hardware_profile_disk_id, seq, model, firmware, serial, bay)  values (836,"ba98d388-231f-476a-a9eb-278226f11ab8",836,0,"ST1000NM0011","SN02","SN02",71);
insert into hardware_profile_disk (id, name, size, hardware_profile_id) values (837,"sdbv",3000592982016,24);
insert into hardware_profile_physical_disk (id, uuid, hardware_profile_disk_id, seq, model, firmware, serial, bay)  values (837,"1a064381-97cd-456f-a438-9b5384bbc708",837,0,"ST1000NM0011","SN02","SN02",72);
insert into hardware_profile_disk (id, name, size, hardware_profile_id) values (838,"sdbw",3000592982016,24);
insert into hardware_profile_physical_disk (id, uuid, hardware_profile_disk_id, seq, model, firmware, serial, bay)  values (838,"798ae245-5353-4ca7-8441-7ed694395265",838,0,"ST1000NM0011","SN02","SN02",73);
insert into hardware_profile_disk (id, name, size, hardware_profile_id) values (839,"sdbx",3000592982016,24);
insert into hardware_profile_physical_disk (id, uuid, hardware_profile_disk_id, seq, model, firmware, serial, bay)  values (839,"6facd1bd-699e-440c-92ea-0775e36fcb03",839,0,"ST1000NM0011","SN02","SN02",74);
insert into hardware_profile_disk (id, name, size, hardware_profile_id) values (840,"sdby",3000592982016,24);
insert into hardware_profile_physical_disk (id, uuid, hardware_profile_disk_id, seq, model, firmware, serial, bay)  values (840,"d2f64681-b8e1-4b8b-a925-d4a9f7d17699",840,0,"ST1000NM0011","SN02","SN02",75);
insert into hardware_profile_disk (id, name, size, hardware_profile_id) values (841,"sdbz",3000592982016,24);
insert into hardware_profile_physical_disk (id, uuid, hardware_profile_disk_id, seq, model, firmware, serial, bay)  values (841,"8c163726-984d-4e46-b53c-81604273fce5",841,0,"ST1000NM0011","SN02","SN02",76);
insert into hardware_profile_disk (id, name, size, hardware_profile_id) values (842,"sdca",3000592982016,24);
insert into hardware_profile_physical_disk (id, uuid, hardware_profile_disk_id, seq, model, firmware, serial, bay)  values (842,"67bef883-a7c5-4789-b544-508708fa5a4e",842,0,"ST1000NM0011","SN02","SN02",77);
insert into hardware_profile_disk (id, name, size, hardware_profile_id) values (843,"sdcb",3000592982016,24);
insert into hardware_profile_physical_disk (id, uuid, hardware_profile_disk_id, seq, model, firmware, serial, bay)  values (843,"be2320b9-0595-46bc-acbc-5fa7527c73dd",843,0,"ST1000NM0011","SN02","SN02",78);
insert into hardware_profile_disk (id, name, size, hardware_profile_id) values (844,"sdcc",3000592982016,24);
insert into hardware_profile_physical_disk (id, uuid, hardware_profile_disk_id, seq, model, firmware, serial, bay)  values (844,"82a41b8b-6aa0-4ccb-a32d-f2423ec4a151",844,0,"ST1000NM0011","SN02","SN02",79);
update device set hardware_profile_id=24 where id=24;
insert into device(id, creation_date, hostname, uuid, device_type, dsnet_id, site_id, approved_through_date, hardware_profile_id, public_key_fingerprint) values (25,"11/11/2015","ZTDN","cfcadb7e-1a1e-43b6-ba40-0654059c6cbd","slicestor",1,null,"2015-11-11 11:23:52",null,"b5:a0:d8:4f:f0:bd:1c:bb:d1:09:26:7a:c1:7f:31:19:2b:d2:fa:b25");
insert into hardware_profile (id, creation_date, version, model, model_code, device_id, serial, storage_size, bios_date, bios_version, bmc_firmware, os_drive_name) values (25, 1447187574944,"3.7.0.58","ZTDN","ZTDL",25,"258113122061",104193095770112,"11/11/2015","1.0b-1","3.21 [0x6, 0x0, 0x0, 0x0]","sda");
insert into hardware_profile_disk (id, name, size, hardware_profile_id) values (845,"sdb",3000592982016,25);
insert into hardware_profile_physical_disk (id, uuid, hardware_profile_disk_id, seq, model, firmware, serial, bay)  values (845,"e5f07dcc-f969-4083-89ab-afaa67e451e9",845,0,"ST1000NM0011","SN02","SN02",0);
insert into hardware_profile_disk (id, name, size, hardware_profile_id) values (846,"sdc",3000592982016,25);
insert into hardware_profile_physical_disk (id, uuid, hardware_profile_disk_id, seq, model, firmware, serial, bay)  values (846,"eb9c2273-66e5-4b7f-aacd-dcbc5c885292",846,0,"ST1000NM0011","SN02","SN02",1);
insert into hardware_profile_disk (id, name, size, hardware_profile_id) values (847,"sdd",3000592982016,25);
insert into hardware_profile_physical_disk (id, uuid, hardware_profile_disk_id, seq, model, firmware, serial, bay)  values (847,"be569a24-7a89-47c5-989e-4dd1bfc38862",847,0,"ST1000NM0011","SN02","SN02",2);
insert into hardware_profile_disk (id, name, size, hardware_profile_id) values (848,"sde",3000592982016,25);
insert into hardware_profile_physical_disk (id, uuid, hardware_profile_disk_id, seq, model, firmware, serial, bay)  values (848,"3708875d-e55f-4d86-8781-f24caf2f7b8f",848,0,"ST1000NM0011","SN02","SN02",3);
insert into hardware_profile_disk (id, name, size, hardware_profile_id) values (849,"sdf",3000592982016,25);
insert into hardware_profile_physical_disk (id, uuid, hardware_profile_disk_id, seq, model, firmware, serial, bay)  values (849,"4cda5983-a561-43c7-a376-5e01cfd24f72",849,0,"ST1000NM0011","SN02","SN02",4);
insert into hardware_profile_disk (id, name, size, hardware_profile_id) values (850,"sdg",3000592982016,25);
insert into hardware_profile_physical_disk (id, uuid, hardware_profile_disk_id, seq, model, firmware, serial, bay)  values (850,"958ee5d7-b64d-48d9-afd9-9ef87c30ae5b",850,0,"ST1000NM0011","SN02","SN02",5);
insert into hardware_profile_disk (id, name, size, hardware_profile_id) values (851,"sdh",3000592982016,25);
insert into hardware_profile_physical_disk (id, uuid, hardware_profile_disk_id, seq, model, firmware, serial, bay)  values (851,"79df2526-93c5-406d-90be-020a26094d06",851,0,"ST1000NM0011","SN02","SN02",6);
insert into hardware_profile_disk (id, name, size, hardware_profile_id) values (852,"sdi",3000592982016,25);
insert into hardware_profile_physical_disk (id, uuid, hardware_profile_disk_id, seq, model, firmware, serial, bay)  values (852,"64b2829b-3aed-4936-8d64-ad19d7377872",852,0,"ST1000NM0011","SN02","SN02",7);
insert into hardware_profile_disk (id, name, size, hardware_profile_id) values (853,"sdj",3000592982016,25);
insert into hardware_profile_physical_disk (id, uuid, hardware_profile_disk_id, seq, model, firmware, serial, bay)  values (853,"353b2a43-d477-4eb7-b543-f99e906a6069",853,0,"ST1000NM0011","SN02","SN02",8);
insert into hardware_profile_disk (id, name, size, hardware_profile_id) values (854,"sdk",3000592982016,25);
insert into hardware_profile_physical_disk (id, uuid, hardware_profile_disk_id, seq, model, firmware, serial, bay)  values (854,"7ccc10dc-e993-4dfc-88e3-324e0e6934cd",854,0,"ST1000NM0011","SN02","SN02",9);
insert into hardware_profile_disk (id, name, size, hardware_profile_id) values (855,"sdl",3000592982016,25);
insert into hardware_profile_physical_disk (id, uuid, hardware_profile_disk_id, seq, model, firmware, serial, bay)  values (855,"916cf5c0-5d17-4c81-91c2-e5fb5bf7c64e",855,0,"ST1000NM0011","SN02","SN02",10);
insert into hardware_profile_disk (id, name, size, hardware_profile_id) values (856,"sdm",3000592982016,25);
insert into hardware_profile_physical_disk (id, uuid, hardware_profile_disk_id, seq, model, firmware, serial, bay)  values (856,"fd8c8e26-98bc-4a18-bffe-48ff1896782d",856,0,"ST1000NM0011","SN02","SN02",11);
insert into hardware_profile_disk (id, name, size, hardware_profile_id) values (857,"sdn",3000592982016,25);
insert into hardware_profile_physical_disk (id, uuid, hardware_profile_disk_id, seq, model, firmware, serial, bay)  values (857,"c8ec1221-bc2d-40c5-9612-c8eab5b4437d",857,0,"ST1000NM0011","SN02","SN02",12);
insert into hardware_profile_disk (id, name, size, hardware_profile_id) values (858,"sdo",3000592982016,25);
insert into hardware_profile_physical_disk (id, uuid, hardware_profile_disk_id, seq, model, firmware, serial, bay)  values (858,"18a0d1f3-b49b-42bc-8a5c-1fdb005b1b37",858,0,"ST1000NM0011","SN02","SN02",13);
insert into hardware_profile_disk (id, name, size, hardware_profile_id) values (859,"sdp",3000592982016,25);
insert into hardware_profile_physical_disk (id, uuid, hardware_profile_disk_id, seq, model, firmware, serial, bay)  values (859,"79dd7546-3eac-42ad-962f-2e5c42cd804e",859,0,"ST1000NM0011","SN02","SN02",14);
insert into hardware_profile_disk (id, name, size, hardware_profile_id) values (860,"sdq",3000592982016,25);
insert into hardware_profile_physical_disk (id, uuid, hardware_profile_disk_id, seq, model, firmware, serial, bay)  values (860,"08be288e-c43f-4fa8-a555-be2a3c538fb9",860,0,"ST1000NM0011","SN02","SN02",15);
insert into hardware_profile_disk (id, name, size, hardware_profile_id) values (861,"sdr",3000592982016,25);
insert into hardware_profile_physical_disk (id, uuid, hardware_profile_disk_id, seq, model, firmware, serial, bay)  values (861,"395b561b-531d-498e-bc2b-d1996181f199",861,0,"ST1000NM0011","SN02","SN02",16);
insert into hardware_profile_disk (id, name, size, hardware_profile_id) values (862,"sds",3000592982016,25);
insert into hardware_profile_physical_disk (id, uuid, hardware_profile_disk_id, seq, model, firmware, serial, bay)  values (862,"52d943b9-02a4-43ba-ac4c-d4dc3a6c0f65",862,0,"ST1000NM0011","SN02","SN02",17);
insert into hardware_profile_disk (id, name, size, hardware_profile_id) values (863,"sdt",3000592982016,25);
insert into hardware_profile_physical_disk (id, uuid, hardware_profile_disk_id, seq, model, firmware, serial, bay)  values (863,"62fa0518-6753-4aba-9c44-82a6447bad14",863,0,"ST1000NM0011","SN02","SN02",18);
insert into hardware_profile_disk (id, name, size, hardware_profile_id) values (864,"sdu",3000592982016,25);
insert into hardware_profile_physical_disk (id, uuid, hardware_profile_disk_id, seq, model, firmware, serial, bay)  values (864,"0e870729-28d5-40d6-b207-5b09bfd23990",864,0,"ST1000NM0011","SN02","SN02",19);
insert into hardware_profile_disk (id, name, size, hardware_profile_id) values (865,"sdv",3000592982016,25);
insert into hardware_profile_physical_disk (id, uuid, hardware_profile_disk_id, seq, model, firmware, serial, bay)  values (865,"3b02690b-af74-4317-8a0f-99e2fff79048",865,0,"ST1000NM0011","SN02","SN02",20);
insert into hardware_profile_disk (id, name, size, hardware_profile_id) values (866,"sdw",3000592982016,25);
insert into hardware_profile_physical_disk (id, uuid, hardware_profile_disk_id, seq, model, firmware, serial, bay)  values (866,"3d6aca70-eebf-41bd-b2f1-25833ff5b7dc",866,0,"ST1000NM0011","SN02","SN02",21);
insert into hardware_profile_disk (id, name, size, hardware_profile_id) values (867,"sdx",3000592982016,25);
insert into hardware_profile_physical_disk (id, uuid, hardware_profile_disk_id, seq, model, firmware, serial, bay)  values (867,"0cdefa7b-81ac-47a6-98f5-f2a6812fce69",867,0,"ST1000NM0011","SN02","SN02",22);
insert into hardware_profile_disk (id, name, size, hardware_profile_id) values (868,"sdy",3000592982016,25);
insert into hardware_profile_physical_disk (id, uuid, hardware_profile_disk_id, seq, model, firmware, serial, bay)  values (868,"ebc9ebba-c68e-4b3f-a055-74ebfd7d95ca",868,0,"ST1000NM0011","SN02","SN02",23);
insert into hardware_profile_disk (id, name, size, hardware_profile_id) values (869,"sdz",3000592982016,25);
insert into hardware_profile_physical_disk (id, uuid, hardware_profile_disk_id, seq, model, firmware, serial, bay)  values (869,"bbafaf3c-a313-40b7-a99c-4ed159d74971",869,0,"ST1000NM0011","SN02","SN02",24);
insert into hardware_profile_disk (id, name, size, hardware_profile_id) values (870,"sdaa",3000592982016,25);
insert into hardware_profile_physical_disk (id, uuid, hardware_profile_disk_id, seq, model, firmware, serial, bay)  values (870,"e7e6f5f7-13f5-4ac5-8fa5-5c94bb498186",870,0,"ST1000NM0011","SN02","SN02",25);
insert into hardware_profile_disk (id, name, size, hardware_profile_id) values (871,"sdab",3000592982016,25);
insert into hardware_profile_physical_disk (id, uuid, hardware_profile_disk_id, seq, model, firmware, serial, bay)  values (871,"646cc07f-f5a4-4ed9-b883-e37725d37b51",871,0,"ST1000NM0011","SN02","SN02",26);
insert into hardware_profile_disk (id, name, size, hardware_profile_id) values (872,"sdac",3000592982016,25);
insert into hardware_profile_physical_disk (id, uuid, hardware_profile_disk_id, seq, model, firmware, serial, bay)  values (872,"d4d61564-6fef-4846-975f-30c0173a0675",872,0,"ST1000NM0011","SN02","SN02",27);
insert into hardware_profile_disk (id, name, size, hardware_profile_id) values (873,"sdad",3000592982016,25);
insert into hardware_profile_physical_disk (id, uuid, hardware_profile_disk_id, seq, model, firmware, serial, bay)  values (873,"4267e01e-4f6b-4457-8613-395327121ede",873,0,"ST1000NM0011","SN02","SN02",28);
insert into hardware_profile_disk (id, name, size, hardware_profile_id) values (874,"sdae",3000592982016,25);
insert into hardware_profile_physical_disk (id, uuid, hardware_profile_disk_id, seq, model, firmware, serial, bay)  values (874,"a0d17639-4212-4bf5-9f14-454c5ea9c443",874,0,"ST1000NM0011","SN02","SN02",29);
insert into hardware_profile_disk (id, name, size, hardware_profile_id) values (875,"sdaf",3000592982016,25);
insert into hardware_profile_physical_disk (id, uuid, hardware_profile_disk_id, seq, model, firmware, serial, bay)  values (875,"4328aeb2-b1eb-40c1-b251-fbcb07aba374",875,0,"ST1000NM0011","SN02","SN02",30);
insert into hardware_profile_disk (id, name, size, hardware_profile_id) values (876,"sdag",3000592982016,25);
insert into hardware_profile_physical_disk (id, uuid, hardware_profile_disk_id, seq, model, firmware, serial, bay)  values (876,"b975ee6b-a2ff-45f1-8e19-77962693d9ae",876,0,"ST1000NM0011","SN02","SN02",31);
insert into hardware_profile_disk (id, name, size, hardware_profile_id) values (877,"sdah",3000592982016,25);
insert into hardware_profile_physical_disk (id, uuid, hardware_profile_disk_id, seq, model, firmware, serial, bay)  values (877,"8c9b1236-3e4b-4516-8686-b6abb12a2b82",877,0,"ST1000NM0011","SN02","SN02",32);
insert into hardware_profile_disk (id, name, size, hardware_profile_id) values (878,"sdai",3000592982016,25);
insert into hardware_profile_physical_disk (id, uuid, hardware_profile_disk_id, seq, model, firmware, serial, bay)  values (878,"083c9880-982e-47eb-b160-7e98bec4a3b2",878,0,"ST1000NM0011","SN02","SN02",33);
insert into hardware_profile_disk (id, name, size, hardware_profile_id) values (879,"sdaj",3000592982016,25);
insert into hardware_profile_physical_disk (id, uuid, hardware_profile_disk_id, seq, model, firmware, serial, bay)  values (879,"87fbab29-fde3-4516-8d4b-d1faa945a45f",879,0,"ST1000NM0011","SN02","SN02",34);
insert into hardware_profile_disk (id, name, size, hardware_profile_id) values (880,"sdak",3000592982016,25);
insert into hardware_profile_physical_disk (id, uuid, hardware_profile_disk_id, seq, model, firmware, serial, bay)  values (880,"c36649c0-08ee-4beb-b796-a235d04934fe",880,0,"ST1000NM0011","SN02","SN02",35);
insert into hardware_profile_disk (id, name, size, hardware_profile_id) values (881,"sdal",3000592982016,25);
insert into hardware_profile_physical_disk (id, uuid, hardware_profile_disk_id, seq, model, firmware, serial, bay)  values (881,"b4f14455-0a82-4d6e-9ad0-12f305d7bb72",881,0,"ST1000NM0011","SN02","SN02",36);
insert into hardware_profile_disk (id, name, size, hardware_profile_id) values (882,"sdam",3000592982016,25);
insert into hardware_profile_physical_disk (id, uuid, hardware_profile_disk_id, seq, model, firmware, serial, bay)  values (882,"57b7260d-05a2-403b-a93e-bd690594bb89",882,0,"ST1000NM0011","SN02","SN02",37);
insert into hardware_profile_disk (id, name, size, hardware_profile_id) values (883,"sdan",3000592982016,25);
insert into hardware_profile_physical_disk (id, uuid, hardware_profile_disk_id, seq, model, firmware, serial, bay)  values (883,"bef2f0e9-7e3c-4d6d-aa34-ec6e2971942d",883,0,"ST1000NM0011","SN02","SN02",38);
insert into hardware_profile_disk (id, name, size, hardware_profile_id) values (884,"sdao",3000592982016,25);
insert into hardware_profile_physical_disk (id, uuid, hardware_profile_disk_id, seq, model, firmware, serial, bay)  values (884,"41a03b8d-be72-4e9d-9dc6-7c315b4979b5",884,0,"ST1000NM0011","SN02","SN02",39);
insert into hardware_profile_disk (id, name, size, hardware_profile_id) values (885,"sdap",3000592982016,25);
insert into hardware_profile_physical_disk (id, uuid, hardware_profile_disk_id, seq, model, firmware, serial, bay)  values (885,"f72df6ff-34d0-40db-a79c-977f5cd306f3",885,0,"ST1000NM0011","SN02","SN02",40);
insert into hardware_profile_disk (id, name, size, hardware_profile_id) values (886,"sdaq",3000592982016,25);
insert into hardware_profile_physical_disk (id, uuid, hardware_profile_disk_id, seq, model, firmware, serial, bay)  values (886,"7ddc8c0e-1a3d-4146-bfeb-a2fdedc92c65",886,0,"ST1000NM0011","SN02","SN02",41);
insert into hardware_profile_disk (id, name, size, hardware_profile_id) values (887,"sdar",3000592982016,25);
insert into hardware_profile_physical_disk (id, uuid, hardware_profile_disk_id, seq, model, firmware, serial, bay)  values (887,"89d3e9cc-8147-4757-a356-e2e61ca16437",887,0,"ST1000NM0011","SN02","SN02",42);
insert into hardware_profile_disk (id, name, size, hardware_profile_id) values (888,"sdas",3000592982016,25);
insert into hardware_profile_physical_disk (id, uuid, hardware_profile_disk_id, seq, model, firmware, serial, bay)  values (888,"45c113c0-3bf2-41fd-b368-fa021b3c0d81",888,0,"ST1000NM0011","SN02","SN02",43);
insert into hardware_profile_disk (id, name, size, hardware_profile_id) values (889,"sdat",3000592982016,25);
insert into hardware_profile_physical_disk (id, uuid, hardware_profile_disk_id, seq, model, firmware, serial, bay)  values (889,"b7dd5622-2fac-41e8-a87b-085ebc5b662c",889,0,"ST1000NM0011","SN02","SN02",44);
insert into hardware_profile_disk (id, name, size, hardware_profile_id) values (890,"sdau",3000592982016,25);
insert into hardware_profile_physical_disk (id, uuid, hardware_profile_disk_id, seq, model, firmware, serial, bay)  values (890,"46f28f2c-6010-48d6-8505-b9cdf87f2176",890,0,"ST1000NM0011","SN02","SN02",45);
insert into hardware_profile_disk (id, name, size, hardware_profile_id) values (891,"sdav",3000592982016,25);
insert into hardware_profile_physical_disk (id, uuid, hardware_profile_disk_id, seq, model, firmware, serial, bay)  values (891,"44c4e1de-670f-4e61-a225-8d037a22c749",891,0,"ST1000NM0011","SN02","SN02",46);
insert into hardware_profile_disk (id, name, size, hardware_profile_id) values (892,"sdaw",3000592982016,25);
insert into hardware_profile_physical_disk (id, uuid, hardware_profile_disk_id, seq, model, firmware, serial, bay)  values (892,"411dcab0-899c-415e-89fc-ff624856efae",892,0,"ST1000NM0011","SN02","SN02",47);
insert into hardware_profile_disk (id, name, size, hardware_profile_id) values (893,"sdax",3000592982016,25);
insert into hardware_profile_physical_disk (id, uuid, hardware_profile_disk_id, seq, model, firmware, serial, bay)  values (893,"3e86997e-79cd-4c05-bda2-11be06779e2d",893,0,"ST1000NM0011","SN02","SN02",48);
insert into hardware_profile_disk (id, name, size, hardware_profile_id) values (894,"sday",3000592982016,25);
insert into hardware_profile_physical_disk (id, uuid, hardware_profile_disk_id, seq, model, firmware, serial, bay)  values (894,"6036547e-a01d-4e3c-9487-6bbaf4e9612e",894,0,"ST1000NM0011","SN02","SN02",49);
insert into hardware_profile_disk (id, name, size, hardware_profile_id) values (895,"sdaz",3000592982016,25);
insert into hardware_profile_physical_disk (id, uuid, hardware_profile_disk_id, seq, model, firmware, serial, bay)  values (895,"c97c6936-e657-4e7a-925b-9b7f65ec5a57",895,0,"ST1000NM0011","SN02","SN02",50);
insert into hardware_profile_disk (id, name, size, hardware_profile_id) values (896,"sdba",3000592982016,25);
insert into hardware_profile_physical_disk (id, uuid, hardware_profile_disk_id, seq, model, firmware, serial, bay)  values (896,"031bc566-eed2-42f9-b266-97ba1bcc6eb5",896,0,"ST1000NM0011","SN02","SN02",51);
insert into hardware_profile_disk (id, name, size, hardware_profile_id) values (897,"sdbb",3000592982016,25);
insert into hardware_profile_physical_disk (id, uuid, hardware_profile_disk_id, seq, model, firmware, serial, bay)  values (897,"d2d1da1f-29e5-4b55-b4f6-33635ba23e3a",897,0,"ST1000NM0011","SN02","SN02",52);
insert into hardware_profile_disk (id, name, size, hardware_profile_id) values (898,"sdbc",3000592982016,25);
insert into hardware_profile_physical_disk (id, uuid, hardware_profile_disk_id, seq, model, firmware, serial, bay)  values (898,"e43f4c12-3d7a-4e02-8b10-c3f48990d190",898,0,"ST1000NM0011","SN02","SN02",53);
insert into hardware_profile_disk (id, name, size, hardware_profile_id) values (899,"sdbd",3000592982016,25);
insert into hardware_profile_physical_disk (id, uuid, hardware_profile_disk_id, seq, model, firmware, serial, bay)  values (899,"c85ca1b0-0533-4647-8c3f-c9df96fe9d45",899,0,"ST1000NM0011","SN02","SN02",54);
insert into hardware_profile_disk (id, name, size, hardware_profile_id) values (900,"sdbe",3000592982016,25);
insert into hardware_profile_physical_disk (id, uuid, hardware_profile_disk_id, seq, model, firmware, serial, bay)  values (900,"ddd5a043-4a53-4c95-9343-327dadd081a2",900,0,"ST1000NM0011","SN02","SN02",55);
insert into hardware_profile_disk (id, name, size, hardware_profile_id) values (901,"sdbf",3000592982016,25);
insert into hardware_profile_physical_disk (id, uuid, hardware_profile_disk_id, seq, model, firmware, serial, bay)  values (901,"57143ede-53a5-49ad-bb15-72fe8335c4ca",901,0,"ST1000NM0011","SN02","SN02",56);
insert into hardware_profile_disk (id, name, size, hardware_profile_id) values (902,"sdbg",3000592982016,25);
insert into hardware_profile_physical_disk (id, uuid, hardware_profile_disk_id, seq, model, firmware, serial, bay)  values (902,"74aba7c6-c591-48e5-887d-ef5ca3483f8a",902,0,"ST1000NM0011","SN02","SN02",57);
insert into hardware_profile_disk (id, name, size, hardware_profile_id) values (903,"sdbh",3000592982016,25);
insert into hardware_profile_physical_disk (id, uuid, hardware_profile_disk_id, seq, model, firmware, serial, bay)  values (903,"145661b1-7a03-443b-9990-db159eee2028",903,0,"ST1000NM0011","SN02","SN02",58);
insert into hardware_profile_disk (id, name, size, hardware_profile_id) values (904,"sdbi",3000592982016,25);
insert into hardware_profile_physical_disk (id, uuid, hardware_profile_disk_id, seq, model, firmware, serial, bay)  values (904,"c012f8dd-db19-4de5-ba7e-38c678245e92",904,0,"ST1000NM0011","SN02","SN02",59);
insert into hardware_profile_disk (id, name, size, hardware_profile_id) values (905,"sdbj",3000592982016,25);
insert into hardware_profile_physical_disk (id, uuid, hardware_profile_disk_id, seq, model, firmware, serial, bay)  values (905,"4a41472c-578f-46e9-a1d6-4c4f9cd97168",905,0,"ST1000NM0011","SN02","SN02",60);
insert into hardware_profile_disk (id, name, size, hardware_profile_id) values (906,"sdbk",3000592982016,25);
insert into hardware_profile_physical_disk (id, uuid, hardware_profile_disk_id, seq, model, firmware, serial, bay)  values (906,"df91a636-5c34-4eb7-9d70-d16b5c6aecd3",906,0,"ST1000NM0011","SN02","SN02",61);
insert into hardware_profile_disk (id, name, size, hardware_profile_id) values (907,"sdbl",3000592982016,25);
insert into hardware_profile_physical_disk (id, uuid, hardware_profile_disk_id, seq, model, firmware, serial, bay)  values (907,"0c793bae-b0eb-4a3d-9853-bdb553e0f7a5",907,0,"ST1000NM0011","SN02","SN02",62);
insert into hardware_profile_disk (id, name, size, hardware_profile_id) values (908,"sdbm",3000592982016,25);
insert into hardware_profile_physical_disk (id, uuid, hardware_profile_disk_id, seq, model, firmware, serial, bay)  values (908,"4fcde654-c5dd-42c3-9318-aa8da192700b",908,0,"ST1000NM0011","SN02","SN02",63);
insert into hardware_profile_disk (id, name, size, hardware_profile_id) values (909,"sdbn",3000592982016,25);
insert into hardware_profile_physical_disk (id, uuid, hardware_profile_disk_id, seq, model, firmware, serial, bay)  values (909,"ca80ada1-badc-49ad-baf9-2417e2c3f86c",909,0,"ST1000NM0011","SN02","SN02",64);
insert into hardware_profile_disk (id, name, size, hardware_profile_id) values (910,"sdbo",3000592982016,25);
insert into hardware_profile_physical_disk (id, uuid, hardware_profile_disk_id, seq, model, firmware, serial, bay)  values (910,"70a8d791-f690-465d-91e1-58ad566b583c",910,0,"ST1000NM0011","SN02","SN02",65);
insert into hardware_profile_disk (id, name, size, hardware_profile_id) values (911,"sdbp",3000592982016,25);
insert into hardware_profile_physical_disk (id, uuid, hardware_profile_disk_id, seq, model, firmware, serial, bay)  values (911,"f3c7a7b3-f435-4085-804b-2ba45f9115b3",911,0,"ST1000NM0011","SN02","SN02",66);
insert into hardware_profile_disk (id, name, size, hardware_profile_id) values (912,"sdbq",3000592982016,25);
insert into hardware_profile_physical_disk (id, uuid, hardware_profile_disk_id, seq, model, firmware, serial, bay)  values (912,"5e34adf8-932f-42b7-bd0b-5786923b9e71",912,0,"ST1000NM0011","SN02","SN02",67);
insert into hardware_profile_disk (id, name, size, hardware_profile_id) values (913,"sdbr",3000592982016,25);
insert into hardware_profile_physical_disk (id, uuid, hardware_profile_disk_id, seq, model, firmware, serial, bay)  values (913,"872cc8d0-5103-4a6b-901d-d764946d3949",913,0,"ST1000NM0011","SN02","SN02",68);
insert into hardware_profile_disk (id, name, size, hardware_profile_id) values (914,"sdbs",3000592982016,25);
insert into hardware_profile_physical_disk (id, uuid, hardware_profile_disk_id, seq, model, firmware, serial, bay)  values (914,"e165c28d-99ca-4541-bd24-3cd4565168c3",914,0,"ST1000NM0011","SN02","SN02",69);
update device set hardware_profile_id=25 where id=25;
insert into device(id, creation_date, hostname, uuid, device_type, dsnet_id, site_id, approved_through_date, hardware_profile_id, public_key_fingerprint) values (26,"11/11/2015","SSG-4UDPV3-2C0-CC075","d0454b0e-ff02-4158-8425-14af2e1cb36d","slicestor",1,null,"2015-11-11 11:23:52",null,"b5:a0:d8:4f:f0:bd:1c:bb:d1:09:26:7a:c1:7f:31:19:2b:d2:fa:b26");
insert into hardware_profile (id, creation_date, version, model, model_code, device_id, serial, storage_size, bios_date, bios_version, bmc_firmware, os_drive_name) values (26, 1447187574944,"3.7.0.58","SSG-4UDPV3-2C0-CC075","SSG-4UDPV3-2C0-CC075",26,"258113122061",104193095770112,"11/11/2015","1.0b-1","3.21 [0x6, 0x0, 0x0, 0x0]","sda");
insert into hardware_profile_disk (id, name, size, hardware_profile_id) values (915,"sdb",3000592982016,26);
insert into hardware_profile_physical_disk (id, uuid, hardware_profile_disk_id, seq, model, firmware, serial, bay)  values (915,"6d4a6cdd-947b-4217-ab47-a841e62478f4",915,0,"ST1000NM0011","SN02","SN02",0);
insert into hardware_profile_disk (id, name, size, hardware_profile_id) values (916,"sdc",3000592982016,26);
insert into hardware_profile_physical_disk (id, uuid, hardware_profile_disk_id, seq, model, firmware, serial, bay)  values (916,"3e301a3d-5187-4966-8184-a9514edc1e94",916,0,"ST1000NM0011","SN02","SN02",1);
insert into hardware_profile_disk (id, name, size, hardware_profile_id) values (917,"sdd",3000592982016,26);
insert into hardware_profile_physical_disk (id, uuid, hardware_profile_disk_id, seq, model, firmware, serial, bay)  values (917,"1e500de9-683e-4939-9d9f-247680670db8",917,0,"ST1000NM0011","SN02","SN02",2);
insert into hardware_profile_disk (id, name, size, hardware_profile_id) values (918,"sde",3000592982016,26);
insert into hardware_profile_physical_disk (id, uuid, hardware_profile_disk_id, seq, model, firmware, serial, bay)  values (918,"f48bbb30-cb20-4026-8a77-c406d0836758",918,0,"ST1000NM0011","SN02","SN02",3);
insert into hardware_profile_disk (id, name, size, hardware_profile_id) values (919,"sdf",3000592982016,26);
insert into hardware_profile_physical_disk (id, uuid, hardware_profile_disk_id, seq, model, firmware, serial, bay)  values (919,"b0b1d0d3-8354-45f6-a65b-615b9f5505e0",919,0,"ST1000NM0011","SN02","SN02",4);
insert into hardware_profile_disk (id, name, size, hardware_profile_id) values (920,"sdg",3000592982016,26);
insert into hardware_profile_physical_disk (id, uuid, hardware_profile_disk_id, seq, model, firmware, serial, bay)  values (920,"d14cab94-b1f7-446e-8e00-44ac7e14d206",920,0,"ST1000NM0011","SN02","SN02",5);
insert into hardware_profile_disk (id, name, size, hardware_profile_id) values (921,"sdh",3000592982016,26);
insert into hardware_profile_physical_disk (id, uuid, hardware_profile_disk_id, seq, model, firmware, serial, bay)  values (921,"0dfda5a5-93ae-4c2e-96b6-a2941d20cb85",921,0,"ST1000NM0011","SN02","SN02",6);
insert into hardware_profile_disk (id, name, size, hardware_profile_id) values (922,"sdi",3000592982016,26);
insert into hardware_profile_physical_disk (id, uuid, hardware_profile_disk_id, seq, model, firmware, serial, bay)  values (922,"0cc71e6f-383a-4adc-b662-42af3f0204ee",922,0,"ST1000NM0011","SN02","SN02",7);
insert into hardware_profile_disk (id, name, size, hardware_profile_id) values (923,"sdj",3000592982016,26);
insert into hardware_profile_physical_disk (id, uuid, hardware_profile_disk_id, seq, model, firmware, serial, bay)  values (923,"8dc11406-a2ad-4c98-a28a-45b98944cae3",923,0,"ST1000NM0011","SN02","SN02",8);
insert into hardware_profile_disk (id, name, size, hardware_profile_id) values (924,"sdk",3000592982016,26);
insert into hardware_profile_physical_disk (id, uuid, hardware_profile_disk_id, seq, model, firmware, serial, bay)  values (924,"3f43d33f-4a25-4165-9c80-28d030c8256a",924,0,"ST1000NM0011","SN02","SN02",9);
insert into hardware_profile_disk (id, name, size, hardware_profile_id) values (925,"sdl",3000592982016,26);
insert into hardware_profile_physical_disk (id, uuid, hardware_profile_disk_id, seq, model, firmware, serial, bay)  values (925,"99fa044d-8e64-47ae-8125-f10845505c1a",925,0,"ST1000NM0011","SN02","SN02",10);
insert into hardware_profile_disk (id, name, size, hardware_profile_id) values (926,"sdm",3000592982016,26);
insert into hardware_profile_physical_disk (id, uuid, hardware_profile_disk_id, seq, model, firmware, serial, bay)  values (926,"119daf08-991b-4063-8008-c142a9c2df98",926,0,"ST1000NM0011","SN02","SN02",11);
insert into hardware_profile_disk (id, name, size, hardware_profile_id) values (927,"sdn",3000592982016,26);
insert into hardware_profile_physical_disk (id, uuid, hardware_profile_disk_id, seq, model, firmware, serial, bay)  values (927,"c719ff0a-36f2-4b53-a31a-acacf651f889",927,0,"ST1000NM0011","SN02","SN02",12);
insert into hardware_profile_disk (id, name, size, hardware_profile_id) values (928,"sdo",3000592982016,26);
insert into hardware_profile_physical_disk (id, uuid, hardware_profile_disk_id, seq, model, firmware, serial, bay)  values (928,"7b7a107e-bea2-4fb2-a402-9328e0d82a53",928,0,"ST1000NM0011","SN02","SN02",13);
insert into hardware_profile_disk (id, name, size, hardware_profile_id) values (929,"sdp",3000592982016,26);
insert into hardware_profile_physical_disk (id, uuid, hardware_profile_disk_id, seq, model, firmware, serial, bay)  values (929,"a0ae0d74-b3c8-45c9-a14c-b46011afcafd",929,0,"ST1000NM0011","SN02","SN02",14);
insert into hardware_profile_disk (id, name, size, hardware_profile_id) values (930,"sdq",3000592982016,26);
insert into hardware_profile_physical_disk (id, uuid, hardware_profile_disk_id, seq, model, firmware, serial, bay)  values (930,"40e915a7-f4f1-4e4a-a240-18a0e15ef31a",930,0,"ST1000NM0011","SN02","SN02",15);
insert into hardware_profile_disk (id, name, size, hardware_profile_id) values (931,"sdr",3000592982016,26);
insert into hardware_profile_physical_disk (id, uuid, hardware_profile_disk_id, seq, model, firmware, serial, bay)  values (931,"78d76393-7f43-4dec-9fa2-86ef6433e2f3",931,0,"ST1000NM0011","SN02","SN02",16);
insert into hardware_profile_disk (id, name, size, hardware_profile_id) values (932,"sds",3000592982016,26);
insert into hardware_profile_physical_disk (id, uuid, hardware_profile_disk_id, seq, model, firmware, serial, bay)  values (932,"da4657a9-2048-4f18-b77c-7fdc08d0136b",932,0,"ST1000NM0011","SN02","SN02",17);
insert into hardware_profile_disk (id, name, size, hardware_profile_id) values (933,"sdt",3000592982016,26);
insert into hardware_profile_physical_disk (id, uuid, hardware_profile_disk_id, seq, model, firmware, serial, bay)  values (933,"50c0d894-d671-4bcf-9ed9-2ec111c77a89",933,0,"ST1000NM0011","SN02","SN02",18);
insert into hardware_profile_disk (id, name, size, hardware_profile_id) values (934,"sdu",3000592982016,26);
insert into hardware_profile_physical_disk (id, uuid, hardware_profile_disk_id, seq, model, firmware, serial, bay)  values (934,"33fed9f0-310b-4d4d-840a-70fb7f0d7d8e",934,0,"ST1000NM0011","SN02","SN02",19);
insert into hardware_profile_disk (id, name, size, hardware_profile_id) values (935,"sdv",3000592982016,26);
insert into hardware_profile_physical_disk (id, uuid, hardware_profile_disk_id, seq, model, firmware, serial, bay)  values (935,"6c4e0432-9b8d-4fd6-ad12-9a031fabd3c6",935,0,"ST1000NM0011","SN02","SN02",20);
insert into hardware_profile_disk (id, name, size, hardware_profile_id) values (936,"sdw",3000592982016,26);
insert into hardware_profile_physical_disk (id, uuid, hardware_profile_disk_id, seq, model, firmware, serial, bay)  values (936,"8317dcb3-c0f8-414a-8ccd-374e269dd235",936,0,"ST1000NM0011","SN02","SN02",21);
insert into hardware_profile_disk (id, name, size, hardware_profile_id) values (937,"sdx",3000592982016,26);
insert into hardware_profile_physical_disk (id, uuid, hardware_profile_disk_id, seq, model, firmware, serial, bay)  values (937,"9b54b455-1772-45b9-bf34-06a536cce842",937,0,"ST1000NM0011","SN02","SN02",22);
insert into hardware_profile_disk (id, name, size, hardware_profile_id) values (938,"sdy",3000592982016,26);
insert into hardware_profile_physical_disk (id, uuid, hardware_profile_disk_id, seq, model, firmware, serial, bay)  values (938,"3e13af1e-ddee-4744-94a5-adeac8c5d7ab",938,0,"ST1000NM0011","SN02","SN02",23);
insert into hardware_profile_disk (id, name, size, hardware_profile_id) values (939,"sdz",3000592982016,26);
insert into hardware_profile_physical_disk (id, uuid, hardware_profile_disk_id, seq, model, firmware, serial, bay)  values (939,"939bd556-0483-4a60-ae38-250bfabb844b",939,0,"ST1000NM0011","SN02","SN02",24);
insert into hardware_profile_disk (id, name, size, hardware_profile_id) values (940,"sdaa",3000592982016,26);
insert into hardware_profile_physical_disk (id, uuid, hardware_profile_disk_id, seq, model, firmware, serial, bay)  values (940,"543f4de4-bfb5-4678-b5f7-d8b1f55db283",940,0,"ST1000NM0011","SN02","SN02",25);
insert into hardware_profile_disk (id, name, size, hardware_profile_id) values (941,"sdab",3000592982016,26);
insert into hardware_profile_physical_disk (id, uuid, hardware_profile_disk_id, seq, model, firmware, serial, bay)  values (941,"6665e303-d369-40e7-8c65-99244845bc00",941,0,"ST1000NM0011","SN02","SN02",26);
insert into hardware_profile_disk (id, name, size, hardware_profile_id) values (942,"sdac",3000592982016,26);
insert into hardware_profile_physical_disk (id, uuid, hardware_profile_disk_id, seq, model, firmware, serial, bay)  values (942,"50081fa8-45c3-40d3-a368-c20f9854b550",942,0,"ST1000NM0011","SN02","SN02",27);
insert into hardware_profile_disk (id, name, size, hardware_profile_id) values (943,"sdad",3000592982016,26);
insert into hardware_profile_physical_disk (id, uuid, hardware_profile_disk_id, seq, model, firmware, serial, bay)  values (943,"f3d87b79-f7b4-4d28-8405-b9f634b7173f",943,0,"ST1000NM0011","SN02","SN02",28);
insert into hardware_profile_disk (id, name, size, hardware_profile_id) values (944,"sdae",3000592982016,26);
insert into hardware_profile_physical_disk (id, uuid, hardware_profile_disk_id, seq, model, firmware, serial, bay)  values (944,"30e0b158-5731-493d-bcef-6b1cb7b69e37",944,0,"ST1000NM0011","SN02","SN02",29);
insert into hardware_profile_disk (id, name, size, hardware_profile_id) values (945,"sdaf",3000592982016,26);
insert into hardware_profile_physical_disk (id, uuid, hardware_profile_disk_id, seq, model, firmware, serial, bay)  values (945,"dfbd6acd-97fc-4fe4-a403-41df9f93dd2f",945,0,"ST1000NM0011","SN02","SN02",30);
insert into hardware_profile_disk (id, name, size, hardware_profile_id) values (946,"sdag",3000592982016,26);
insert into hardware_profile_physical_disk (id, uuid, hardware_profile_disk_id, seq, model, firmware, serial, bay)  values (946,"7733333c-76ee-44f1-9165-8415b2778f5a",946,0,"ST1000NM0011","SN02","SN02",31);
insert into hardware_profile_disk (id, name, size, hardware_profile_id) values (947,"sdah",3000592982016,26);
insert into hardware_profile_physical_disk (id, uuid, hardware_profile_disk_id, seq, model, firmware, serial, bay)  values (947,"9d3442f1-c4da-4983-86e9-1ecc9bb7421e",947,0,"ST1000NM0011","SN02","SN02",32);
insert into hardware_profile_disk (id, name, size, hardware_profile_id) values (948,"sdai",3000592982016,26);
insert into hardware_profile_physical_disk (id, uuid, hardware_profile_disk_id, seq, model, firmware, serial, bay)  values (948,"927c301e-95a3-4889-85cc-acea0c742e12",948,0,"ST1000NM0011","SN02","SN02",33);
insert into hardware_profile_disk (id, name, size, hardware_profile_id) values (949,"sdaj",3000592982016,26);
insert into hardware_profile_physical_disk (id, uuid, hardware_profile_disk_id, seq, model, firmware, serial, bay)  values (949,"e5d674e1-468a-4a59-ba3c-f6e3d08e70be",949,0,"ST1000NM0011","SN02","SN02",34);
insert into hardware_profile_disk (id, name, size, hardware_profile_id) values (950,"sdak",3000592982016,26);
insert into hardware_profile_physical_disk (id, uuid, hardware_profile_disk_id, seq, model, firmware, serial, bay)  values (950,"94c77eda-3309-43cd-8c2e-4143e37532df",950,0,"ST1000NM0011","SN02","SN02",35);
update device set hardware_profile_id=26 where id=26;
insert into device(id, creation_date, hostname, uuid, device_type, dsnet_id, site_id, approved_through_date, hardware_profile_id, public_key_fingerprint) values (27,"11/11/2015","SSG-4UDPV3-2C1-CC075","777e1ae8-c4d2-4ebc-bb94-6d753efcb90d","slicestor",1,null,"2015-11-11 11:23:52",null,"b5:a0:d8:4f:f0:bd:1c:bb:d1:09:26:7a:c1:7f:31:19:2b:d2:fa:b27");
insert into hardware_profile (id, creation_date, version, model, model_code, device_id, serial, storage_size, bios_date, bios_version, bmc_firmware, os_drive_name) values (27, 1447187574944,"3.7.0.58","SSG-4UDPV3-2C1-CC075","SSG-4UDPV3-2C1-CC075",27,"258113122061",104193095770112,"11/11/2015","1.0b-1","3.21 [0x6, 0x0, 0x0, 0x0]","sda");
insert into hardware_profile_disk (id, name, size, hardware_profile_id) values (951,"sdb",3000592982016,27);
insert into hardware_profile_physical_disk (id, uuid, hardware_profile_disk_id, seq, model, firmware, serial, bay)  values (951,"54062098-0248-47df-977c-4604e967c5f7",951,0,"ST1000NM0011","SN02","SN02",0);
insert into hardware_profile_disk (id, name, size, hardware_profile_id) values (952,"sdc",3000592982016,27);
insert into hardware_profile_physical_disk (id, uuid, hardware_profile_disk_id, seq, model, firmware, serial, bay)  values (952,"34df8ca6-6625-4a01-b3ce-036b46e8cda3",952,0,"ST1000NM0011","SN02","SN02",1);
insert into hardware_profile_disk (id, name, size, hardware_profile_id) values (953,"sdd",3000592982016,27);
insert into hardware_profile_physical_disk (id, uuid, hardware_profile_disk_id, seq, model, firmware, serial, bay)  values (953,"3a7b568e-c0a9-469c-a772-ce3b524e51ac",953,0,"ST1000NM0011","SN02","SN02",2);
insert into hardware_profile_disk (id, name, size, hardware_profile_id) values (954,"sde",3000592982016,27);
insert into hardware_profile_physical_disk (id, uuid, hardware_profile_disk_id, seq, model, firmware, serial, bay)  values (954,"bc04038e-690d-4125-965c-4071b8abd90d",954,0,"ST1000NM0011","SN02","SN02",3);
insert into hardware_profile_disk (id, name, size, hardware_profile_id) values (955,"sdf",3000592982016,27);
insert into hardware_profile_physical_disk (id, uuid, hardware_profile_disk_id, seq, model, firmware, serial, bay)  values (955,"b9bb65af-b67d-4ce7-977a-12300e161100",955,0,"ST1000NM0011","SN02","SN02",4);
insert into hardware_profile_disk (id, name, size, hardware_profile_id) values (956,"sdg",3000592982016,27);
insert into hardware_profile_physical_disk (id, uuid, hardware_profile_disk_id, seq, model, firmware, serial, bay)  values (956,"c38eb1e7-777a-4ccc-96ee-5cc9c613197c",956,0,"ST1000NM0011","SN02","SN02",5);
insert into hardware_profile_disk (id, name, size, hardware_profile_id) values (957,"sdh",3000592982016,27);
insert into hardware_profile_physical_disk (id, uuid, hardware_profile_disk_id, seq, model, firmware, serial, bay)  values (957,"928ee971-ed86-471a-abd5-f8e10a7cc6a6",957,0,"ST1000NM0011","SN02","SN02",6);
insert into hardware_profile_disk (id, name, size, hardware_profile_id) values (958,"sdi",3000592982016,27);
insert into hardware_profile_physical_disk (id, uuid, hardware_profile_disk_id, seq, model, firmware, serial, bay)  values (958,"2fe377bc-6697-44f3-867c-f97b91687de8",958,0,"ST1000NM0011","SN02","SN02",7);
insert into hardware_profile_disk (id, name, size, hardware_profile_id) values (959,"sdj",3000592982016,27);
insert into hardware_profile_physical_disk (id, uuid, hardware_profile_disk_id, seq, model, firmware, serial, bay)  values (959,"cbf29db0-09f2-4146-977d-5d0be7fc8c8d",959,0,"ST1000NM0011","SN02","SN02",8);
insert into hardware_profile_disk (id, name, size, hardware_profile_id) values (960,"sdk",3000592982016,27);
insert into hardware_profile_physical_disk (id, uuid, hardware_profile_disk_id, seq, model, firmware, serial, bay)  values (960,"f5191c79-85cd-4a80-b315-ed8a98209dad",960,0,"ST1000NM0011","SN02","SN02",9);
insert into hardware_profile_disk (id, name, size, hardware_profile_id) values (961,"sdl",3000592982016,27);
insert into hardware_profile_physical_disk (id, uuid, hardware_profile_disk_id, seq, model, firmware, serial, bay)  values (961,"2b6bb2e3-4eb8-44c3-ba03-a468f9384e25",961,0,"ST1000NM0011","SN02","SN02",10);
insert into hardware_profile_disk (id, name, size, hardware_profile_id) values (962,"sdm",3000592982016,27);
insert into hardware_profile_physical_disk (id, uuid, hardware_profile_disk_id, seq, model, firmware, serial, bay)  values (962,"9dbc5960-5a2c-4cbb-9cdc-639c271d28b9",962,0,"ST1000NM0011","SN02","SN02",11);
insert into hardware_profile_disk (id, name, size, hardware_profile_id) values (963,"sdn",3000592982016,27);
insert into hardware_profile_physical_disk (id, uuid, hardware_profile_disk_id, seq, model, firmware, serial, bay)  values (963,"fa1c2db0-7259-47a8-b0e1-d99a9dcc00ad",963,0,"ST1000NM0011","SN02","SN02",12);
insert into hardware_profile_disk (id, name, size, hardware_profile_id) values (964,"sdo",3000592982016,27);
insert into hardware_profile_physical_disk (id, uuid, hardware_profile_disk_id, seq, model, firmware, serial, bay)  values (964,"1a33f65a-5e44-4ba2-b0b6-b5a299a13fd5",964,0,"ST1000NM0011","SN02","SN02",13);
insert into hardware_profile_disk (id, name, size, hardware_profile_id) values (965,"sdp",3000592982016,27);
insert into hardware_profile_physical_disk (id, uuid, hardware_profile_disk_id, seq, model, firmware, serial, bay)  values (965,"7e583eae-9c9e-4b15-b27a-a14ec6bfa494",965,0,"ST1000NM0011","SN02","SN02",14);
insert into hardware_profile_disk (id, name, size, hardware_profile_id) values (966,"sdq",3000592982016,27);
insert into hardware_profile_physical_disk (id, uuid, hardware_profile_disk_id, seq, model, firmware, serial, bay)  values (966,"a22fbb43-c6ec-4bc5-a723-41343d76a021",966,0,"ST1000NM0011","SN02","SN02",15);
insert into hardware_profile_disk (id, name, size, hardware_profile_id) values (967,"sdr",3000592982016,27);
insert into hardware_profile_physical_disk (id, uuid, hardware_profile_disk_id, seq, model, firmware, serial, bay)  values (967,"581fe918-8723-41b5-8e88-2cf1c9db1060",967,0,"ST1000NM0011","SN02","SN02",16);
insert into hardware_profile_disk (id, name, size, hardware_profile_id) values (968,"sds",3000592982016,27);
insert into hardware_profile_physical_disk (id, uuid, hardware_profile_disk_id, seq, model, firmware, serial, bay)  values (968,"25758bf0-86dd-4b99-a7b4-47357ab7750c",968,0,"ST1000NM0011","SN02","SN02",17);
insert into hardware_profile_disk (id, name, size, hardware_profile_id) values (969,"sdt",3000592982016,27);
insert into hardware_profile_physical_disk (id, uuid, hardware_profile_disk_id, seq, model, firmware, serial, bay)  values (969,"aa781465-408d-431e-a098-37acfe7977e9",969,0,"ST1000NM0011","SN02","SN02",18);
insert into hardware_profile_disk (id, name, size, hardware_profile_id) values (970,"sdu",3000592982016,27);
insert into hardware_profile_physical_disk (id, uuid, hardware_profile_disk_id, seq, model, firmware, serial, bay)  values (970,"5a8a769b-b2b6-4c0c-90f1-e4af3936e25b",970,0,"ST1000NM0011","SN02","SN02",19);
insert into hardware_profile_disk (id, name, size, hardware_profile_id) values (971,"sdv",3000592982016,27);
insert into hardware_profile_physical_disk (id, uuid, hardware_profile_disk_id, seq, model, firmware, serial, bay)  values (971,"5e831933-2a9a-4587-999a-52b125478a95",971,0,"ST1000NM0011","SN02","SN02",20);
insert into hardware_profile_disk (id, name, size, hardware_profile_id) values (972,"sdw",3000592982016,27);
insert into hardware_profile_physical_disk (id, uuid, hardware_profile_disk_id, seq, model, firmware, serial, bay)  values (972,"b092ced8-156a-4452-bb4d-1b6d1dab9f54",972,0,"ST1000NM0011","SN02","SN02",21);
insert into hardware_profile_disk (id, name, size, hardware_profile_id) values (973,"sdx",3000592982016,27);
insert into hardware_profile_physical_disk (id, uuid, hardware_profile_disk_id, seq, model, firmware, serial, bay)  values (973,"d33df8d0-ea97-4a86-9c40-17a7aff1fd0a",973,0,"ST1000NM0011","SN02","SN02",22);
insert into hardware_profile_disk (id, name, size, hardware_profile_id) values (974,"sdy",3000592982016,27);
insert into hardware_profile_physical_disk (id, uuid, hardware_profile_disk_id, seq, model, firmware, serial, bay)  values (974,"8b6f4198-3e81-4a47-a21a-12f2118283b0",974,0,"ST1000NM0011","SN02","SN02",23);
insert into hardware_profile_disk (id, name, size, hardware_profile_id) values (975,"sdz",3000592982016,27);
insert into hardware_profile_physical_disk (id, uuid, hardware_profile_disk_id, seq, model, firmware, serial, bay)  values (975,"05a6a0a2-470f-4171-ac0c-f108291a22fc",975,0,"ST1000NM0011","SN02","SN02",24);
insert into hardware_profile_disk (id, name, size, hardware_profile_id) values (976,"sdaa",3000592982016,27);
insert into hardware_profile_physical_disk (id, uuid, hardware_profile_disk_id, seq, model, firmware, serial, bay)  values (976,"c8fabe09-c6a4-4184-bb9e-b638a1be5524",976,0,"ST1000NM0011","SN02","SN02",25);
insert into hardware_profile_disk (id, name, size, hardware_profile_id) values (977,"sdab",3000592982016,27);
insert into hardware_profile_physical_disk (id, uuid, hardware_profile_disk_id, seq, model, firmware, serial, bay)  values (977,"c5496686-a7f0-4555-8ffa-d3557f9e7900",977,0,"ST1000NM0011","SN02","SN02",26);
insert into hardware_profile_disk (id, name, size, hardware_profile_id) values (978,"sdac",3000592982016,27);
insert into hardware_profile_physical_disk (id, uuid, hardware_profile_disk_id, seq, model, firmware, serial, bay)  values (978,"3d5dcd4f-3fef-4035-98da-df417aee123d",978,0,"ST1000NM0011","SN02","SN02",27);
insert into hardware_profile_disk (id, name, size, hardware_profile_id) values (979,"sdad",3000592982016,27);
insert into hardware_profile_physical_disk (id, uuid, hardware_profile_disk_id, seq, model, firmware, serial, bay)  values (979,"fd70e58b-bc00-464f-a6d7-722f391d1d42",979,0,"ST1000NM0011","SN02","SN02",28);
insert into hardware_profile_disk (id, name, size, hardware_profile_id) values (980,"sdae",3000592982016,27);
insert into hardware_profile_physical_disk (id, uuid, hardware_profile_disk_id, seq, model, firmware, serial, bay)  values (980,"c1434fd9-fd66-4450-8f20-437b95cc08d0",980,0,"ST1000NM0011","SN02","SN02",29);
insert into hardware_profile_disk (id, name, size, hardware_profile_id) values (981,"sdaf",3000592982016,27);
insert into hardware_profile_physical_disk (id, uuid, hardware_profile_disk_id, seq, model, firmware, serial, bay)  values (981,"0bc295e5-ba71-4243-b0af-be414aa70d8b",981,0,"ST1000NM0011","SN02","SN02",30);
insert into hardware_profile_disk (id, name, size, hardware_profile_id) values (982,"sdag",3000592982016,27);
insert into hardware_profile_physical_disk (id, uuid, hardware_profile_disk_id, seq, model, firmware, serial, bay)  values (982,"cc5a5833-41c9-4e01-addc-704da0af64d8",982,0,"ST1000NM0011","SN02","SN02",31);
insert into hardware_profile_disk (id, name, size, hardware_profile_id) values (983,"sdah",3000592982016,27);
insert into hardware_profile_physical_disk (id, uuid, hardware_profile_disk_id, seq, model, firmware, serial, bay)  values (983,"4c2f828e-0892-41b6-9cfe-e5a512649176",983,0,"ST1000NM0011","SN02","SN02",32);
insert into hardware_profile_disk (id, name, size, hardware_profile_id) values (984,"sdai",3000592982016,27);
insert into hardware_profile_physical_disk (id, uuid, hardware_profile_disk_id, seq, model, firmware, serial, bay)  values (984,"1d03e329-fd06-4bbd-b56d-26e241b1988b",984,0,"ST1000NM0011","SN02","SN02",33);
insert into hardware_profile_disk (id, name, size, hardware_profile_id) values (985,"sdaj",3000592982016,27);
insert into hardware_profile_physical_disk (id, uuid, hardware_profile_disk_id, seq, model, firmware, serial, bay)  values (985,"a7178ee5-9b6c-4377-82a3-3c2e5943bfed",985,0,"ST1000NM0011","SN02","SN02",34);
insert into hardware_profile_disk (id, name, size, hardware_profile_id) values (986,"sdak",3000592982016,27);
insert into hardware_profile_physical_disk (id, uuid, hardware_profile_disk_id, seq, model, firmware, serial, bay)  values (986,"ccd41933-c145-476e-86d1-c3d3b86cf74d",986,0,"ST1000NM0011","SN02","SN02",35);
update device set hardware_profile_id=27 where id=27;
insert into device(id, creation_date, hostname, uuid, device_type, dsnet_id, site_id, approved_through_date, hardware_profile_id, public_key_fingerprint) values (28,"11/11/2015","SSG-4UDPV3-2C2-CC075","162cb75f-b594-465f-8d54-954b32003de4","slicestor",1,null,"2015-11-11 11:23:52",null,"b5:a0:d8:4f:f0:bd:1c:bb:d1:09:26:7a:c1:7f:31:19:2b:d2:fa:b28");
insert into hardware_profile (id, creation_date, version, model, model_code, device_id, serial, storage_size, bios_date, bios_version, bmc_firmware, os_drive_name) values (28, 1447187574944,"3.7.0.58","SSG-4UDPV3-2C2-CC075","SSG-4UDPV3-2C2-CC075",28,"258113122061",104193095770112,"11/11/2015","1.0b-1","3.21 [0x6, 0x0, 0x0, 0x0]","sda");
insert into hardware_profile_disk (id, name, size, hardware_profile_id) values (987,"sdb",3000592982016,28);
insert into hardware_profile_physical_disk (id, uuid, hardware_profile_disk_id, seq, model, firmware, serial, bay)  values (987,"4747cbf4-bcd7-4b34-adb1-0bafb50ccc26",987,0,"ST1000NM0011","SN02","SN02",0);
insert into hardware_profile_disk (id, name, size, hardware_profile_id) values (988,"sdc",3000592982016,28);
insert into hardware_profile_physical_disk (id, uuid, hardware_profile_disk_id, seq, model, firmware, serial, bay)  values (988,"ffdd5d13-0514-4035-ba97-7838a8978fcc",988,0,"ST1000NM0011","SN02","SN02",1);
insert into hardware_profile_disk (id, name, size, hardware_profile_id) values (989,"sdd",3000592982016,28);
insert into hardware_profile_physical_disk (id, uuid, hardware_profile_disk_id, seq, model, firmware, serial, bay)  values (989,"c09904a8-5c71-46d7-bb91-9d4e67c5f13c",989,0,"ST1000NM0011","SN02","SN02",2);
insert into hardware_profile_disk (id, name, size, hardware_profile_id) values (990,"sde",3000592982016,28);
insert into hardware_profile_physical_disk (id, uuid, hardware_profile_disk_id, seq, model, firmware, serial, bay)  values (990,"2e1d004f-11ec-457d-9dbb-d6ccb3cdc9f8",990,0,"ST1000NM0011","SN02","SN02",3);
insert into hardware_profile_disk (id, name, size, hardware_profile_id) values (991,"sdf",3000592982016,28);
insert into hardware_profile_physical_disk (id, uuid, hardware_profile_disk_id, seq, model, firmware, serial, bay)  values (991,"c724ba95-6dfe-4f5a-adf6-55d2d8c9d58c",991,0,"ST1000NM0011","SN02","SN02",4);
insert into hardware_profile_disk (id, name, size, hardware_profile_id) values (992,"sdg",3000592982016,28);
insert into hardware_profile_physical_disk (id, uuid, hardware_profile_disk_id, seq, model, firmware, serial, bay)  values (992,"dc047e79-c0ce-4b24-b042-297abb9f0a3c",992,0,"ST1000NM0011","SN02","SN02",5);
insert into hardware_profile_disk (id, name, size, hardware_profile_id) values (993,"sdh",3000592982016,28);
insert into hardware_profile_physical_disk (id, uuid, hardware_profile_disk_id, seq, model, firmware, serial, bay)  values (993,"0df75605-4a6e-45d2-92bb-92fafd5cefb7",993,0,"ST1000NM0011","SN02","SN02",6);
insert into hardware_profile_disk (id, name, size, hardware_profile_id) values (994,"sdi",3000592982016,28);
insert into hardware_profile_physical_disk (id, uuid, hardware_profile_disk_id, seq, model, firmware, serial, bay)  values (994,"390d8493-0fa5-4484-b897-fa8a661576ca",994,0,"ST1000NM0011","SN02","SN02",7);
insert into hardware_profile_disk (id, name, size, hardware_profile_id) values (995,"sdj",3000592982016,28);
insert into hardware_profile_physical_disk (id, uuid, hardware_profile_disk_id, seq, model, firmware, serial, bay)  values (995,"55b24c1e-6d1f-43dc-af43-3ffbc3b6c649",995,0,"ST1000NM0011","SN02","SN02",8);
insert into hardware_profile_disk (id, name, size, hardware_profile_id) values (996,"sdk",3000592982016,28);
insert into hardware_profile_physical_disk (id, uuid, hardware_profile_disk_id, seq, model, firmware, serial, bay)  values (996,"ac89ae2f-9749-4ba8-9971-6d74974aa554",996,0,"ST1000NM0011","SN02","SN02",9);
insert into hardware_profile_disk (id, name, size, hardware_profile_id) values (997,"sdl",3000592982016,28);
insert into hardware_profile_physical_disk (id, uuid, hardware_profile_disk_id, seq, model, firmware, serial, bay)  values (997,"75c977e7-a5c8-4df8-8d58-d66f85fa284b",997,0,"ST1000NM0011","SN02","SN02",10);
insert into hardware_profile_disk (id, name, size, hardware_profile_id) values (998,"sdm",3000592982016,28);
insert into hardware_profile_physical_disk (id, uuid, hardware_profile_disk_id, seq, model, firmware, serial, bay)  values (998,"4168ab67-4d1b-4ec2-ac53-5fffed924d40",998,0,"ST1000NM0011","SN02","SN02",11);
insert into hardware_profile_disk (id, name, size, hardware_profile_id) values (999,"sdn",3000592982016,28);
insert into hardware_profile_physical_disk (id, uuid, hardware_profile_disk_id, seq, model, firmware, serial, bay)  values (999,"df1ddc56-2e21-4339-beea-77624a526ca4",999,0,"ST1000NM0011","SN02","SN02",12);
insert into hardware_profile_disk (id, name, size, hardware_profile_id) values (1000,"sdo",3000592982016,28);
insert into hardware_profile_physical_disk (id, uuid, hardware_profile_disk_id, seq, model, firmware, serial, bay)  values (1000,"92f9f012-2d2e-4dd4-986b-6c34725a82e0",1000,0,"ST1000NM0011","SN02","SN02",13);
insert into hardware_profile_disk (id, name, size, hardware_profile_id) values (1001,"sdp",3000592982016,28);
insert into hardware_profile_physical_disk (id, uuid, hardware_profile_disk_id, seq, model, firmware, serial, bay)  values (1001,"09fe415b-1751-4047-925a-6fb6b48e55a4",1001,0,"ST1000NM0011","SN02","SN02",14);
insert into hardware_profile_disk (id, name, size, hardware_profile_id) values (1002,"sdq",3000592982016,28);
insert into hardware_profile_physical_disk (id, uuid, hardware_profile_disk_id, seq, model, firmware, serial, bay)  values (1002,"ef4d6b3c-9759-4fd2-88a1-02ce75d44201",1002,0,"ST1000NM0011","SN02","SN02",15);
insert into hardware_profile_disk (id, name, size, hardware_profile_id) values (1003,"sdr",3000592982016,28);
insert into hardware_profile_physical_disk (id, uuid, hardware_profile_disk_id, seq, model, firmware, serial, bay)  values (1003,"cefe20b7-004d-47d2-88a2-915a97eb12fc",1003,0,"ST1000NM0011","SN02","SN02",16);
insert into hardware_profile_disk (id, name, size, hardware_profile_id) values (1004,"sds",3000592982016,28);
insert into hardware_profile_physical_disk (id, uuid, hardware_profile_disk_id, seq, model, firmware, serial, bay)  values (1004,"5b5f43bd-571c-4d01-a4b9-737e5e49491b",1004,0,"ST1000NM0011","SN02","SN02",17);
insert into hardware_profile_disk (id, name, size, hardware_profile_id) values (1005,"sdt",3000592982016,28);
insert into hardware_profile_physical_disk (id, uuid, hardware_profile_disk_id, seq, model, firmware, serial, bay)  values (1005,"83cf4d3c-046f-489c-a51a-eaf19ab91bf2",1005,0,"ST1000NM0011","SN02","SN02",18);
insert into hardware_profile_disk (id, name, size, hardware_profile_id) values (1006,"sdu",3000592982016,28);
insert into hardware_profile_physical_disk (id, uuid, hardware_profile_disk_id, seq, model, firmware, serial, bay)  values (1006,"851b6e7d-44f1-4943-ac51-5d1ff7804eb1",1006,0,"ST1000NM0011","SN02","SN02",19);
insert into hardware_profile_disk (id, name, size, hardware_profile_id) values (1007,"sdv",3000592982016,28);
insert into hardware_profile_physical_disk (id, uuid, hardware_profile_disk_id, seq, model, firmware, serial, bay)  values (1007,"a90e9991-616e-4b17-8768-92d0e0fcdef9",1007,0,"ST1000NM0011","SN02","SN02",20);
insert into hardware_profile_disk (id, name, size, hardware_profile_id) values (1008,"sdw",3000592982016,28);
insert into hardware_profile_physical_disk (id, uuid, hardware_profile_disk_id, seq, model, firmware, serial, bay)  values (1008,"c9504fbf-15df-44cf-b457-2f4527e3682a",1008,0,"ST1000NM0011","SN02","SN02",21);
insert into hardware_profile_disk (id, name, size, hardware_profile_id) values (1009,"sdx",3000592982016,28);
insert into hardware_profile_physical_disk (id, uuid, hardware_profile_disk_id, seq, model, firmware, serial, bay)  values (1009,"55cf1432-fcad-480a-90db-d8ec56d47616",1009,0,"ST1000NM0011","SN02","SN02",22);
insert into hardware_profile_disk (id, name, size, hardware_profile_id) values (1010,"sdy",3000592982016,28);
insert into hardware_profile_physical_disk (id, uuid, hardware_profile_disk_id, seq, model, firmware, serial, bay)  values (1010,"af0bc45e-920e-4ca8-878b-7be35a6ea5a9",1010,0,"ST1000NM0011","SN02","SN02",23);
insert into hardware_profile_disk (id, name, size, hardware_profile_id) values (1011,"sdz",3000592982016,28);
insert into hardware_profile_physical_disk (id, uuid, hardware_profile_disk_id, seq, model, firmware, serial, bay)  values (1011,"7a27c150-3a44-4597-bb9e-d1cdf221e490",1011,0,"ST1000NM0011","SN02","SN02",24);
insert into hardware_profile_disk (id, name, size, hardware_profile_id) values (1012,"sdaa",3000592982016,28);
insert into hardware_profile_physical_disk (id, uuid, hardware_profile_disk_id, seq, model, firmware, serial, bay)  values (1012,"b8fab47c-0b54-43ce-9945-3e577f65266c",1012,0,"ST1000NM0011","SN02","SN02",25);
insert into hardware_profile_disk (id, name, size, hardware_profile_id) values (1013,"sdab",3000592982016,28);
insert into hardware_profile_physical_disk (id, uuid, hardware_profile_disk_id, seq, model, firmware, serial, bay)  values (1013,"1bf5d6c9-24f5-406a-b8ce-beef0037c343",1013,0,"ST1000NM0011","SN02","SN02",26);
insert into hardware_profile_disk (id, name, size, hardware_profile_id) values (1014,"sdac",3000592982016,28);
insert into hardware_profile_physical_disk (id, uuid, hardware_profile_disk_id, seq, model, firmware, serial, bay)  values (1014,"f80bbdae-27a6-4466-8b36-cd6824c12875",1014,0,"ST1000NM0011","SN02","SN02",27);
insert into hardware_profile_disk (id, name, size, hardware_profile_id) values (1015,"sdad",3000592982016,28);
insert into hardware_profile_physical_disk (id, uuid, hardware_profile_disk_id, seq, model, firmware, serial, bay)  values (1015,"18fc5819-19c0-49ce-bc4d-bcb960a30904",1015,0,"ST1000NM0011","SN02","SN02",28);
insert into hardware_profile_disk (id, name, size, hardware_profile_id) values (1016,"sdae",3000592982016,28);
insert into hardware_profile_physical_disk (id, uuid, hardware_profile_disk_id, seq, model, firmware, serial, bay)  values (1016,"02032998-307b-4dd0-a1f9-cdf19a9e5dc7",1016,0,"ST1000NM0011","SN02","SN02",29);
insert into hardware_profile_disk (id, name, size, hardware_profile_id) values (1017,"sdaf",3000592982016,28);
insert into hardware_profile_physical_disk (id, uuid, hardware_profile_disk_id, seq, model, firmware, serial, bay)  values (1017,"8d481520-e107-401d-96fd-f4bad632040f",1017,0,"ST1000NM0011","SN02","SN02",30);
insert into hardware_profile_disk (id, name, size, hardware_profile_id) values (1018,"sdag",3000592982016,28);
insert into hardware_profile_physical_disk (id, uuid, hardware_profile_disk_id, seq, model, firmware, serial, bay)  values (1018,"2663a16d-1566-4952-933b-4b676468c972",1018,0,"ST1000NM0011","SN02","SN02",31);
insert into hardware_profile_disk (id, name, size, hardware_profile_id) values (1019,"sdah",3000592982016,28);
insert into hardware_profile_physical_disk (id, uuid, hardware_profile_disk_id, seq, model, firmware, serial, bay)  values (1019,"5b0a119d-a593-401d-8ff4-e846ca0a28a9",1019,0,"ST1000NM0011","SN02","SN02",32);
insert into hardware_profile_disk (id, name, size, hardware_profile_id) values (1020,"sdai",3000592982016,28);
insert into hardware_profile_physical_disk (id, uuid, hardware_profile_disk_id, seq, model, firmware, serial, bay)  values (1020,"58f2a8bf-44bb-4d7e-93ac-531b1640f5da",1020,0,"ST1000NM0011","SN02","SN02",33);
insert into hardware_profile_disk (id, name, size, hardware_profile_id) values (1021,"sdaj",3000592982016,28);
insert into hardware_profile_physical_disk (id, uuid, hardware_profile_disk_id, seq, model, firmware, serial, bay)  values (1021,"9fe75a73-702e-42cc-8302-da7bb45e0587",1021,0,"ST1000NM0011","SN02","SN02",34);
insert into hardware_profile_disk (id, name, size, hardware_profile_id) values (1022,"sdak",3000592982016,28);
insert into hardware_profile_physical_disk (id, uuid, hardware_profile_disk_id, seq, model, firmware, serial, bay)  values (1022,"17152d2c-bb21-412e-be4d-54c35ba355fd",1022,0,"ST1000NM0011","SN02","SN02",35);
update device set hardware_profile_id=28 where id=28;
insert into device(id, creation_date, hostname, uuid, device_type, dsnet_id, site_id, approved_through_date, hardware_profile_id, public_key_fingerprint) values (29,"11/11/2015","SSG-4UDPV3-2C3-CC075","bf9442e0-cc7b-4c6d-adcb-24b36f5b946f","slicestor",1,null,"2015-11-11 11:23:52",null,"b5:a0:d8:4f:f0:bd:1c:bb:d1:09:26:7a:c1:7f:31:19:2b:d2:fa:b29");
insert into hardware_profile (id, creation_date, version, model, model_code, device_id, serial, storage_size, bios_date, bios_version, bmc_firmware, os_drive_name) values (29, 1447187574944,"3.7.0.58","SSG-4UDPV3-2C3-CC075","SSG-4UDPV3-2C3-CC075",29,"258113122061",104193095770112,"11/11/2015","1.0b-1","3.21 [0x6, 0x0, 0x0, 0x0]","sda");
insert into hardware_profile_disk (id, name, size, hardware_profile_id) values (1023,"sdb",3000592982016,29);
insert into hardware_profile_physical_disk (id, uuid, hardware_profile_disk_id, seq, model, firmware, serial, bay)  values (1023,"dd6bc989-cdb6-4e9c-b82a-8b06f8df74ec",1023,0,"ST1000NM0011","SN02","SN02",0);
insert into hardware_profile_disk (id, name, size, hardware_profile_id) values (1024,"sdc",3000592982016,29);
insert into hardware_profile_physical_disk (id, uuid, hardware_profile_disk_id, seq, model, firmware, serial, bay)  values (1024,"71878cd4-b513-4255-a19b-cccb7f3ad01d",1024,0,"ST1000NM0011","SN02","SN02",1);
insert into hardware_profile_disk (id, name, size, hardware_profile_id) values (1025,"sdd",3000592982016,29);
insert into hardware_profile_physical_disk (id, uuid, hardware_profile_disk_id, seq, model, firmware, serial, bay)  values (1025,"3a90b83d-4064-4847-bdd2-ea16c6fe2d6f",1025,0,"ST1000NM0011","SN02","SN02",2);
insert into hardware_profile_disk (id, name, size, hardware_profile_id) values (1026,"sde",3000592982016,29);
insert into hardware_profile_physical_disk (id, uuid, hardware_profile_disk_id, seq, model, firmware, serial, bay)  values (1026,"2ef235bb-0079-4666-adc5-a58728378ea5",1026,0,"ST1000NM0011","SN02","SN02",3);
insert into hardware_profile_disk (id, name, size, hardware_profile_id) values (1027,"sdf",3000592982016,29);
insert into hardware_profile_physical_disk (id, uuid, hardware_profile_disk_id, seq, model, firmware, serial, bay)  values (1027,"88851103-d5da-4644-bf17-01cf617d9dd6",1027,0,"ST1000NM0011","SN02","SN02",4);
insert into hardware_profile_disk (id, name, size, hardware_profile_id) values (1028,"sdg",3000592982016,29);
insert into hardware_profile_physical_disk (id, uuid, hardware_profile_disk_id, seq, model, firmware, serial, bay)  values (1028,"2ca489d5-c9b0-430f-bb0c-9e22033e852e",1028,0,"ST1000NM0011","SN02","SN02",5);
insert into hardware_profile_disk (id, name, size, hardware_profile_id) values (1029,"sdh",3000592982016,29);
insert into hardware_profile_physical_disk (id, uuid, hardware_profile_disk_id, seq, model, firmware, serial, bay)  values (1029,"6a7a253a-3299-45b3-886e-a755509b640f",1029,0,"ST1000NM0011","SN02","SN02",6);
insert into hardware_profile_disk (id, name, size, hardware_profile_id) values (1030,"sdi",3000592982016,29);
insert into hardware_profile_physical_disk (id, uuid, hardware_profile_disk_id, seq, model, firmware, serial, bay)  values (1030,"208c8ed7-5ce6-42f8-a737-7878784d134f",1030,0,"ST1000NM0011","SN02","SN02",7);
insert into hardware_profile_disk (id, name, size, hardware_profile_id) values (1031,"sdj",3000592982016,29);
insert into hardware_profile_physical_disk (id, uuid, hardware_profile_disk_id, seq, model, firmware, serial, bay)  values (1031,"6cab1c5a-da1b-461a-a8d8-cdea49b3e425",1031,0,"ST1000NM0011","SN02","SN02",8);
insert into hardware_profile_disk (id, name, size, hardware_profile_id) values (1032,"sdk",3000592982016,29);
insert into hardware_profile_physical_disk (id, uuid, hardware_profile_disk_id, seq, model, firmware, serial, bay)  values (1032,"dbd6d738-79ab-4166-94a4-f6a87d6822ad",1032,0,"ST1000NM0011","SN02","SN02",9);
insert into hardware_profile_disk (id, name, size, hardware_profile_id) values (1033,"sdl",3000592982016,29);
insert into hardware_profile_physical_disk (id, uuid, hardware_profile_disk_id, seq, model, firmware, serial, bay)  values (1033,"2264bde0-ca43-4066-acd5-c601ca63b637",1033,0,"ST1000NM0011","SN02","SN02",10);
insert into hardware_profile_disk (id, name, size, hardware_profile_id) values (1034,"sdm",3000592982016,29);
insert into hardware_profile_physical_disk (id, uuid, hardware_profile_disk_id, seq, model, firmware, serial, bay)  values (1034,"00e7115a-c4e2-4abe-b19a-364b2547df36",1034,0,"ST1000NM0011","SN02","SN02",11);
insert into hardware_profile_disk (id, name, size, hardware_profile_id) values (1035,"sdn",3000592982016,29);
insert into hardware_profile_physical_disk (id, uuid, hardware_profile_disk_id, seq, model, firmware, serial, bay)  values (1035,"91729785-4ccd-4176-b0be-43ef279a646c",1035,0,"ST1000NM0011","SN02","SN02",12);
insert into hardware_profile_disk (id, name, size, hardware_profile_id) values (1036,"sdo",3000592982016,29);
insert into hardware_profile_physical_disk (id, uuid, hardware_profile_disk_id, seq, model, firmware, serial, bay)  values (1036,"fb861f1e-054b-448e-b706-217b0e6a2040",1036,0,"ST1000NM0011","SN02","SN02",13);
insert into hardware_profile_disk (id, name, size, hardware_profile_id) values (1037,"sdp",3000592982016,29);
insert into hardware_profile_physical_disk (id, uuid, hardware_profile_disk_id, seq, model, firmware, serial, bay)  values (1037,"788fecd4-8c88-4ed0-9c41-1a330a8be976",1037,0,"ST1000NM0011","SN02","SN02",14);
insert into hardware_profile_disk (id, name, size, hardware_profile_id) values (1038,"sdq",3000592982016,29);
insert into hardware_profile_physical_disk (id, uuid, hardware_profile_disk_id, seq, model, firmware, serial, bay)  values (1038,"17ab8945-9c9a-4e17-8601-d0971b9d3290",1038,0,"ST1000NM0011","SN02","SN02",15);
insert into hardware_profile_disk (id, name, size, hardware_profile_id) values (1039,"sdr",3000592982016,29);
insert into hardware_profile_physical_disk (id, uuid, hardware_profile_disk_id, seq, model, firmware, serial, bay)  values (1039,"77fb9b8e-c964-4ab0-b4dc-9bcb84eb49fa",1039,0,"ST1000NM0011","SN02","SN02",16);
insert into hardware_profile_disk (id, name, size, hardware_profile_id) values (1040,"sds",3000592982016,29);
insert into hardware_profile_physical_disk (id, uuid, hardware_profile_disk_id, seq, model, firmware, serial, bay)  values (1040,"079e008e-d20a-485d-b419-6f5451f1da3c",1040,0,"ST1000NM0011","SN02","SN02",17);
insert into hardware_profile_disk (id, name, size, hardware_profile_id) values (1041,"sdt",3000592982016,29);
insert into hardware_profile_physical_disk (id, uuid, hardware_profile_disk_id, seq, model, firmware, serial, bay)  values (1041,"e35e2db6-24c8-42a6-9b50-8f797f8110b0",1041,0,"ST1000NM0011","SN02","SN02",18);
insert into hardware_profile_disk (id, name, size, hardware_profile_id) values (1042,"sdu",3000592982016,29);
insert into hardware_profile_physical_disk (id, uuid, hardware_profile_disk_id, seq, model, firmware, serial, bay)  values (1042,"1b1e9b39-275f-4cd8-855b-67bfacd7175d",1042,0,"ST1000NM0011","SN02","SN02",19);
insert into hardware_profile_disk (id, name, size, hardware_profile_id) values (1043,"sdv",3000592982016,29);
insert into hardware_profile_physical_disk (id, uuid, hardware_profile_disk_id, seq, model, firmware, serial, bay)  values (1043,"f71d081d-9213-487a-870a-d052930c4444",1043,0,"ST1000NM0011","SN02","SN02",20);
insert into hardware_profile_disk (id, name, size, hardware_profile_id) values (1044,"sdw",3000592982016,29);
insert into hardware_profile_physical_disk (id, uuid, hardware_profile_disk_id, seq, model, firmware, serial, bay)  values (1044,"cd1b6be0-f48e-45b4-bb4e-8018d22bb033",1044,0,"ST1000NM0011","SN02","SN02",21);
insert into hardware_profile_disk (id, name, size, hardware_profile_id) values (1045,"sdx",3000592982016,29);
insert into hardware_profile_physical_disk (id, uuid, hardware_profile_disk_id, seq, model, firmware, serial, bay)  values (1045,"1e7e7593-d754-4cbc-a81a-6b2616c11db4",1045,0,"ST1000NM0011","SN02","SN02",22);
insert into hardware_profile_disk (id, name, size, hardware_profile_id) values (1046,"sdy",3000592982016,29);
insert into hardware_profile_physical_disk (id, uuid, hardware_profile_disk_id, seq, model, firmware, serial, bay)  values (1046,"9d82f093-8368-40ad-b5b6-c6a20217a488",1046,0,"ST1000NM0011","SN02","SN02",23);
insert into hardware_profile_disk (id, name, size, hardware_profile_id) values (1047,"sdz",3000592982016,29);
insert into hardware_profile_physical_disk (id, uuid, hardware_profile_disk_id, seq, model, firmware, serial, bay)  values (1047,"1f860400-34ce-4867-bbff-e0af70da1c80",1047,0,"ST1000NM0011","SN02","SN02",24);
insert into hardware_profile_disk (id, name, size, hardware_profile_id) values (1048,"sdaa",3000592982016,29);
insert into hardware_profile_physical_disk (id, uuid, hardware_profile_disk_id, seq, model, firmware, serial, bay)  values (1048,"e44c59a4-6f99-4eed-921e-b6d28ff3c8a3",1048,0,"ST1000NM0011","SN02","SN02",25);
insert into hardware_profile_disk (id, name, size, hardware_profile_id) values (1049,"sdab",3000592982016,29);
insert into hardware_profile_physical_disk (id, uuid, hardware_profile_disk_id, seq, model, firmware, serial, bay)  values (1049,"fda6bf47-20bd-4145-8185-80402fad00de",1049,0,"ST1000NM0011","SN02","SN02",26);
insert into hardware_profile_disk (id, name, size, hardware_profile_id) values (1050,"sdac",3000592982016,29);
insert into hardware_profile_physical_disk (id, uuid, hardware_profile_disk_id, seq, model, firmware, serial, bay)  values (1050,"bf6c6ab5-720a-4e64-8c26-fe3fbc893f2b",1050,0,"ST1000NM0011","SN02","SN02",27);
insert into hardware_profile_disk (id, name, size, hardware_profile_id) values (1051,"sdad",3000592982016,29);
insert into hardware_profile_physical_disk (id, uuid, hardware_profile_disk_id, seq, model, firmware, serial, bay)  values (1051,"3ab00c12-0617-4625-aa35-58050e9172fe",1051,0,"ST1000NM0011","SN02","SN02",28);
insert into hardware_profile_disk (id, name, size, hardware_profile_id) values (1052,"sdae",3000592982016,29);
insert into hardware_profile_physical_disk (id, uuid, hardware_profile_disk_id, seq, model, firmware, serial, bay)  values (1052,"9523d55d-b17c-421e-bc2e-8a918454c0b2",1052,0,"ST1000NM0011","SN02","SN02",29);
insert into hardware_profile_disk (id, name, size, hardware_profile_id) values (1053,"sdaf",3000592982016,29);
insert into hardware_profile_physical_disk (id, uuid, hardware_profile_disk_id, seq, model, firmware, serial, bay)  values (1053,"e79937d9-2eb5-4e25-9a1d-11c0dd958fc4",1053,0,"ST1000NM0011","SN02","SN02",30);
insert into hardware_profile_disk (id, name, size, hardware_profile_id) values (1054,"sdag",3000592982016,29);
insert into hardware_profile_physical_disk (id, uuid, hardware_profile_disk_id, seq, model, firmware, serial, bay)  values (1054,"5ee00a17-4a11-4a12-9528-33c629b00757",1054,0,"ST1000NM0011","SN02","SN02",31);
insert into hardware_profile_disk (id, name, size, hardware_profile_id) values (1055,"sdah",3000592982016,29);
insert into hardware_profile_physical_disk (id, uuid, hardware_profile_disk_id, seq, model, firmware, serial, bay)  values (1055,"eda1d915-5cda-430c-852e-5d3ac2a412d3",1055,0,"ST1000NM0011","SN02","SN02",32);
insert into hardware_profile_disk (id, name, size, hardware_profile_id) values (1056,"sdai",3000592982016,29);
insert into hardware_profile_physical_disk (id, uuid, hardware_profile_disk_id, seq, model, firmware, serial, bay)  values (1056,"f89b9aa0-d9fa-4d06-a51f-b1b1a1706120",1056,0,"ST1000NM0011","SN02","SN02",33);
insert into hardware_profile_disk (id, name, size, hardware_profile_id) values (1057,"sdaj",3000592982016,29);
insert into hardware_profile_physical_disk (id, uuid, hardware_profile_disk_id, seq, model, firmware, serial, bay)  values (1057,"f6adc8ad-12aa-46fd-9f34-e2877d38b94d",1057,0,"ST1000NM0011","SN02","SN02",34);
insert into hardware_profile_disk (id, name, size, hardware_profile_id) values (1058,"sdak",3000592982016,29);
insert into hardware_profile_physical_disk (id, uuid, hardware_profile_disk_id, seq, model, firmware, serial, bay)  values (1058,"eed17f1d-a7ca-4755-94ed-33c818e6cc35",1058,0,"ST1000NM0011","SN02","SN02",35);
update device set hardware_profile_id=29 where id=29;
insert into device(id, creation_date, hostname, uuid, device_type, dsnet_id, site_id, approved_through_date, hardware_profile_id, public_key_fingerprint) values (30,"11/11/2015","Slicestor 1448","a3707696-da13-490d-9597-27fe371c689a","slicestor",1,null,"2015-11-11 11:23:52",null,"b5:a0:d8:4f:f0:bd:1c:bb:d1:09:26:7a:c1:7f:31:19:2b:d2:fa:b30");
insert into hardware_profile (id, creation_date, version, model, model_code, device_id, serial, storage_size, bios_date, bios_version, bmc_firmware, os_drive_name) values (30, 1447187574944,"3.7.0.58","Slicestor 1448","Slicestor 1448",30,"258113122061",104193095770112,"11/11/2015","1.0b-1","3.21 [0x6, 0x0, 0x0, 0x0]","sda");
insert into hardware_profile_disk (id, name, size, hardware_profile_id) values (1059,"sdb",3000592982016,30);
insert into hardware_profile_physical_disk (id, uuid, hardware_profile_disk_id, seq, model, firmware, serial, bay)  values (1059,"e7fd7651-883e-43e0-a645-11822253094a",1059,0,"ST1000NM0011","SN02","SN02",0);
insert into hardware_profile_disk (id, name, size, hardware_profile_id) values (1060,"sdc",3000592982016,30);
insert into hardware_profile_physical_disk (id, uuid, hardware_profile_disk_id, seq, model, firmware, serial, bay)  values (1060,"5b3ff72d-bb8a-43e4-9f75-ddfce565ec28",1060,0,"ST1000NM0011","SN02","SN02",1);
insert into hardware_profile_disk (id, name, size, hardware_profile_id) values (1061,"sdd",3000592982016,30);
insert into hardware_profile_physical_disk (id, uuid, hardware_profile_disk_id, seq, model, firmware, serial, bay)  values (1061,"aea10565-49b6-4738-8027-d7005297555c",1061,0,"ST1000NM0011","SN02","SN02",2);
insert into hardware_profile_disk (id, name, size, hardware_profile_id) values (1062,"sde",3000592982016,30);
insert into hardware_profile_physical_disk (id, uuid, hardware_profile_disk_id, seq, model, firmware, serial, bay)  values (1062,"f0aa08ec-679b-4f77-a93b-91076b6dc37e",1062,0,"ST1000NM0011","SN02","SN02",3);
insert into hardware_profile_disk (id, name, size, hardware_profile_id) values (1063,"sdf",3000592982016,30);
insert into hardware_profile_physical_disk (id, uuid, hardware_profile_disk_id, seq, model, firmware, serial, bay)  values (1063,"0db01aa5-334b-49b9-8e55-574f2d166d0c",1063,0,"ST1000NM0011","SN02","SN02",4);
insert into hardware_profile_disk (id, name, size, hardware_profile_id) values (1064,"sdg",3000592982016,30);
insert into hardware_profile_physical_disk (id, uuid, hardware_profile_disk_id, seq, model, firmware, serial, bay)  values (1064,"6ceecb84-72db-44e7-b2f3-aa5e099de0ef",1064,0,"ST1000NM0011","SN02","SN02",5);
insert into hardware_profile_disk (id, name, size, hardware_profile_id) values (1065,"sdh",3000592982016,30);
insert into hardware_profile_physical_disk (id, uuid, hardware_profile_disk_id, seq, model, firmware, serial, bay)  values (1065,"bba3e9cd-5320-4b1b-872e-58f721672ba3",1065,0,"ST1000NM0011","SN02","SN02",6);
insert into hardware_profile_disk (id, name, size, hardware_profile_id) values (1066,"sdi",3000592982016,30);
insert into hardware_profile_physical_disk (id, uuid, hardware_profile_disk_id, seq, model, firmware, serial, bay)  values (1066,"520927c3-8ed7-4e52-bd96-1c655d54f6bc",1066,0,"ST1000NM0011","SN02","SN02",7);
insert into hardware_profile_disk (id, name, size, hardware_profile_id) values (1067,"sdj",3000592982016,30);
insert into hardware_profile_physical_disk (id, uuid, hardware_profile_disk_id, seq, model, firmware, serial, bay)  values (1067,"76080299-228f-4da5-a824-a08c03cd5eb3",1067,0,"ST1000NM0011","SN02","SN02",8);
insert into hardware_profile_disk (id, name, size, hardware_profile_id) values (1068,"sdk",3000592982016,30);
insert into hardware_profile_physical_disk (id, uuid, hardware_profile_disk_id, seq, model, firmware, serial, bay)  values (1068,"c1bfafa2-630c-4168-b37b-33ede3a15ca2",1068,0,"ST1000NM0011","SN02","SN02",9);
insert into hardware_profile_disk (id, name, size, hardware_profile_id) values (1069,"sdl",3000592982016,30);
insert into hardware_profile_physical_disk (id, uuid, hardware_profile_disk_id, seq, model, firmware, serial, bay)  values (1069,"2829904d-a2da-4339-a1db-c3f05385988c",1069,0,"ST1000NM0011","SN02","SN02",10);
insert into hardware_profile_disk (id, name, size, hardware_profile_id) values (1070,"sdm",3000592982016,30);
insert into hardware_profile_physical_disk (id, uuid, hardware_profile_disk_id, seq, model, firmware, serial, bay)  values (1070,"0af35941-a456-4c01-95e0-9f72beedb5a6",1070,0,"ST1000NM0011","SN02","SN02",11);
insert into hardware_profile_disk (id, name, size, hardware_profile_id) values (1071,"sdn",3000592982016,30);
insert into hardware_profile_physical_disk (id, uuid, hardware_profile_disk_id, seq, model, firmware, serial, bay)  values (1071,"cecca732-ab76-4d1d-8a77-0616e9a2c971",1071,0,"ST1000NM0011","SN02","SN02",12);
insert into hardware_profile_disk (id, name, size, hardware_profile_id) values (1072,"sdo",3000592982016,30);
insert into hardware_profile_physical_disk (id, uuid, hardware_profile_disk_id, seq, model, firmware, serial, bay)  values (1072,"64b1d912-66bd-4900-a9ca-b85dafff0396",1072,0,"ST1000NM0011","SN02","SN02",13);
insert into hardware_profile_disk (id, name, size, hardware_profile_id) values (1073,"sdp",3000592982016,30);
insert into hardware_profile_physical_disk (id, uuid, hardware_profile_disk_id, seq, model, firmware, serial, bay)  values (1073,"f7af1832-5fab-4dff-b71b-37ddea5fd8fd",1073,0,"ST1000NM0011","SN02","SN02",14);
insert into hardware_profile_disk (id, name, size, hardware_profile_id) values (1074,"sdq",3000592982016,30);
insert into hardware_profile_physical_disk (id, uuid, hardware_profile_disk_id, seq, model, firmware, serial, bay)  values (1074,"709d1652-38ff-49ed-857c-d2b135a8dd8d",1074,0,"ST1000NM0011","SN02","SN02",15);
insert into hardware_profile_disk (id, name, size, hardware_profile_id) values (1075,"sdr",3000592982016,30);
insert into hardware_profile_physical_disk (id, uuid, hardware_profile_disk_id, seq, model, firmware, serial, bay)  values (1075,"65a6bd53-c454-4aaa-b183-f93f067e1c06",1075,0,"ST1000NM0011","SN02","SN02",16);
insert into hardware_profile_disk (id, name, size, hardware_profile_id) values (1076,"sds",3000592982016,30);
insert into hardware_profile_physical_disk (id, uuid, hardware_profile_disk_id, seq, model, firmware, serial, bay)  values (1076,"d31965fc-4da8-4c5d-a272-22418cd3f704",1076,0,"ST1000NM0011","SN02","SN02",17);
insert into hardware_profile_disk (id, name, size, hardware_profile_id) values (1077,"sdt",3000592982016,30);
insert into hardware_profile_physical_disk (id, uuid, hardware_profile_disk_id, seq, model, firmware, serial, bay)  values (1077,"882da64a-1cf8-4c55-aa44-225f8d9fd0d0",1077,0,"ST1000NM0011","SN02","SN02",18);
insert into hardware_profile_disk (id, name, size, hardware_profile_id) values (1078,"sdu",3000592982016,30);
insert into hardware_profile_physical_disk (id, uuid, hardware_profile_disk_id, seq, model, firmware, serial, bay)  values (1078,"f0594937-93ee-418b-bb99-2dafd300a15d",1078,0,"ST1000NM0011","SN02","SN02",19);
insert into hardware_profile_disk (id, name, size, hardware_profile_id) values (1079,"sdv",3000592982016,30);
insert into hardware_profile_physical_disk (id, uuid, hardware_profile_disk_id, seq, model, firmware, serial, bay)  values (1079,"a51f2127-842f-40f0-a267-16c81b8f9224",1079,0,"ST1000NM0011","SN02","SN02",20);
insert into hardware_profile_disk (id, name, size, hardware_profile_id) values (1080,"sdw",3000592982016,30);
insert into hardware_profile_physical_disk (id, uuid, hardware_profile_disk_id, seq, model, firmware, serial, bay)  values (1080,"e49577d6-c340-423c-8248-f7f3131046be",1080,0,"ST1000NM0011","SN02","SN02",21);
insert into hardware_profile_disk (id, name, size, hardware_profile_id) values (1081,"sdx",3000592982016,30);
insert into hardware_profile_physical_disk (id, uuid, hardware_profile_disk_id, seq, model, firmware, serial, bay)  values (1081,"21711e5d-2db5-4985-b7ca-6e1fc0722844",1081,0,"ST1000NM0011","SN02","SN02",22);
insert into hardware_profile_disk (id, name, size, hardware_profile_id) values (1082,"sdy",3000592982016,30);
insert into hardware_profile_physical_disk (id, uuid, hardware_profile_disk_id, seq, model, firmware, serial, bay)  values (1082,"43d84809-9012-4c33-baeb-6254d5126605",1082,0,"ST1000NM0011","SN02","SN02",23);
insert into hardware_profile_disk (id, name, size, hardware_profile_id) values (1083,"sdz",3000592982016,30);
insert into hardware_profile_physical_disk (id, uuid, hardware_profile_disk_id, seq, model, firmware, serial, bay)  values (1083,"9a6e4e5d-bc9a-49b9-8ab0-c9acca6e8dd1",1083,0,"ST1000NM0011","SN02","SN02",24);
insert into hardware_profile_disk (id, name, size, hardware_profile_id) values (1084,"sdaa",3000592982016,30);
insert into hardware_profile_physical_disk (id, uuid, hardware_profile_disk_id, seq, model, firmware, serial, bay)  values (1084,"a1c90ab9-b506-4b7f-b2a2-80811ec68654",1084,0,"ST1000NM0011","SN02","SN02",25);
insert into hardware_profile_disk (id, name, size, hardware_profile_id) values (1085,"sdab",3000592982016,30);
insert into hardware_profile_physical_disk (id, uuid, hardware_profile_disk_id, seq, model, firmware, serial, bay)  values (1085,"3a9b6ff1-e573-4574-aeb6-54a66e088938",1085,0,"ST1000NM0011","SN02","SN02",26);
insert into hardware_profile_disk (id, name, size, hardware_profile_id) values (1086,"sdac",3000592982016,30);
insert into hardware_profile_physical_disk (id, uuid, hardware_profile_disk_id, seq, model, firmware, serial, bay)  values (1086,"410240d7-c3e9-4aea-adee-29d5b2ba0299",1086,0,"ST1000NM0011","SN02","SN02",27);
insert into hardware_profile_disk (id, name, size, hardware_profile_id) values (1087,"sdad",3000592982016,30);
insert into hardware_profile_physical_disk (id, uuid, hardware_profile_disk_id, seq, model, firmware, serial, bay)  values (1087,"a12d0edc-cd68-4ed2-8113-a00ed88241ae",1087,0,"ST1000NM0011","SN02","SN02",28);
insert into hardware_profile_disk (id, name, size, hardware_profile_id) values (1088,"sdae",3000592982016,30);
insert into hardware_profile_physical_disk (id, uuid, hardware_profile_disk_id, seq, model, firmware, serial, bay)  values (1088,"3fc68444-85e6-4e17-8c2f-ea4f41d3f516",1088,0,"ST1000NM0011","SN02","SN02",29);
insert into hardware_profile_disk (id, name, size, hardware_profile_id) values (1089,"sdaf",3000592982016,30);
insert into hardware_profile_physical_disk (id, uuid, hardware_profile_disk_id, seq, model, firmware, serial, bay)  values (1089,"a4e90c96-7ced-476c-a84c-b4699bbd548b",1089,0,"ST1000NM0011","SN02","SN02",30);
insert into hardware_profile_disk (id, name, size, hardware_profile_id) values (1090,"sdag",3000592982016,30);
insert into hardware_profile_physical_disk (id, uuid, hardware_profile_disk_id, seq, model, firmware, serial, bay)  values (1090,"fae4615c-39e8-4d30-ad0a-14fe435a2c9a",1090,0,"ST1000NM0011","SN02","SN02",31);
insert into hardware_profile_disk (id, name, size, hardware_profile_id) values (1091,"sdah",3000592982016,30);
insert into hardware_profile_physical_disk (id, uuid, hardware_profile_disk_id, seq, model, firmware, serial, bay)  values (1091,"7354a4d2-2a02-4f83-9bbe-146cc6dc5620",1091,0,"ST1000NM0011","SN02","SN02",32);
insert into hardware_profile_disk (id, name, size, hardware_profile_id) values (1092,"sdai",3000592982016,30);
insert into hardware_profile_physical_disk (id, uuid, hardware_profile_disk_id, seq, model, firmware, serial, bay)  values (1092,"353f2291-4c2e-4e7e-8425-4217b73f3fdc",1092,0,"ST1000NM0011","SN02","SN02",33);
insert into hardware_profile_disk (id, name, size, hardware_profile_id) values (1093,"sdaj",3000592982016,30);
insert into hardware_profile_physical_disk (id, uuid, hardware_profile_disk_id, seq, model, firmware, serial, bay)  values (1093,"18aba0f2-2b77-463c-ac80-f6dfc8c34624",1093,0,"ST1000NM0011","SN02","SN02",34);
insert into hardware_profile_disk (id, name, size, hardware_profile_id) values (1094,"sdak",3000592982016,30);
insert into hardware_profile_physical_disk (id, uuid, hardware_profile_disk_id, seq, model, firmware, serial, bay)  values (1094,"8836d347-5f05-41c9-8602-830b98fb85a8",1094,0,"ST1000NM0011","SN02","SN02",35);
insert into hardware_profile_disk (id, name, size, hardware_profile_id) values (1095,"sdal",3000592982016,30);
insert into hardware_profile_physical_disk (id, uuid, hardware_profile_disk_id, seq, model, firmware, serial, bay)  values (1095,"cf12df83-ab8b-4228-8efc-1cad5ba117ba",1095,0,"ST1000NM0011","SN02","SN02",36);
insert into hardware_profile_disk (id, name, size, hardware_profile_id) values (1096,"sdam",3000592982016,30);
insert into hardware_profile_physical_disk (id, uuid, hardware_profile_disk_id, seq, model, firmware, serial, bay)  values (1096,"579dfcdd-2463-44ee-b7b7-157b2a4a6f68",1096,0,"ST1000NM0011","SN02","SN02",37);
insert into hardware_profile_disk (id, name, size, hardware_profile_id) values (1097,"sdan",3000592982016,30);
insert into hardware_profile_physical_disk (id, uuid, hardware_profile_disk_id, seq, model, firmware, serial, bay)  values (1097,"22e366a2-2c72-4cb2-b1b0-243a6b53b3c1",1097,0,"ST1000NM0011","SN02","SN02",38);
insert into hardware_profile_disk (id, name, size, hardware_profile_id) values (1098,"sdao",3000592982016,30);
insert into hardware_profile_physical_disk (id, uuid, hardware_profile_disk_id, seq, model, firmware, serial, bay)  values (1098,"5574fcb0-b910-411f-950d-bb9debc1d105",1098,0,"ST1000NM0011","SN02","SN02",39);
insert into hardware_profile_disk (id, name, size, hardware_profile_id) values (1099,"sdap",3000592982016,30);
insert into hardware_profile_physical_disk (id, uuid, hardware_profile_disk_id, seq, model, firmware, serial, bay)  values (1099,"78489cab-db74-49da-99fd-020b628b4636",1099,0,"ST1000NM0011","SN02","SN02",40);
insert into hardware_profile_disk (id, name, size, hardware_profile_id) values (1100,"sdaq",3000592982016,30);
insert into hardware_profile_physical_disk (id, uuid, hardware_profile_disk_id, seq, model, firmware, serial, bay)  values (1100,"db7ab230-c72d-4b9e-9d90-017acfc3a177",1100,0,"ST1000NM0011","SN02","SN02",41);
insert into hardware_profile_disk (id, name, size, hardware_profile_id) values (1101,"sdar",3000592982016,30);
insert into hardware_profile_physical_disk (id, uuid, hardware_profile_disk_id, seq, model, firmware, serial, bay)  values (1101,"80b7bf34-eba2-44ac-8f14-7ef5ce5f9cb5",1101,0,"ST1000NM0011","SN02","SN02",42);
insert into hardware_profile_disk (id, name, size, hardware_profile_id) values (1102,"sdas",3000592982016,30);
insert into hardware_profile_physical_disk (id, uuid, hardware_profile_disk_id, seq, model, firmware, serial, bay)  values (1102,"972fa275-09cd-45da-a160-d81b8e2edc96",1102,0,"ST1000NM0011","SN02","SN02",43);
insert into hardware_profile_disk (id, name, size, hardware_profile_id) values (1103,"sdat",3000592982016,30);
insert into hardware_profile_physical_disk (id, uuid, hardware_profile_disk_id, seq, model, firmware, serial, bay)  values (1103,"20e025de-dc65-4e32-bdf1-ede5cf0ce6a8",1103,0,"ST1000NM0011","SN02","SN02",44);
insert into hardware_profile_disk (id, name, size, hardware_profile_id) values (1104,"sdau",3000592982016,30);
insert into hardware_profile_physical_disk (id, uuid, hardware_profile_disk_id, seq, model, firmware, serial, bay)  values (1104,"b38b3675-45ca-46fe-bda1-ba210c85da5e",1104,0,"ST1000NM0011","SN02","SN02",45);
insert into hardware_profile_disk (id, name, size, hardware_profile_id) values (1105,"sdav",3000592982016,30);
insert into hardware_profile_physical_disk (id, uuid, hardware_profile_disk_id, seq, model, firmware, serial, bay)  values (1105,"a60a5b19-ccab-4ccb-aec9-bfcb70e8aab9",1105,0,"ST1000NM0011","SN02","SN02",46);
insert into hardware_profile_disk (id, name, size, hardware_profile_id) values (1106,"sdaw",3000592982016,30);
insert into hardware_profile_physical_disk (id, uuid, hardware_profile_disk_id, seq, model, firmware, serial, bay)  values (1106,"210b9bbb-91f8-49fe-9198-eed01920396e",1106,0,"ST1000NM0011","SN02","SN02",47);
update device set hardware_profile_id=30 where id=30;
insert into device(id, creation_date, hostname, uuid, device_type, dsnet_id, site_id, approved_through_date, hardware_profile_id, public_key_fingerprint) values (31,"11/11/2015","Slicestor 2448","2f922aee-e216-4e88-b66b-47a3e4e51c2b","slicestor",1,null,"2015-11-11 11:23:52",null,"b5:a0:d8:4f:f0:bd:1c:bb:d1:09:26:7a:c1:7f:31:19:2b:d2:fa:b31");
insert into hardware_profile (id, creation_date, version, model, model_code, device_id, serial, storage_size, bios_date, bios_version, bmc_firmware, os_drive_name) values (31, 1447187574944,"3.7.0.58","Slicestor 2448","Slicestor 2448",31,"258113122061",104193095770112,"11/11/2015","1.0b-1","3.21 [0x6, 0x0, 0x0, 0x0]","sda");
insert into hardware_profile_disk (id, name, size, hardware_profile_id) values (1107,"sdb",3000592982016,31);
insert into hardware_profile_physical_disk (id, uuid, hardware_profile_disk_id, seq, model, firmware, serial, bay)  values (1107,"e21affcf-dcd7-45b0-9eb5-1b33534cf989",1107,0,"ST1000NM0011","SN02","SN02",0);
insert into hardware_profile_disk (id, name, size, hardware_profile_id) values (1108,"sdc",3000592982016,31);
insert into hardware_profile_physical_disk (id, uuid, hardware_profile_disk_id, seq, model, firmware, serial, bay)  values (1108,"5de66670-6cb3-42fc-8972-c3ee8343a19d",1108,0,"ST1000NM0011","SN02","SN02",1);
insert into hardware_profile_disk (id, name, size, hardware_profile_id) values (1109,"sdd",3000592982016,31);
insert into hardware_profile_physical_disk (id, uuid, hardware_profile_disk_id, seq, model, firmware, serial, bay)  values (1109,"9a189e08-eaa8-436f-9b5e-25517ea34a32",1109,0,"ST1000NM0011","SN02","SN02",2);
insert into hardware_profile_disk (id, name, size, hardware_profile_id) values (1110,"sde",3000592982016,31);
insert into hardware_profile_physical_disk (id, uuid, hardware_profile_disk_id, seq, model, firmware, serial, bay)  values (1110,"299c4a85-0c36-48e1-8ad7-983ffb8d2f9d",1110,0,"ST1000NM0011","SN02","SN02",3);
insert into hardware_profile_disk (id, name, size, hardware_profile_id) values (1111,"sdf",3000592982016,31);
insert into hardware_profile_physical_disk (id, uuid, hardware_profile_disk_id, seq, model, firmware, serial, bay)  values (1111,"e71b32f7-cbad-4efa-832c-d50e75f74bff",1111,0,"ST1000NM0011","SN02","SN02",4);
insert into hardware_profile_disk (id, name, size, hardware_profile_id) values (1112,"sdg",3000592982016,31);
insert into hardware_profile_physical_disk (id, uuid, hardware_profile_disk_id, seq, model, firmware, serial, bay)  values (1112,"1deb8349-e95a-46a1-89cf-0efb68453870",1112,0,"ST1000NM0011","SN02","SN02",5);
insert into hardware_profile_disk (id, name, size, hardware_profile_id) values (1113,"sdh",3000592982016,31);
insert into hardware_profile_physical_disk (id, uuid, hardware_profile_disk_id, seq, model, firmware, serial, bay)  values (1113,"218402bf-0961-4e52-8ae6-53cc96b848b6",1113,0,"ST1000NM0011","SN02","SN02",6);
insert into hardware_profile_disk (id, name, size, hardware_profile_id) values (1114,"sdi",3000592982016,31);
insert into hardware_profile_physical_disk (id, uuid, hardware_profile_disk_id, seq, model, firmware, serial, bay)  values (1114,"68509d86-4bd6-4be1-bab6-53d7f3090fa0",1114,0,"ST1000NM0011","SN02","SN02",7);
insert into hardware_profile_disk (id, name, size, hardware_profile_id) values (1115,"sdj",3000592982016,31);
insert into hardware_profile_physical_disk (id, uuid, hardware_profile_disk_id, seq, model, firmware, serial, bay)  values (1115,"d5ebdfab-621d-492e-a669-580d608fa253",1115,0,"ST1000NM0011","SN02","SN02",8);
insert into hardware_profile_disk (id, name, size, hardware_profile_id) values (1116,"sdk",3000592982016,31);
insert into hardware_profile_physical_disk (id, uuid, hardware_profile_disk_id, seq, model, firmware, serial, bay)  values (1116,"67832057-4ec7-446c-8f41-9598cb771e73",1116,0,"ST1000NM0011","SN02","SN02",9);
insert into hardware_profile_disk (id, name, size, hardware_profile_id) values (1117,"sdl",3000592982016,31);
insert into hardware_profile_physical_disk (id, uuid, hardware_profile_disk_id, seq, model, firmware, serial, bay)  values (1117,"5617a5c5-6d32-496f-bdce-be7bfaf6b89a",1117,0,"ST1000NM0011","SN02","SN02",10);
insert into hardware_profile_disk (id, name, size, hardware_profile_id) values (1118,"sdm",3000592982016,31);
insert into hardware_profile_physical_disk (id, uuid, hardware_profile_disk_id, seq, model, firmware, serial, bay)  values (1118,"a12453a6-65ec-4c8d-afa8-7e48006bb82e",1118,0,"ST1000NM0011","SN02","SN02",11);
insert into hardware_profile_disk (id, name, size, hardware_profile_id) values (1119,"sdn",3000592982016,31);
insert into hardware_profile_physical_disk (id, uuid, hardware_profile_disk_id, seq, model, firmware, serial, bay)  values (1119,"90f1cb6b-43e5-4485-9d2f-5b07a6caf937",1119,0,"ST1000NM0011","SN02","SN02",12);
insert into hardware_profile_disk (id, name, size, hardware_profile_id) values (1120,"sdo",3000592982016,31);
insert into hardware_profile_physical_disk (id, uuid, hardware_profile_disk_id, seq, model, firmware, serial, bay)  values (1120,"cb66b0cb-6351-4fd0-aeaf-fe58cff2a337",1120,0,"ST1000NM0011","SN02","SN02",13);
insert into hardware_profile_disk (id, name, size, hardware_profile_id) values (1121,"sdp",3000592982016,31);
insert into hardware_profile_physical_disk (id, uuid, hardware_profile_disk_id, seq, model, firmware, serial, bay)  values (1121,"b1e43f3c-b86e-40df-b1af-a6fbbab2e303",1121,0,"ST1000NM0011","SN02","SN02",14);
insert into hardware_profile_disk (id, name, size, hardware_profile_id) values (1122,"sdq",3000592982016,31);
insert into hardware_profile_physical_disk (id, uuid, hardware_profile_disk_id, seq, model, firmware, serial, bay)  values (1122,"5d022e83-5179-4660-b3dd-48acade400d5",1122,0,"ST1000NM0011","SN02","SN02",15);
insert into hardware_profile_disk (id, name, size, hardware_profile_id) values (1123,"sdr",3000592982016,31);
insert into hardware_profile_physical_disk (id, uuid, hardware_profile_disk_id, seq, model, firmware, serial, bay)  values (1123,"5e235dac-a36b-47fd-ab53-bddab4e2e16a",1123,0,"ST1000NM0011","SN02","SN02",16);
insert into hardware_profile_disk (id, name, size, hardware_profile_id) values (1124,"sds",3000592982016,31);
insert into hardware_profile_physical_disk (id, uuid, hardware_profile_disk_id, seq, model, firmware, serial, bay)  values (1124,"f6fd2574-08af-4fb3-897a-ff19f2e5bf24",1124,0,"ST1000NM0011","SN02","SN02",17);
insert into hardware_profile_disk (id, name, size, hardware_profile_id) values (1125,"sdt",3000592982016,31);
insert into hardware_profile_physical_disk (id, uuid, hardware_profile_disk_id, seq, model, firmware, serial, bay)  values (1125,"286db079-360c-4eee-be7f-edd62da702f5",1125,0,"ST1000NM0011","SN02","SN02",18);
insert into hardware_profile_disk (id, name, size, hardware_profile_id) values (1126,"sdu",3000592982016,31);
insert into hardware_profile_physical_disk (id, uuid, hardware_profile_disk_id, seq, model, firmware, serial, bay)  values (1126,"d1208965-5eb4-4abd-8b52-dd56b01321e9",1126,0,"ST1000NM0011","SN02","SN02",19);
insert into hardware_profile_disk (id, name, size, hardware_profile_id) values (1127,"sdv",3000592982016,31);
insert into hardware_profile_physical_disk (id, uuid, hardware_profile_disk_id, seq, model, firmware, serial, bay)  values (1127,"85733c6d-cfac-45c9-8e26-60a058565254",1127,0,"ST1000NM0011","SN02","SN02",20);
insert into hardware_profile_disk (id, name, size, hardware_profile_id) values (1128,"sdw",3000592982016,31);
insert into hardware_profile_physical_disk (id, uuid, hardware_profile_disk_id, seq, model, firmware, serial, bay)  values (1128,"355495f5-c591-488b-be3f-21a9d3b2dd2f",1128,0,"ST1000NM0011","SN02","SN02",21);
insert into hardware_profile_disk (id, name, size, hardware_profile_id) values (1129,"sdx",3000592982016,31);
insert into hardware_profile_physical_disk (id, uuid, hardware_profile_disk_id, seq, model, firmware, serial, bay)  values (1129,"c1636ec4-a60e-4fae-bd7c-6ccb3e6759b9",1129,0,"ST1000NM0011","SN02","SN02",22);
insert into hardware_profile_disk (id, name, size, hardware_profile_id) values (1130,"sdy",3000592982016,31);
insert into hardware_profile_physical_disk (id, uuid, hardware_profile_disk_id, seq, model, firmware, serial, bay)  values (1130,"b1fbfff8-9628-46ac-9b82-60e362b23554",1130,0,"ST1000NM0011","SN02","SN02",23);
insert into hardware_profile_disk (id, name, size, hardware_profile_id) values (1131,"sdz",3000592982016,31);
insert into hardware_profile_physical_disk (id, uuid, hardware_profile_disk_id, seq, model, firmware, serial, bay)  values (1131,"f9c45ba2-cd8d-4e27-8763-e44dc54e5682",1131,0,"ST1000NM0011","SN02","SN02",24);
insert into hardware_profile_disk (id, name, size, hardware_profile_id) values (1132,"sdaa",3000592982016,31);
insert into hardware_profile_physical_disk (id, uuid, hardware_profile_disk_id, seq, model, firmware, serial, bay)  values (1132,"c4a87dfb-e2c5-4b8b-9133-9b16c825505c",1132,0,"ST1000NM0011","SN02","SN02",25);
insert into hardware_profile_disk (id, name, size, hardware_profile_id) values (1133,"sdab",3000592982016,31);
insert into hardware_profile_physical_disk (id, uuid, hardware_profile_disk_id, seq, model, firmware, serial, bay)  values (1133,"f0312bf0-6c62-4cdf-99be-a07d2bd6ad74",1133,0,"ST1000NM0011","SN02","SN02",26);
insert into hardware_profile_disk (id, name, size, hardware_profile_id) values (1134,"sdac",3000592982016,31);
insert into hardware_profile_physical_disk (id, uuid, hardware_profile_disk_id, seq, model, firmware, serial, bay)  values (1134,"1810ad84-2746-4492-918f-cc6d50e75a81",1134,0,"ST1000NM0011","SN02","SN02",27);
insert into hardware_profile_disk (id, name, size, hardware_profile_id) values (1135,"sdad",3000592982016,31);
insert into hardware_profile_physical_disk (id, uuid, hardware_profile_disk_id, seq, model, firmware, serial, bay)  values (1135,"cf0c7e97-a065-4837-9171-20ab86a17771",1135,0,"ST1000NM0011","SN02","SN02",28);
insert into hardware_profile_disk (id, name, size, hardware_profile_id) values (1136,"sdae",3000592982016,31);
insert into hardware_profile_physical_disk (id, uuid, hardware_profile_disk_id, seq, model, firmware, serial, bay)  values (1136,"3c44e830-a3e8-443f-9758-997f53737a98",1136,0,"ST1000NM0011","SN02","SN02",29);
insert into hardware_profile_disk (id, name, size, hardware_profile_id) values (1137,"sdaf",3000592982016,31);
insert into hardware_profile_physical_disk (id, uuid, hardware_profile_disk_id, seq, model, firmware, serial, bay)  values (1137,"b713ea43-dc69-4003-a649-998b11f03f30",1137,0,"ST1000NM0011","SN02","SN02",30);
insert into hardware_profile_disk (id, name, size, hardware_profile_id) values (1138,"sdag",3000592982016,31);
insert into hardware_profile_physical_disk (id, uuid, hardware_profile_disk_id, seq, model, firmware, serial, bay)  values (1138,"2bdc2cb9-83fe-458b-9d05-a09cdde593b8",1138,0,"ST1000NM0011","SN02","SN02",31);
insert into hardware_profile_disk (id, name, size, hardware_profile_id) values (1139,"sdah",3000592982016,31);
insert into hardware_profile_physical_disk (id, uuid, hardware_profile_disk_id, seq, model, firmware, serial, bay)  values (1139,"ba6f0919-0bba-4c77-836a-b527a2b3dd0a",1139,0,"ST1000NM0011","SN02","SN02",32);
insert into hardware_profile_disk (id, name, size, hardware_profile_id) values (1140,"sdai",3000592982016,31);
insert into hardware_profile_physical_disk (id, uuid, hardware_profile_disk_id, seq, model, firmware, serial, bay)  values (1140,"370ea171-c227-44f2-9ad8-12e753dfd336",1140,0,"ST1000NM0011","SN02","SN02",33);
insert into hardware_profile_disk (id, name, size, hardware_profile_id) values (1141,"sdaj",3000592982016,31);
insert into hardware_profile_physical_disk (id, uuid, hardware_profile_disk_id, seq, model, firmware, serial, bay)  values (1141,"08c2a117-26ac-465a-896b-97b7eb78efc6",1141,0,"ST1000NM0011","SN02","SN02",34);
insert into hardware_profile_disk (id, name, size, hardware_profile_id) values (1142,"sdak",3000592982016,31);
insert into hardware_profile_physical_disk (id, uuid, hardware_profile_disk_id, seq, model, firmware, serial, bay)  values (1142,"31bd169f-4f76-49f6-84d0-5b8579c4c3e1",1142,0,"ST1000NM0011","SN02","SN02",35);
insert into hardware_profile_disk (id, name, size, hardware_profile_id) values (1143,"sdal",3000592982016,31);
insert into hardware_profile_physical_disk (id, uuid, hardware_profile_disk_id, seq, model, firmware, serial, bay)  values (1143,"fd7b86f7-7a54-4040-9574-f3f2cfd9a39b",1143,0,"ST1000NM0011","SN02","SN02",36);
insert into hardware_profile_disk (id, name, size, hardware_profile_id) values (1144,"sdam",3000592982016,31);
insert into hardware_profile_physical_disk (id, uuid, hardware_profile_disk_id, seq, model, firmware, serial, bay)  values (1144,"de808400-4098-4289-95d7-4b06207f51ba",1144,0,"ST1000NM0011","SN02","SN02",37);
insert into hardware_profile_disk (id, name, size, hardware_profile_id) values (1145,"sdan",3000592982016,31);
insert into hardware_profile_physical_disk (id, uuid, hardware_profile_disk_id, seq, model, firmware, serial, bay)  values (1145,"be6a9d41-91e8-4915-8b20-b28bcb2abe79",1145,0,"ST1000NM0011","SN02","SN02",38);
insert into hardware_profile_disk (id, name, size, hardware_profile_id) values (1146,"sdao",3000592982016,31);
insert into hardware_profile_physical_disk (id, uuid, hardware_profile_disk_id, seq, model, firmware, serial, bay)  values (1146,"1d0fea8e-eeaf-4347-a043-c3e3be3043de",1146,0,"ST1000NM0011","SN02","SN02",39);
insert into hardware_profile_disk (id, name, size, hardware_profile_id) values (1147,"sdap",3000592982016,31);
insert into hardware_profile_physical_disk (id, uuid, hardware_profile_disk_id, seq, model, firmware, serial, bay)  values (1147,"a58360dd-ea47-4770-88d5-225f2ae4587a",1147,0,"ST1000NM0011","SN02","SN02",40);
insert into hardware_profile_disk (id, name, size, hardware_profile_id) values (1148,"sdaq",3000592982016,31);
insert into hardware_profile_physical_disk (id, uuid, hardware_profile_disk_id, seq, model, firmware, serial, bay)  values (1148,"39285b7c-1459-4155-9e44-7741175a8307",1148,0,"ST1000NM0011","SN02","SN02",41);
insert into hardware_profile_disk (id, name, size, hardware_profile_id) values (1149,"sdar",3000592982016,31);
insert into hardware_profile_physical_disk (id, uuid, hardware_profile_disk_id, seq, model, firmware, serial, bay)  values (1149,"a1405c6c-846f-4d63-b8a7-216fb806b57a",1149,0,"ST1000NM0011","SN02","SN02",42);
insert into hardware_profile_disk (id, name, size, hardware_profile_id) values (1150,"sdas",3000592982016,31);
insert into hardware_profile_physical_disk (id, uuid, hardware_profile_disk_id, seq, model, firmware, serial, bay)  values (1150,"b4bb0178-506d-45f7-9926-148851bb6065",1150,0,"ST1000NM0011","SN02","SN02",43);
insert into hardware_profile_disk (id, name, size, hardware_profile_id) values (1151,"sdat",3000592982016,31);
insert into hardware_profile_physical_disk (id, uuid, hardware_profile_disk_id, seq, model, firmware, serial, bay)  values (1151,"4ec85254-bdd5-4963-b869-77bbdfb7b010",1151,0,"ST1000NM0011","SN02","SN02",44);
insert into hardware_profile_disk (id, name, size, hardware_profile_id) values (1152,"sdau",3000592982016,31);
insert into hardware_profile_physical_disk (id, uuid, hardware_profile_disk_id, seq, model, firmware, serial, bay)  values (1152,"4a2768e3-dbc1-4bfe-8c76-648e78e496f8",1152,0,"ST1000NM0011","SN02","SN02",45);
insert into hardware_profile_disk (id, name, size, hardware_profile_id) values (1153,"sdav",3000592982016,31);
insert into hardware_profile_physical_disk (id, uuid, hardware_profile_disk_id, seq, model, firmware, serial, bay)  values (1153,"d1f0bc48-7f9f-4525-aa9f-12f0c2cc578b",1153,0,"ST1000NM0011","SN02","SN02",46);
insert into hardware_profile_disk (id, name, size, hardware_profile_id) values (1154,"sdaw",3000592982016,31);
insert into hardware_profile_physical_disk (id, uuid, hardware_profile_disk_id, seq, model, firmware, serial, bay)  values (1154,"58c3a55f-f7a5-4600-8315-e3c81a2c4746",1154,0,"ST1000NM0011","SN02","SN02",47);
update device set hardware_profile_id=31 where id=31;
insert into device(id, creation_date, hostname, uuid, device_type, dsnet_id, site_id, approved_through_date, hardware_profile_id, public_key_fingerprint) values (32,"11/11/2015","HP XL420 Gen9 Server","1e413fc5-9435-449c-ac60-8bd1c4e54da2","slicestor",1,null,"2015-11-11 11:23:52",null,"b5:a0:d8:4f:f0:bd:1c:bb:d1:09:26:7a:c1:7f:31:19:2b:d2:fa:b32");
insert into hardware_profile (id, creation_date, version, model, model_code, device_id, serial, storage_size, bios_date, bios_version, bmc_firmware, os_drive_name) values (32, 1447187574944,"3.7.0.58","HP XL420 Gen9 Server","HP ProLiant XL420 Gen9 Server",32,"258113122061",104193095770112,"11/11/2015","1.0b-1","3.21 [0x6, 0x0, 0x0, 0x0]","sda");
insert into hardware_profile_disk (id, name, size, hardware_profile_id) values (1155,"sdb",3000592982016,32);
insert into hardware_profile_physical_disk (id, uuid, hardware_profile_disk_id, seq, model, firmware, serial, bay)  values (1155,"71f07083-b54c-49a4-9ff9-e5a04dfc9ac6",1155,0,"ST1000NM0011","SN02","SN02",0);
insert into hardware_profile_disk (id, name, size, hardware_profile_id) values (1156,"sdc",3000592982016,32);
insert into hardware_profile_physical_disk (id, uuid, hardware_profile_disk_id, seq, model, firmware, serial, bay)  values (1156,"c85ebd05-dc7f-4e48-a1c8-ebdbb9d5f51b",1156,0,"ST1000NM0011","SN02","SN02",1);
insert into hardware_profile_disk (id, name, size, hardware_profile_id) values (1157,"sdd",3000592982016,32);
insert into hardware_profile_physical_disk (id, uuid, hardware_profile_disk_id, seq, model, firmware, serial, bay)  values (1157,"3f98b33f-76e8-4ad8-b5c3-07f0a444b1c4",1157,0,"ST1000NM0011","SN02","SN02",2);
insert into hardware_profile_disk (id, name, size, hardware_profile_id) values (1158,"sde",3000592982016,32);
insert into hardware_profile_physical_disk (id, uuid, hardware_profile_disk_id, seq, model, firmware, serial, bay)  values (1158,"073f2cc8-4511-475c-8010-a30a9c5f7fd6",1158,0,"ST1000NM0011","SN02","SN02",3);
insert into hardware_profile_disk (id, name, size, hardware_profile_id) values (1159,"sdf",3000592982016,32);
insert into hardware_profile_physical_disk (id, uuid, hardware_profile_disk_id, seq, model, firmware, serial, bay)  values (1159,"2ebe568b-e624-4472-bffa-9fa249c61442",1159,0,"ST1000NM0011","SN02","SN02",4);
insert into hardware_profile_disk (id, name, size, hardware_profile_id) values (1160,"sdg",3000592982016,32);
insert into hardware_profile_physical_disk (id, uuid, hardware_profile_disk_id, seq, model, firmware, serial, bay)  values (1160,"8e022cf4-5672-42d9-a585-63b73ad03b3f",1160,0,"ST1000NM0011","SN02","SN02",5);
insert into hardware_profile_disk (id, name, size, hardware_profile_id) values (1161,"sdh",3000592982016,32);
insert into hardware_profile_physical_disk (id, uuid, hardware_profile_disk_id, seq, model, firmware, serial, bay)  values (1161,"f4690b2c-54a7-476c-b0e9-3a746e71e0b7",1161,0,"ST1000NM0011","SN02","SN02",6);
insert into hardware_profile_disk (id, name, size, hardware_profile_id) values (1162,"sdi",3000592982016,32);
insert into hardware_profile_physical_disk (id, uuid, hardware_profile_disk_id, seq, model, firmware, serial, bay)  values (1162,"ed3130e1-efc8-404c-9e01-6ee61e7c605d",1162,0,"ST1000NM0011","SN02","SN02",7);
insert into hardware_profile_disk (id, name, size, hardware_profile_id) values (1163,"sdj",3000592982016,32);
insert into hardware_profile_physical_disk (id, uuid, hardware_profile_disk_id, seq, model, firmware, serial, bay)  values (1163,"364c2945-2560-4309-9b74-148fa2bc7691",1163,0,"ST1000NM0011","SN02","SN02",8);
insert into hardware_profile_disk (id, name, size, hardware_profile_id) values (1164,"sdk",3000592982016,32);
insert into hardware_profile_physical_disk (id, uuid, hardware_profile_disk_id, seq, model, firmware, serial, bay)  values (1164,"0106aee2-d534-485a-8015-3d5a6ba2574e",1164,0,"ST1000NM0011","SN02","SN02",9);
insert into hardware_profile_disk (id, name, size, hardware_profile_id) values (1165,"sdl",3000592982016,32);
insert into hardware_profile_physical_disk (id, uuid, hardware_profile_disk_id, seq, model, firmware, serial, bay)  values (1165,"a0fe8553-d3fb-4eda-bd35-e91fee535702",1165,0,"ST1000NM0011","SN02","SN02",10);
insert into hardware_profile_disk (id, name, size, hardware_profile_id) values (1166,"sdm",3000592982016,32);
insert into hardware_profile_physical_disk (id, uuid, hardware_profile_disk_id, seq, model, firmware, serial, bay)  values (1166,"9af6ca92-3133-4dae-bfac-cf588b2c0458",1166,0,"ST1000NM0011","SN02","SN02",11);
insert into hardware_profile_disk (id, name, size, hardware_profile_id) values (1167,"sdn",3000592982016,32);
insert into hardware_profile_physical_disk (id, uuid, hardware_profile_disk_id, seq, model, firmware, serial, bay)  values (1167,"5317f8ce-9898-4eed-b4fe-03aa0da36606",1167,0,"ST1000NM0011","SN02","SN02",12);
insert into hardware_profile_disk (id, name, size, hardware_profile_id) values (1168,"sdo",3000592982016,32);
insert into hardware_profile_physical_disk (id, uuid, hardware_profile_disk_id, seq, model, firmware, serial, bay)  values (1168,"ef7263ac-e0ee-4d86-8823-794ec5a3d183",1168,0,"ST1000NM0011","SN02","SN02",13);
insert into hardware_profile_disk (id, name, size, hardware_profile_id) values (1169,"sdp",3000592982016,32);
insert into hardware_profile_physical_disk (id, uuid, hardware_profile_disk_id, seq, model, firmware, serial, bay)  values (1169,"b888a226-2492-4856-91f6-2f1f1935b7d9",1169,0,"ST1000NM0011","SN02","SN02",14);
insert into hardware_profile_disk (id, name, size, hardware_profile_id) values (1170,"sdq",3000592982016,32);
insert into hardware_profile_physical_disk (id, uuid, hardware_profile_disk_id, seq, model, firmware, serial, bay)  values (1170,"36a652b0-3580-4587-95c5-68c22f584417",1170,0,"ST1000NM0011","SN02","SN02",15);
insert into hardware_profile_disk (id, name, size, hardware_profile_id) values (1171,"sdr",3000592982016,32);
insert into hardware_profile_physical_disk (id, uuid, hardware_profile_disk_id, seq, model, firmware, serial, bay)  values (1171,"11a4efcb-2f97-4923-bce3-307c44efcaea",1171,0,"ST1000NM0011","SN02","SN02",16);
insert into hardware_profile_disk (id, name, size, hardware_profile_id) values (1172,"sds",3000592982016,32);
insert into hardware_profile_physical_disk (id, uuid, hardware_profile_disk_id, seq, model, firmware, serial, bay)  values (1172,"c1b55444-3a9c-4541-93b8-fceb3d0f3a27",1172,0,"ST1000NM0011","SN02","SN02",17);
insert into hardware_profile_disk (id, name, size, hardware_profile_id) values (1173,"sdt",3000592982016,32);
insert into hardware_profile_physical_disk (id, uuid, hardware_profile_disk_id, seq, model, firmware, serial, bay)  values (1173,"443aba69-73a2-4f70-9572-271a0cc63f14",1173,0,"ST1000NM0011","SN02","SN02",18);
insert into hardware_profile_disk (id, name, size, hardware_profile_id) values (1174,"sdu",3000592982016,32);
insert into hardware_profile_physical_disk (id, uuid, hardware_profile_disk_id, seq, model, firmware, serial, bay)  values (1174,"6afd32b0-f020-4444-9b15-ba328bc6f7e9",1174,0,"ST1000NM0011","SN02","SN02",19);
insert into hardware_profile_disk (id, name, size, hardware_profile_id) values (1175,"sdv",3000592982016,32);
insert into hardware_profile_physical_disk (id, uuid, hardware_profile_disk_id, seq, model, firmware, serial, bay)  values (1175,"e9d3a56c-a930-4944-9637-fd3e96bd967e",1175,0,"ST1000NM0011","SN02","SN02",20);
insert into hardware_profile_disk (id, name, size, hardware_profile_id) values (1176,"sdw",3000592982016,32);
insert into hardware_profile_physical_disk (id, uuid, hardware_profile_disk_id, seq, model, firmware, serial, bay)  values (1176,"fb893fd2-7aea-4900-b36b-3aae1b199183",1176,0,"ST1000NM0011","SN02","SN02",21);
insert into hardware_profile_disk (id, name, size, hardware_profile_id) values (1177,"sdx",3000592982016,32);
insert into hardware_profile_physical_disk (id, uuid, hardware_profile_disk_id, seq, model, firmware, serial, bay)  values (1177,"88bae5d2-9869-44b0-a5ab-5d26675c1d67",1177,0,"ST1000NM0011","SN02","SN02",22);
insert into hardware_profile_disk (id, name, size, hardware_profile_id) values (1178,"sdy",3000592982016,32);
insert into hardware_profile_physical_disk (id, uuid, hardware_profile_disk_id, seq, model, firmware, serial, bay)  values (1178,"1f164902-9718-47b3-86f3-bbdf6722a2cf",1178,0,"ST1000NM0011","SN02","SN02",23);
update device set hardware_profile_id=32 where id=32;
